1over,2over,3over,4over,5over,6over,7over,8over,9over,10over,11over,12over,13over,14over,15over,16over,17over,18over,19over,20over,21over,22over,23over,24over,25over,26over,27over,28over,29over,30over,31over,32over,33over,34over,35over,36over,37over,38over,39over,40over,result,year
0/0,1/0,4/2,4/4,9/5,9/5,10/6,11/7,12/7,14/7,19/7,23/7,30/7,43/7,45/7,52/7,52/8,58/8,59/8,64/9,3/0,26/0,42/0,52/0,61/0,65/0,65/0,65/0,65/0,65/0,65/0,65/0,65/0,65/0,65/0,65/0,65/0,65/0,65/0,65/0,chased,2026
0/0,1/0,6/0,18/0,24/0,26/0,26/0,29/1,30/1,38/1,40/1,47/2,52/2,62/3,75/3,83/3,91/3,98/3,104/4,110/5,17/0,23/0,29/0,36/0,38/0,39/0,46/0,48/0,61/0,64/0,66/0,69/1,75/3,85/3,88/3,92/4,101/5,111/5,111/5,111/5,chased,2026
0/0,4/1,8/2,15/2,24/2,35/2,37/3,40/3,45/3,46/3,55/3,64/3,68/3,75/3,83/3,86/5,96/6,103/6,104/8,107/8,6/0,12/0,16/1,25/1,31/1,44/1,53/1,58/1,69/1,71/2,80/2,81/2,91/3,102/3,110/3,110/3,110/3,110/3,110/3,110/3,chased,2026
0/0,12/0,28/0,33/0,45/1,56/1,57/2,63/2,78/2,86/2,88/2,104/2,115/2,123/2,134/2,148/3,155/4,164/4,173/4,176/6,10/0,25/0,37/0,43/0,45/1,54/1,63/1,68/1,75/1,80/1,87/1,95/2,102/2,111/2,124/2,136/2,154/2,169/2,176/3,177/3,chased,2026
0/0,2/0,5/0,6/1,11/2,16/3,16/5,20/7,24/9,28/9,37/9,37/10,37/10,37/10,37/10,37/10,37/10,37/10,37/10,37/10,3/1,7/1,8/3,11/4,13/4,16/4,18/5,29/6,35/7,38/7,38/7,38/7,38/7,38/7,38/7,38/7,38/7,38/7,38/7,38/7,chased,2026
0/0,6/0,10/0,17/0,28/0,40/0,44/1,45/1,48/1,54/1,58/1,62/1,64/1,66/1,73/2,82/3,98/3,106/4,116/4,132/4,1/0,3/0,15/0,17/1,20/2,22/2,24/2,26/2,29/2,35/2,39/2,41/2,42/3,45/4,45/7,48/8,49/10,49/10,49/10,49/10,defend,2026
0/0,0/0,3/0,14/0,17/1,27/1,29/1,33/1,38/1,45/1,52/1,58/1,69/1,74/1,78/1,90/1,96/1,103/1,121/1,134/2,2/1,2/1,3/1,3/2,5/2,9/3,10/3,12/4,16/4,23/6,26/7,29/7,31/7,36/7,40/8,43/8,46/10,46/10,46/10,46/10,defend,2026
0/0,6/0,15/0,15/1,22/2,28/2,34/3,40/4,42/5,42/5,49/5,54/6,56/7,57/9,60/9,66/9,67/10,67/10,67/10,67/10,1/1,4/2,9/2,10/2,13/2,23/2,29/2,38/2,41/3,43/4,46/5,55/6,59/6,60/7,61/7,61/8,67/8,71/8,71/8,71/8,chased,2026
0/0,1/0,6/1,10/1,19/1,21/1,24/2,30/2,33/2,33/2,39/2,41/2,45/2,49/2,57/2,64/2,73/2,87/2,95/3,103/6,10/0,16/0,24/0,35/0,43/0,46/1,49/1,63/1,69/1,76/1,86/1,91/2,96/2,104/2,104/2,104/2,104/2,104/2,104/2,104/2,chased,2026
0/0,0/1,6/1,10/1,11/1,21/1,25/1,30/1,35/1,41/2,44/4,47/4,52/5,59/5,64/6,71/6,71/6,71/6,71/6,71/6,9/0,10/1,16/1,20/1,23/2,26/2,31/2,36/2,39/3,43/3,49/5,56/6,57/7,57/8,62/9,70/9,70/9,70/9,70/9,70/9,defend,2025
0/0,2/1,6/1,8/1,17/1,19/2,22/2,26/3,28/3,32/3,35/4,47/4,58/4,60/4,62/5,69/6,72/7,75/10,75/10,75/10,7/1,18/2,25/2,37/2,47/3,55/3,62/3,67/3,76/4,76/4,76/4,76/4,76/4,76/4,76/4,76/4,76/4,76/4,76/4,76/4,chased,2025
0/0,6/0,8/1,12/1,19/1,23/1,29/1,35/2,43/2,51/3,52/4,65/4,74/4,80/4,88/4,93/4,98/4,106/4,116/4,125/6,3/0,9/0,10/0,14/0,18/1,27/1,29/2,38/2,43/2,50/2,56/2,62/2,65/3,67/4,73/4,79/4,81/6,85/6,86/8,87/9,defend,2025
0/0,3/0,7/0,15/0,23/0,32/0,39/0,45/0,54/0,60/0,67/1,77/2,84/2,92/4,95/4,102/4,114/4,120/4,126/4,128/8,7/0,11/2,17/2,22/3,37/3,43/3,46/3,50/3,61/3,67/4,74/4,80/4,82/5,88/5,92/6,92/9,99/9,110/10,110/10,110/10,defend,2025
0/0,2/0,10/0,15/1,24/1,36/1,42/1,44/2,49/2,50/3,59/3,61/3,75/3,80/4,81/6,86/6,89/6,101/6,103/6,113/6,6/1,16/1,20/1,35/2,41/2,49/2,57/2,61/2,72/2,83/2,91/3,98/4,101/5,108/5,110/6,117/6,117/6,117/6,117/6,117/6,chased,2025
0/0,0/1,3/2,8/3,12/3,17/3,21/3,23/3,24/4,32/4,34/4,43/4,46/4,53/5,56/6,61/6,79/6,84/6,85/9,90/10,5/0,8/0,12/0,17/0,24/0,25/0,32/0,40/0,47/0,48/0,52/0,66/0,74/0,80/0,93/0,93/0,93/0,93/0,93/0,93/0,chased,2025
0/0,1/0,6/1,15/1,17/1,23/3,24/4,29/5,33/5,34/5,36/6,36/7,37/7,40/7,40/8,49/8,53/8,67/8,73/8,75/9,17/0,29/1,47/1,56/1,64/1,76/1,76/1,76/1,76/1,76/1,76/1,76/1,76/1,76/1,76/1,76/1,76/1,76/1,76/1,76/1,chased,2025
0/0,3/0,4/1,15/1,21/1,31/1,40/1,47/1,52/1,62/1,68/2,79/2,91/2,97/2,105/3,111/4,116/5,127/6,132/6,138/7,3/0,13/0,20/0,29/0,33/0,42/0,53/0,60/0,65/0,69/0,76/0,78/1,86/1,96/1,100/3,105/5,106/6,110/7,120/7,124/8,defend,2024
0/0,6/0,11/0,11/1,19/1,19/1,22/1,24/1,25/1,29/1,33/1,40/3,44/3,45/4,46/5,51/6,52/6,56/6,63/6,67/7,0/0,7/0,12/0,22/0,23/0,36/0,41/0,46/0,53/0,62/0,68/0,68/0,68/0,68/0,68/0,68/0,68/0,68/0,68/0,68/0,chased,2024
0/0,2/0,7/0,10/1,15/1,18/1,22/1,28/1,37/1,45/1,46/2,50/2,65/2,73/2,78/2,80/3,95/3,99/4,105/4,115/6,1/0,3/1,11/2,15/2,20/2,25/2,32/2,34/2,37/3,42/3,47/3,51/3,59/3,68/3,72/5,80/5,86/5,98/6,105/6,116/6,chased,2024
0/0,3/0,5/2,8/2,8/2,10/3,11/3,16/3,18/3,22/4,23/4,33/4,33/6,37/7,38/8,39/9,40/10,40/10,40/10,40/10,0/0,5/0,7/1,9/1,11/2,23/2,26/2,32/2,34/2,37/2,41/2,41/2,41/2,41/2,41/2,41/2,41/2,41/2,41/2,41/2,chased,2024
0/0,1/0,6/1,8/2,11/2,23/2,27/3,35/3,40/3,43/3,50/3,51/3,56/4,61/4,65/4,71/5,77/5,84/5,89/5,93/7,8/1,14/1,20/2,22/2,34/2,35/3,42/3,52/3,57/3,62/3,68/3,78/3,81/4,89/4,94/4,94/4,94/4,94/4,94/4,94/4,chased,2024
0/0,1/1,6/2,12/2,13/2,14/3,22/3,29/3,29/5,30/5,31/6,34/7,35/8,35/8,35/9,37/10,37/10,37/10,37/10,37/10,9/0,22/1,24/1,29/2,31/2,35/2,41/2,41/2,41/2,41/2,41/2,41/2,41/2,41/2,41/2,41/2,41/2,41/2,41/2,41/2,chased,2024
0/0,3/0,5/1,7/1,10/1,14/1,19/3,32/3,35/3,37/4,45/5,46/5,51/5,53/6,57/9,61/9,61/10,61/10,61/10,61/10,7/1,8/1,19/1,25/1,40/1,44/1,54/1,62/1,62/1,62/1,62/1,62/1,62/1,62/1,62/1,62/1,62/1,62/1,62/1,62/1,chased,2024
0/0,9/0,10/0,16/0,16/1,17/1,17/2,19/3,21/3,22/3,26/4,33/4,43/4,43/6,50/6,50/7,50/7,50/8,52/8,55/9,10/0,31/0,44/0,52/0,56/0,56/0,56/0,56/0,56/0,56/0,56/0,56/0,56/0,56/0,56/0,56/0,56/0,56/0,56/0,56/0,chased,2024
0/0,1/0,5/1,10/1,16/2,22/2,27/2,35/2,43/3,46/3,55/3,57/4,60/4,67/4,70/4,80/5,86/6,90/7,95/8,98/10,9/0,13/0,20/0,28/0,34/0,42/0,49/0,57/0,64/0,77/0,78/2,91/2,104/2,104/2,104/2,104/2,104/2,104/2,104/2,104/2,chased,2024
0/0,4/0,4/0,4/0,4/0,4/0,4/0,4/0,4/0,4/0,4/0,4/0,4/0,4/0,4/0,4/0,4/0,4/0,4/0,4/0,0/0,0/0,0/0,0/0,0/0,0/0,0/0,0/0,0/0,0/0,0/0,0/0,0/0,0/0,0/0,0/0,0/0,0/0,0/0,0/0,unknown,2023
0/0,1/1,2/1,3/1,11/1,19/1,21/2,25/2,35/2,43/2,48/2,55/2,58/2,62/2,69/3,75/3,82/3,92/3,101/3,109/4,0/0,7/0,8/1,10/1,15/1,19/2,22/3,34/3,36/3,46/3,48/4,54/4,66/4,68/5,82/5,95/5,100/5,113/5,113/5,113/5,chased,2023
0/0,3/0,3/0,4/0,5/1,7/1,15/1,21/1,28/1,31/1,34/1,36/3,45/3,54/3,59/3,67/4,75/4,78/4,83/5,93/5,3/0,8/0,9/1,14/1,26/1,27/1,28/2,33/2,43/2,46/3,50/4,51/4,52/4,57/4,61/4,66/4,72/4,75/4,81/4,90/4,defend,2023
0/0,2/0,5/0,8/1,10/1,13/1,14/1,19/1,23/3,28/3,29/4,33/6,34/6,39/7,40/7,43/7,43/8,46/8,47/8,51/8,3/0,12/0,14/0,28/0,41/0,44/0,52/0,52/0,52/0,52/0,52/0,52/0,52/0,52/0,52/0,52/0,52/0,52/0,52/0,52/0,chased,2023
0/0,3/0,5/1,10/2,15/2,19/2,25/3,27/4,29/5,33/6,36/7,36/7,38/8,38/8,42/9,45/9,48/9,51/9,52/10,52/10,8/0,19/0,26/0,40/1,46/1,54/1,54/1,54/1,54/1,54/1,54/1,54/1,54/1,54/1,54/1,54/1,54/1,54/1,54/1,54/1,chased,2023
0/0,7/0,14/0,16/0,28/1,34/1,46/1,51/1,53/2,57/2,59/3,65/3,70/3,74/3,76/3,80/4,92/4,102/4,107/4,114/5,1/1,10/1,19/1,21/2,30/2,41/2,45/2,52/2,57/2,61/2,71/2,78/2,91/2,96/3,105/3,108/3,118/3,118/3,118/3,118/3,chased,2023
0/0,4/0,9/0,12/0,15/1,17/1,22/1,26/1,29/2,32/2,37/2,39/2,46/2,48/3,53/3,57/3,61/4,66/4,68/5,73/7,0/0,0/0,3/0,12/0,19/0,24/0,29/0,35/0,38/1,42/1,48/1,54/1,61/1,65/3,67/4,70/4,74/5,74/5,74/5,74/5,chased,2023
0/0,4/0,8/0,13/1,22/1,24/1,30/1,38/1,42/1,51/1,53/1,56/1,59/1,62/1,70/2,77/2,90/2,98/2,113/2,121/4,5/0,7/0,12/1,13/2,17/2,22/3,24/3,27/3,32/3,33/4,36/4,43/4,47/4,48/4,54/4,60/4,65/6,72/6,76/6,78/9,defend,2023
0/0,0/0,2/0,6/0,13/0,16/0,16/0,21/0,23/0,24/0,28/1,35/1,37/3,37/4,40/4,43/4,51/4,53/4,62/4,68/6,5/0,12/1,15/3,20/3,26/3,30/3,42/3,50/3,59/3,72/3,72/3,72/3,72/3,72/3,72/3,72/3,72/3,72/3,72/3,72/3,chased,2023
0/0,2/0,5/0,12/1,12/2,18/2,18/2,28/2,34/2,35/3,40/3,44/3,46/4,51/5,64/5,69/5,75/6,75/8,79/9,83/9,17/0,29/1,42/1,49/1,56/2,65/2,77/2,83/2,84/2,84/2,84/2,84/2,84/2,84/2,84/2,84/2,84/2,84/2,84/2,84/2,chased,2023
0/0,2/0,13/0,13/1,25/1,29/1,39/1,45/1,51/1,54/2,58/3,60/3,63/3,73/3,83/4,84/5,89/5,97/5,101/6,106/7,6/0,19/0,40/1,43/1,49/1,62/1,67/1,69/1,76/2,88/2,94/3,98/3,109/3,109/3,109/3,109/3,109/3,109/3,109/3,109/3,chased,2023
0/0,1/0,8/0,19/1,23/2,32/2,36/2,43/2,53/2,60/2,67/2,69/3,74/4,86/4,94/5,99/5,102/6,107/6,112/7,122/7,12/0,19/0,28/0,33/2,34/3,34/3,38/4,39/5,41/5,44/7,45/8,46/8,52/8,59/8,62/9,63/10,63/10,63/10,63/10,63/10,defend,2023
0/0,7/0,11/1,12/1,13/1,18/1,22/1,30/2,33/3,34/3,42/4,44/4,46/4,49/5,56/6,60/6,62/6,67/6,70/7,75/9,7/0,9/0,16/0,17/1,24/1,33/2,34/2,36/3,40/3,43/3,46/3,48/3,57/3,60/3,65/3,70/4,77/4,77/4,77/4,77/4,chased,2023
0/0,5/0,10/0,12/0,17/0,19/1,26/1,28/1,34/1,35/1,37/2,41/2,49/2,56/2,59/2,68/2,78/2,87/3,98/3,113/4,0/1,1/1,2/1,5/1,6/2,8/3,10/4,16/5,18/6,19/6,20/7,25/7,26/9,27/9,29/9,30/9,35/9,36/9,39/9,46/10,defend,2023
0/0,7/1,12/1,15/1,26/1,30/1,35/1,49/1,51/3,60/3,62/3,66/4,72/4,78/4,82/5,92/5,96/7,99/10,99/10,99/10,2/0,12/0,25/0,41/0,52/0,61/1,65/1,76/1,88/1,92/1,96/2,102/2,102/2,102/2,102/2,102/2,102/2,102/2,102/2,102/2,chased,2022
0/0,6/1,10/1,16/1,21/1,22/1,23/1,31/1,33/2,38/2,50/2,50/3,53/4,58/4,68/4,74/5,81/5,90/5,94/6,99/8,4/0,9/0,18/1,27/1,30/1,36/1,43/1,45/1,49/1,52/1,56/1,61/1,70/1,76/2,82/2,85/2,94/3,96/4,101/4,101/4,chased,2022
0/0,0/1,2/1,7/1,19/1,29/1,33/2,34/2,36/2,36/4,45/4,47/4,51/5,56/5,59/5,70/5,72/5,75/5,80/5,88/5,3/0,8/0,17/1,22/1,25/1,30/1,32/2,38/2,41/3,48/3,54/3,63/3,71/3,77/3,85/3,88/3,88/3,88/3,88/3,88/3,chased,2022
0/0,13/0,17/0,29/0,38/0,46/0,57/0,62/0,72/0,78/0,93/0,103/0,120/0,129/0,148/0,163/0,174/1,184/1,198/1,213/1,4/0,5/1,6/1,6/2,14/2,15/2,15/3,17/3,17/4,23/4,25/5,29/5,30/6,34/6,36/7,37/7,38/9,44/9,46/10,46/10,defend,2022
0/0,2/0,6/1,7/1,7/2,9/3,14/4,14/5,19/5,23/6,27/7,27/7,27/8,28/8,28/8,29/9,29/9,29/10,29/10,29/10,7/0,15/0,33/0,33/0,33/0,33/0,33/0,33/0,33/0,33/0,33/0,33/0,33/0,33/0,33/0,33/0,33/0,33/0,33/0,33/0,chased,2022
0/0,9/0,14/0,16/0,24/1,28/1,32/1,39/1,43/1,48/1,53/1,58/2,67/2,78/2,90/2,101/2,106/2,113/2,119/2,126/3,2/1,5/1,6/1,11/1,13/3,19/3,31/3,34/4,36/4,39/4,41/4,41/4,45/5,49/5,51/6,52/6,58/6,60/6,62/6,63/6,defend,2022
0/0,4/0,9/0,14/0,22/0,34/0,43/0,47/1,52/2,54/2,60/2,65/2,71/2,78/2,85/2,90/4,95/5,107/5,111/6,118/6,5/0,10/0,17/0,23/0,25/0,28/0,33/0,38/0,41/0,47/0,52/0,61/0,67/0,77/1,78/2,80/3,90/3,93/4,104/5,111/6,defend,2022
0/0,11/0,14/0,20/0,21/1,28/1,33/1,40/1,50/1,53/1,57/1,63/1,68/2,71/3,76/3,80/4,84/5,92/5,96/7,101/8,1/0,4/0,9/0,15/0,21/0,25/0,27/1,35/2,39/2,47/3,51/3,58/3,60/3,67/3,72/3,80/4,84/4,94/4,97/5,102/5,chased,2022
0/0,3/0,9/0,17/0,19/1,21/1,26/1,33/1,37/2,41/2,46/2,47/2,57/2,64/3,70/3,73/3,77/4,81/6,84/7,89/8,2/0,5/0,11/0,12/0,19/0,28/0,39/0,41/0,45/0,48/0,49/0,60/0,69/0,73/0,76/0,80/0,83/0,89/0,90/0,90/0,chased,2022
0/0,9/0,21/0,26/0,28/0,35/2,43/2,46/2,49/2,53/2,59/2,65/2,73/2,79/2,93/3,95/4,98/5,109/5,122/5,130/6,3/1,6/2,12/2,16/3,20/3,30/3,34/3,37/3,45/3,52/3,57/3,66/4,75/4,90/4,99/4,111/4,121/4,133/4,133/4,133/4,chased,2021
0/0,5/1,18/1,21/1,29/1,38/1,44/2,58/2,60/3,64/3,73/3,77/4,82/4,89/4,99/4,105/4,113/4,129/5,139/5,149/5,2/0,5/1,7/1,11/1,25/1,28/1,35/1,43/1,47/1,54/1,62/2,66/2,77/2,86/2,93/3,95/4,101/5,109/6,114/6,135/6,defend,2021
0/0,10/0,14/1,21/1,33/1,37/1,48/1,48/2,55/2,64/2,71/2,80/2,89/2,91/3,98/3,108/3,113/4,119/4,122/4,132/4,3/0,4/1,9/1,12/1,12/1,17/1,29/1,30/1,34/2,35/4,40/4,41/5,44/6,45/7,52/7,58/8,61/8,65/8,67/10,67/10,defend,2021
0/0,1/0,3/0,8/0,10/1,12/1,16/1,20/1,23/1,24/1,28/1,33/2,37/2,41/2,43/2,50/2,61/2,67/2,70/4,71/6,2/0,7/1,7/2,18/2,20/2,22/2,29/2,33/2,43/2,48/2,55/3,60/3,65/3,68/3,72/3,72/3,72/3,72/3,72/3,72/3,chased,2021
0/0,1/0,2/0,2/1,7/1,9/2,13/2,16/3,26/4,34/4,42/4,50/4,57/4,61/5,65/5,68/6,76/6,80/7,82/9,82/10,9/0,10/1,21/1,28/1,39/1,42/1,53/2,58/2,73/2,78/3,83/3,83/3,83/3,83/3,83/3,83/3,83/3,83/3,83/3,83/3,chased,2021
0/0,8/0,9/0,16/1,18/1,18/1,24/1,28/1,32/1,34/2,37/2,43/2,45/2,47/2,50/2,53/2,54/3,62/3,67/4,76/5,17/0,19/1,33/1,46/1,67/2,77/3,77/3,77/3,77/3,77/3,77/3,77/3,77/3,77/3,77/3,77/3,77/3,77/3,77/3,77/3,chased,2021
0/0,1/0,8/0,9/0,17/0,19/0,21/0,28/0,40/0,43/0,49/0,58/0,71/0,80/0,85/0,92/1,99/2,111/3,119/5,124/5,8/0,9/0,11/1,13/1,19/1,23/2,29/3,33/4,40/4,46/5,47/6,50/6,56/6,65/7,71/7,82/7,89/7,95/8,103/9,105/9,defend,2020
0/0,7/0,18/0,25/1,34/1,42/1,44/2,47/3,54/3,57/4,66/4,72/4,78/4,84/5,88/5,100/5,102/6,108/6,116/7,123/7,1/0,4/0,9/0,20/0,27/1,34/1,38/1,44/3,49/3,58/3,69/3,75/3,81/3,92/3,94/3,98/4,99/5,108/5,116/5,125/5,chased,2020
0/1,8/1,10/1,14/1,19/1,35/1,48/1,52/1,68/1,72/1,78/1,90/1,98/1,108/1,110/2,120/2,126/3,138/3,155/3,162/4,8/0,12/1,18/1,23/2,25/2,37/2,38/3,39/3,41/3,48/3,53/3,58/3,64/4,65/5,71/5,71/5,76/6,78/6,84/7,90/8,defend,2026
0/1,5/1,6/2,9/2,16/3,21/3,27/3,29/3,31/3,33/3,35/3,36/3,40/3,48/3,55/3,56/4,59/5,64/6,70/7,82/7,5/0,16/0,19/0,27/0,35/0,53/0,58/0,61/1,66/1,70/2,73/2,78/2,85/3,85/3,85/3,85/3,85/3,85/3,85/3,85/3,chased,2026
0/1,6/1,10/1,18/2,24/2,24/3,27/4,35/4,40/5,44/5,48/5,54/5,64/5,69/5,70/5,77/5,84/6,90/7,99/8,101/9,2/1,15/1,20/2,22/2,24/2,32/2,38/2,40/2,46/2,48/3,51/3,54/4,59/4,65/4,72/4,76/5,81/5,95/5,102/6,102/6,chased,2025
0/1,1/1,7/1,16/1,18/1,20/1,23/1,26/1,26/2,31/2,33/3,41/3,43/3,45/3,50/4,56/4,60/5,65/6,70/6,75/7,7/0,9/0,17/1,17/1,22/1,25/1,31/1,34/1,36/1,38/1,39/2,40/2,48/2,50/4,56/4,59/5,68/5,69/7,70/9,76/9,chased,2025
0/1,6/2,12/4,15/4,20/4,25/5,27/5,27/5,34/5,35/5,38/6,40/6,44/7,44/8,44/9,45/9,45/10,45/10,45/10,45/10,9/0,13/0,22/0,27/0,35/0,43/1,46/1,46/1,46/1,46/1,46/1,46/1,46/1,46/1,46/1,46/1,46/1,46/1,46/1,46/1,chased,2025
0/1,1/1,2/2,7/2,10/3,15/3,20/3,21/4,31/4,33/4,37/4,41/6,49/7,50/9,50/10,50/10,50/10,50/10,50/10,50/10,1/0,4/0,10/0,15/2,17/2,19/2,21/3,23/4,25/4,30/4,34/4,37/4,44/4,46/5,51/5,51/5,51/5,51/5,51/5,51/5,chased,2025
0/1,6/1,13/2,19/2,21/3,25/3,30/4,42/4,46/4,46/5,50/5,54/5,56/6,59/6,60/7,64/7,75/7,79/8,81/8,86/9,8/0,10/0,21/0,27/2,32/2,37/2,41/2,47/2,59/2,64/2,67/2,69/2,73/2,81/2,86/3,90/3,90/3,90/3,90/3,90/3,chased,2025
0/1,0/2,8/2,13/2,17/2,17/2,17/2,19/2,29/2,35/3,36/5,37/6,39/6,43/6,52/7,54/8,59/9,64/9,71/9,74/10,6/0,10/0,13/1,14/1,14/1,18/1,20/2,34/2,38/2,40/4,41/4,45/4,46/4,49/4,50/4,55/4,60/4,72/4,74/4,75/4,chased,2025
0/1,2/2,10/2,14/2,18/3,19/3,23/4,30/4,33/4,49/4,52/4,61/4,63/5,64/5,66/5,72/5,78/6,84/6,95/6,115/6,10/1,11/2,12/2,15/2,28/2,32/2,36/2,45/2,48/2,49/2,54/2,59/4,61/5,65/6,70/6,72/6,76/8,78/8,84/8,88/8,defend,2025
0/1,5/1,7/2,9/2,11/3,11/4,11/5,13/7,15/8,18/8,18/9,20/10,20/10,20/10,20/10,20/10,20/10,20/10,20/10,20/10,8/0,21/0,21/0,21/0,21/0,21/0,21/0,21/0,21/0,21/0,21/0,21/0,21/0,21/0,21/0,21/0,21/0,21/0,21/0,21/0,chased,2025
0/1,2/2,5/2,10/2,15/2,28/2,33/2,45/2,51/2,58/2,63/3,73/3,76/3,81/3,87/3,101/3,104/3,109/3,116/3,126/4,1/0,11/0,23/0,29/0,42/0,54/0,57/0,65/0,81/0,92/0,103/0,115/0,127/0,127/0,127/0,127/0,127/0,127/0,127/0,127/0,chased,2024
0/1,2/1,3/1,11/1,12/1,14/2,23/2,29/2,34/2,38/2,43/3,47/3,57/3,62/3,70/4,72/7,73/7,75/8,79/10,79/10,6/1,13/1,23/1,28/1,35/1,39/1,45/1,48/1,52/1,57/1,63/1,66/2,78/2,83/2,83/2,83/2,83/2,83/2,83/2,83/2,chased,2024
0/1,5/1,6/2,6/4,6/5,7/6,10/6,14/6,16/6,18/7,18/8,18/10,18/10,18/10,18/10,18/10,18/10,18/10,18/10,18/10,6/0,14/0,19/0,19/0,19/0,19/0,19/0,19/0,19/0,19/0,19/0,19/0,19/0,19/0,19/0,19/0,19/0,19/0,19/0,19/0,chased,2024
0/1,1/1,8/1,8/2,9/3,9/3,9/3,11/3,11/3,12/4,13/5,15/6,16/8,17/8,18/8,20/8,22/8,25/9,26/10,26/10,7/0,13/0,21/0,27/1,27/1,27/1,27/1,27/1,27/1,27/1,27/1,27/1,27/1,27/1,27/1,27/1,27/1,27/1,27/1,27/1,chased,2024
0/1,5/1,5/1,13/1,16/1,16/2,22/3,26/3,31/3,42/3,50/3,57/3,64/3,72/3,79/4,85/4,95/4,107/5,111/6,116/8,8/0,16/1,21/2,24/2,31/2,35/2,41/2,46/2,49/3,57/3,59/4,65/4,65/5,66/6,69/6,71/6,84/6,88/6,91/6,94/6,defend,2024
0/1,0/1,4/2,5/3,7/3,7/5,13/5,18/5,25/6,26/7,27/7,30/7,36/7,39/8,39/9,40/10,40/10,40/10,40/10,40/10,3/0,9/0,10/0,14/0,21/0,26/0,28/0,31/0,39/0,43/0,43/0,43/0,43/0,43/0,43/0,43/0,43/0,43/0,43/0,43/0,chased,2024
0/1,4/1,5/2,6/2,7/2,10/2,12/2,19/2,24/2,25/2,31/2,32/2,36/3,41/3,44/3,46/4,47/4,49/6,57/6,60/7,5/0,10/0,17/0,26/0,37/1,43/2,49/2,56/2,61/2,61/2,61/2,61/2,61/2,61/2,61/2,61/2,61/2,61/2,61/2,61/2,chased,2024
0/1,2/2,3/2,4/2,9/2,10/2,13/3,20/4,22/4,26/5,28/5,30/5,32/7,36/7,41/7,43/8,43/9,48/9,49/9,50/9,3/1,11/1,18/1,20/1,21/1,22/2,25/2,27/2,30/2,37/2,46/2,51/2,51/2,51/2,51/2,51/2,51/2,51/2,51/2,51/2,chased,2023
0/1,8/1,10/1,17/2,18/2,25/4,32/4,35/4,36/4,42/4,45/5,49/5,59/5,64/6,71/6,73/7,84/7,91/7,97/8,104/8,1/0,4/0,11/0,11/2,16/3,23/3,32/3,37/3,38/3,47/3,72/3,76/3,90/3,97/3,104/3,105/4,105/4,105/4,105/4,105/4,chased,2023
0/1,1/1,1/1,2/1,5/1,7/1,7/1,10/1,12/1,15/3,15/3,17/3,22/3,26/5,29/5,29/6,29/6,31/6,35/7,39/8,1/1,7/1,13/1,13/2,15/3,16/5,20/5,25/5,29/5,31/5,33/6,34/6,36/7,41/7,41/7,41/7,41/7,41/7,41/7,41/7,chased,2023
0/1,6/1,10/2,12/2,15/2,25/2,31/2,40/3,42/3,48/3,56/3,58/3,60/4,67/4,72/4,82/4,90/4,92/4,110/5,124/5,6/0,14/0,18/0,24/1,27/2,31/2,35/2,40/2,40/3,43/4,47/4,51/4,63/4,73/4,82/4,86/5,96/5,100/6,107/6,119/8,defend,2023
0/1,6/2,7/2,8/2,9/2,12/3,15/3,18/3,20/4,26/4,28/4,32/4,36/5,43/5,45/7,50/8,53/8,60/8,61/8,64/9,1/0,3/0,5/0,16/0,27/1,30/1,31/2,34/2,34/3,40/3,47/4,47/4,49/4,52/4,56/4,57/5,59/5,61/5,65/5,65/5,chased,2023
0/1,7/1,17/1,25/2,31/2,35/2,44/2,46/3,52/3,55/3,60/3,66/3,70/3,75/3,79/4,86/5,91/6,93/6,97/6,102/8,4/0,8/0,15/0,18/1,26/1,31/1,34/2,37/2,43/2,49/2,50/3,57/3,62/3,69/3,71/3,73/3,74/3,78/4,83/5,88/7,defend,2022
0/1,4/1,9/1,14/1,19/1,20/1,23/1,33/1,37/2,45/2,49/2,58/2,64/2,69/2,77/2,87/2,105/2,114/2,122/4,129/5,1/0,4/0,6/0,9/0,12/0,13/3,13/3,18/3,23/3,24/4,26/4,27/5,29/5,35/5,38/6,38/8,39/9,40/9,41/10,41/10,defend,2022
0/1,5/1,11/1,13/2,15/3,18/3,22/3,26/3,29/3,30/4,33/4,36/6,40/8,44/8,45/10,45/10,45/10,45/10,45/10,45/10,4/1,7/1,8/1,19/1,26/1,34/1,37/1,38/1,44/1,46/1,46/1,46/1,46/1,46/1,46/1,46/1,46/1,46/1,46/1,46/1,chased,2021
0/1,8/1,16/1,17/1,22/1,32/1,38/2,49/2,57/2,63/2,68/2,76/2,85/2,91/3,95/3,99/3,101/5,106/5,118/5,122/6,2/1,8/1,10/2,11/3,16/3,19/3,27/3,32/3,41/3,45/3,52/3,56/3,64/3,71/3,79/3,97/3,105/3,115/4,119/5,123/5,chased,2020
0/1,8/1,13/1,24/1,37/1,49/1,55/1,62/1,68/2,82/2,97/2,105/2,116/2,131/2,139/2,144/3,153/4,162/4,164/4,173/5,11/0,23/0,34/0,48/0,62/0,70/0,78/0,84/0,91/1,100/1,109/1,120/1,125/2,130/2,138/2,144/2,151/2,158/2,170/3,177/3,chased,2020
0/2,1/2,4/3,12/3,13/3,22/3,26/3,35/3,42/3,50/3,52/4,58/4,63/4,72/4,76/5,83/6,92/6,95/6,102/7,109/8,1/1,4/1,5/2,10/2,14/2,19/3,24/3,28/4,32/4,38/4,44/4,53/4,53/6,54/6,57/6,60/6,62/7,66/8,67/9,68/10,defend,2026
0/3,7/3,11/3,11/4,15/4,20/4,25/5,29/5,33/5,35/5,37/5,42/5,46/5,48/5,49/5,57/5,65/5,74/5,78/6,84/6,3/0,6/0,8/1,10/1,12/1,20/1,24/1,29/2,33/2,42/2,45/3,50/3,53/3,56/3,65/3,68/3,70/5,72/5,75/7,79/9,defend,2023
1/0,14/0,22/1,27/1,32/1,41/1,45/1,52/1,58/2,60/3,70/3,82/3,87/3,92/4,100/4,108/4,125/4,133/5,145/5,159/6,6/0,9/0,13/1,18/1,34/1,47/1,55/1,57/2,66/2,70/2,81/2,89/2,103/2,107/3,125/3,138/3,149/3,158/4,160/4,160/4,chased,2026
1/0,7/0,12/1,23/1,27/1,29/2,30/4,32/5,33/6,37/6,39/6,42/6,48/6,57/6,59/7,65/8,69/8,75/9,80/9,80/10,5/0,11/0,16/1,25/1,30/1,36/2,40/2,41/2,49/2,59/2,61/2,67/2,73/3,81/3,81/3,81/3,81/3,81/3,81/3,81/3,chased,2026
1/0,5/0,15/0,21/0,29/1,37/1,47/2,51/2,54/2,57/2,66/2,70/3,73/3,82/3,91/4,95/5,105/5,108/5,115/5,122/5,21/0,23/0,32/0,44/0,55/0,58/0,59/1,59/1,71/1,73/3,76/3,79/4,83/5,92/5,96/5,98/6,100/7,110/7,119/7,124/7,chased,2026
1/0,14/0,15/0,19/0,29/1,41/1,52/1,60/1,63/2,74/2,81/2,85/3,90/3,97/3,110/3,112/4,121/4,129/4,150/4,160/5,1/1,7/1,14/2,22/2,34/2,41/2,45/2,53/2,59/2,63/3,72/3,77/3,83/4,85/5,95/5,102/6,109/7,115/8,120/9,121/10,defend,2026
1/0,9/0,12/0,20/0,25/0,38/0,42/1,54/1,58/1,63/2,66/3,82/3,86/4,98/4,102/4,113/4,122/5,130/5,140/7,143/9,9/0,12/0,13/1,19/2,21/3,21/4,22/5,24/5,26/6,26/7,30/8,37/8,39/8,42/9,45/10,45/10,45/10,45/10,45/10,45/10,defend,2026
1/0,5/2,9/3,9/3,13/3,18/4,22/4,23/5,28/5,34/5,37/5,51/5,57/5,63/5,67/5,72/5,77/5,88/5,93/5,102/6,5/1,6/2,8/2,12/2,18/2,22/2,28/2,35/2,42/2,47/2,64/3,68/3,81/3,89/3,92/3,100/3,105/3,105/3,105/3,105/3,chased,2026
1/0,11/0,11/0,18/1,20/1,24/3,30/3,33/4,35/4,39/4,45/4,50/4,54/4,55/6,55/7,57/7,64/7,68/7,78/7,81/7,4/0,9/0,11/0,18/1,27/2,37/2,46/2,51/2,60/2,64/2,69/2,73/2,82/2,82/2,82/2,82/2,82/2,82/2,82/2,82/2,chased,2026
1/0,10/1,15/1,15/1,21/1,27/1,34/1,37/1,41/1,42/2,54/2,59/3,60/3,62/4,65/5,66/6,67/7,72/7,77/7,80/10,2/0,3/0,7/0,13/0,19/2,23/2,26/2,28/2,31/2,35/3,42/4,44/4,48/5,51/5,54/5,56/5,59/7,63/9,67/9,71/9,defend,2026
1/0,3/0,5/0,6/2,10/2,16/2,16/3,16/3,17/3,20/3,24/3,28/3,29/4,31/4,33/5,35/6,42/6,45/6,47/6,54/6,3/1,5/1,10/2,13/3,23/3,30/3,32/4,39/4,48/4,54/5,55/5,55/5,55/5,55/5,55/5,55/5,55/5,55/5,55/5,55/5,chased,2026
1/0,2/1,2/1,7/2,9/2,18/2,23/3,27/3,31/4,39/4,40/5,41/6,49/6,49/6,63/6,71/6,73/8,80/8,84/8,91/8,5/0,14/1,20/1,26/1,30/1,32/1,39/1,45/2,53/2,59/4,62/5,64/5,67/6,69/8,79/8,86/8,87/8,89/9,92/9,92/9,chased,2026
1/0,7/1,18/1,23/2,27/3,36/3,41/3,47/3,61/3,66/3,69/4,78/5,83/6,89/7,94/7,100/7,103/10,103/10,103/10,103/10,10/0,16/0,23/0,24/1,35/1,37/2,46/2,53/2,62/2,82/2,102/2,104/2,104/2,104/2,104/2,104/2,104/2,104/2,104/2,104/2,chased,2026
1/0,11/0,19/0,29/0,43/0,49/0,52/0,54/0,66/0,71/0,76/0,78/1,83/2,86/2,88/2,94/2,101/2,113/2,123/3,127/4,1/0,7/0,14/1,24/2,31/2,37/3,47/4,51/4,55/4,64/4,72/4,74/4,77/4,78/5,81/5,90/5,99/5,112/5,121/5,126/5,defend,2026
1/0,3/1,11/1,13/1,19/1,25/3,28/4,29/5,34/5,38/5,41/5,45/5,52/6,53/7,62/7,64/7,69/7,75/8,81/8,86/10,6/0,16/0,21/0,26/1,34/1,39/1,47/1,53/2,66/2,71/2,74/3,81/3,87/3,87/3,87/3,87/3,87/3,87/3,87/3,87/3,chased,2026
1/0,5/0,9/1,13/2,17/2,17/2,23/2,29/2,32/3,36/3,37/4,44/4,50/4,53/5,60/5,67/5,73/5,75/6,84/7,91/8,2/0,5/1,9/2,9/2,11/2,12/2,20/2,29/2,34/2,37/2,40/2,42/5,50/5,52/6,53/7,59/8,64/9,65/10,65/10,65/10,defend,2026
1/0,1/0,4/0,5/1,11/1,15/1,19/1,22/3,31/3,47/3,52/3,61/3,67/4,74/5,77/6,79/7,82/7,85/8,85/10,85/10,20/1,21/1,22/1,24/1,29/1,40/1,44/1,48/2,53/3,58/3,62/4,66/5,69/7,72/7,75/7,80/7,84/7,93/7,97/8,102/9,unknown,2026
1/0,9/0,15/0,19/1,19/1,28/1,32/1,38/1,42/1,52/1,55/1,63/1,66/2,75/2,80/2,84/3,91/3,100/3,106/4,114/4,10/0,12/1,14/2,21/2,28/2,34/2,42/3,45/4,47/4,53/4,55/4,57/5,59/6,68/6,69/6,74/6,79/7,84/8,86/10,86/10,defend,2026
1/0,6/0,17/0,22/0,31/0,34/0,40/0,42/1,44/1,50/2,55/2,61/2,67/2,78/2,79/2,97/2,106/2,117/2,126/3,133/3,5/0,12/0,20/0,26/0,31/0,37/0,44/0,54/0,59/1,66/1,70/2,74/2,81/2,83/2,94/2,99/2,108/2,111/4,114/5,119/6,defend,2026
1/0,10/0,13/0,22/0,24/0,26/0,32/0,37/1,40/2,44/2,46/3,50/3,50/4,50/5,50/6,51/6,53/7,53/8,56/9,60/9,7/0,16/0,21/0,24/0,36/0,46/0,53/0,56/0,61/0,61/0,61/0,61/0,61/0,61/0,61/0,61/0,61/0,61/0,61/0,61/0,chased,2026
1/0,1/0,3/1,5/1,5/2,6/3,7/4,7/4,8/6,10/6,11/9,13/9,14/9,20/9,21/9,28/9,32/9,32/9,32/9,32/9,16/0,20/0,32/0,33/0,33/0,33/0,33/0,33/0,33/0,33/0,33/0,33/0,33/0,33/0,33/0,33/0,33/0,33/0,33/0,33/0,chased,2026
1/0,10/0,14/0,21/0,28/0,30/0,42/0,44/1,48/1,52/1,55/2,60/2,65/2,75/2,84/2,98/3,106/3,119/3,133/3,140/5,6/1,7/1,11/1,21/2,31/2,36/2,47/2,50/3,60/4,70/4,78/4,80/4,83/4,86/4,90/5,95/6,97/8,98/9,99/9,99/10,defend,2026
1/0,5/0,12/0,17/0,18/1,29/1,34/2,38/2,43/3,47/3,48/4,53/5,54/5,59/5,64/5,70/5,75/5,80/6,84/6,92/6,5/0,6/0,8/0,20/0,25/1,36/2,39/2,44/2,48/2,62/2,63/2,67/2,68/3,69/3,74/3,77/3,79/3,87/3,92/3,93/3,chased,2026
1/0,9/0,16/0,25/0,36/0,41/0,58/0,67/0,77/0,90/0,96/0,106/1,109/2,117/3,130/3,136/3,150/3,163/3,166/5,174/6,2/0,2/0,5/0,12/0,19/0,28/0,30/0,45/0,45/0,52/1,57/1,65/1,70/2,72/2,79/2,81/3,85/3,89/4,99/4,108/5,defend,2026
1/0,3/1,6/1,8/1,17/2,29/2,36/2,40/3,48/3,58/3,71/3,78/3,88/4,98/4,108/4,110/5,113/7,116/7,119/7,124/8,0/1,3/2,8/2,9/2,13/2,19/2,24/2,25/2,29/3,35/3,44/3,47/4,48/4,54/4,58/6,65/7,72/7,74/7,74/9,82/9,defend,2026
1/0,2/0,5/1,10/1,18/1,24/1,24/1,27/1,33/1,37/3,44/4,45/5,47/6,47/7,48/10,48/10,48/10,48/10,48/10,48/10,8/0,14/2,17/3,25/3,26/3,34/3,41/3,44/4,49/5,49/5,49/5,49/5,49/5,49/5,49/5,49/5,49/5,49/5,49/5,49/5,chased,2026
1/0,4/1,5/1,6/2,11/2,12/3,14/3,16/3,22/3,26/4,28/5,33/5,34/5,36/5,39/5,41/6,50/6,54/6,58/6,63/9,3/0,11/0,16/0,25/1,32/2,42/2,49/2,54/2,63/2,64/2,64/2,64/2,64/2,64/2,64/2,64/2,64/2,64/2,64/2,64/2,chased,2025
1/0,5/0,11/0,17/0,20/0,24/0,27/0,32/0,33/1,37/1,39/2,44/2,49/2,54/2,54/2,58/3,60/4,66/4,70/4,75/4,2/0,10/0,14/0,18/0,21/0,23/0,26/0,32/0,34/0,41/1,46/2,48/2,56/2,62/2,67/2,72/2,73/2,78/2,78/2,78/2,chased,2025
1/0,19/1,28/1,33/2,36/2,38/2,45/2,48/3,50/3,50/5,58/5,64/5,68/5,76/5,88/5,96/6,103/6,108/7,113/8,125/8,1/0,7/0,8/1,9/1,19/1,31/1,34/2,38/2,43/2,50/2,57/2,63/3,66/3,74/3,75/4,79/4,82/5,85/5,92/5,102/5,defend,2025
1/0,9/0,16/0,25/0,32/0,44/0,57/0,62/1,67/2,77/2,91/2,102/2,110/3,123/3,131/3,137/4,146/4,150/5,158/5,168/6,6/0,9/0,13/1,24/1,30/1,35/3,37/3,47/3,51/3,61/3,67/3,82/3,88/3,95/3,111/3,124/4,140/4,147/4,160/5,171/6,chased,2025
1/0,5/0,5/0,5/0,5/0,8/0,10/0,11/0,12/0,13/0,13/1,14/2,16/2,17/3,18/3,19/3,19/4,24/4,26/5,27/6,5/0,11/0,18/0,28/0,28/0,28/0,28/0,28/0,28/0,28/0,28/0,28/0,28/0,28/0,28/0,28/0,28/0,28/0,28/0,28/0,chased,2025
1/0,9/0,10/0,13/0,16/0,20/0,33/0,37/0,45/0,48/0,50/0,54/0,59/0,61/1,68/2,79/2,94/2,100/4,109/5,117/6,6/0,8/1,13/1,19/1,22/1,23/1,26/1,28/1,33/2,37/2,38/2,44/2,46/2,47/2,49/3,52/5,55/5,59/5,61/5,65/5,defend,2025
1/0,6/0,10/0,17/0,20/0,28/0,31/1,34/1,35/2,41/2,43/4,49/5,60/5,67/5,71/5,80/5,86/5,90/6,91/6,106/6,1/1,4/1,7/1,9/2,12/2,13/2,16/4,18/4,20/5,24/5,27/6,31/6,31/6,34/7,34/7,39/8,39/8,41/8,45/8,48/8,defend,2025
1/0,6/1,22/1,28/2,36/2,40/3,46/3,48/3,54/3,60/3,69/4,73/4,77/4,82/5,83/6,86/6,89/8,95/8,101/8,109/9,8/0,14/1,15/1,16/2,26/2,35/3,50/5,58/5,60/5,68/5,71/6,79/7,81/7,86/7,92/7,92/9,93/10,93/10,93/10,93/10,defend,2025
1/0,7/0,9/0,11/1,14/1,19/1,22/2,23/2,28/2,31/3,33/3,37/3,41/3,50/3,58/3,65/3,75/3,85/4,94/4,98/5,9/0,12/0,14/0,18/0,19/0,23/0,25/2,32/2,33/2,42/2,44/3,48/3,50/3,61/4,66/4,70/5,81/5,84/5,89/6,96/6,defend,2025
1/0,2/0,15/0,17/1,23/1,34/1,39/1,47/1,51/1,54/1,56/1,59/2,66/2,71/2,78/2,85/2,97/2,104/3,110/3,127/5,3/1,7/1,9/1,11/2,16/2,20/2,24/2,29/2,30/2,42/2,45/3,53/3,59/3,64/4,70/5,74/5,75/7,76/8,81/8,95/8,defend,2025
1/0,5/0,6/1,8/1,15/1,19/1,20/1,29/1,34/1,42/1,47/1,51/2,57/4,59/4,73/4,76/5,81/5,94/5,99/5,117/5,6/0,17/0,19/1,24/1,26/1,40/1,45/1,47/2,59/2,62/2,65/2,67/3,70/3,74/5,78/6,81/6,93/6,97/8,101/9,101/10,defend,2025
1/0,7/0,9/0,11/0,12/1,14/1,15/1,16/3,18/3,24/3,32/3,36/3,36/5,38/7,39/8,42/8,43/8,44/8,51/8,56/8,4/0,8/0,13/0,22/0,29/0,37/0,43/0,48/1,57/2,57/2,57/2,57/2,57/2,57/2,57/2,57/2,57/2,57/2,57/2,57/2,chased,2025
1/0,6/0,12/1,21/1,24/1,32/1,35/1,38/1,43/1,46/1,55/1,64/1,68/1,76/2,86/2,96/2,110/2,117/2,124/4,144/5,5/0,10/1,12/1,23/1,25/2,25/3,34/3,39/3,41/4,46/4,47/4,54/4,57/4,62/4,64/4,67/4,74/4,80/4,86/5,90/5,defend,2025
1/0,3/0,6/1,17/1,22/1,28/1,36/1,42/2,55/2,61/2,61/2,62/3,68/4,71/4,73/4,76/5,79/7,82/8,83/9,92/9,11/0,21/0,27/1,29/2,35/2,37/2,42/2,48/2,55/2,62/2,69/2,82/3,87/4,90/5,95/5,95/5,95/5,95/5,95/5,95/5,chased,2025
1/0,8/0,8/0,10/0,10/0,15/0,21/0,27/0,28/3,32/3,43/5,49/5,53/5,62/5,68/6,68/8,72/9,74/9,74/10,74/10,4/0,10/0,19/0,21/1,26/1,30/1,37/1,46/2,51/3,63/3,67/3,75/3,75/3,75/3,75/3,75/3,75/3,75/3,75/3,75/3,chased,2025
1/0,8/0,10/0,18/0,20/0,20/1,29/1,33/1,37/1,46/1,54/2,69/2,74/2,80/2,86/2,93/3,98/3,107/3,114/3,123/3,8/0,16/0,21/0,34/0,50/1,60/1,73/1,84/1,92/2,98/2,114/2,124/3,124/3,124/3,124/3,124/3,124/3,124/3,124/3,124/3,chased,2025
1/0,4/1,7/2,10/2,17/2,18/3,19/3,24/4,36/4,42/4,49/4,49/5,56/5,60/5,60/6,63/6,65/6,69/8,72/10,72/10,4/0,17/0,20/1,32/1,32/2,37/3,43/3,48/3,52/3,60/4,63/4,70/4,73/4,73/4,73/4,73/4,73/4,73/4,73/4,73/4,chased,2025
1/0,5/0,7/1,12/1,17/2,21/3,24/4,29/5,31/5,39/5,47/6,52/6,59/6,65/7,69/7,72/7,74/9,75/10,75/10,75/10,11/0,26/0,38/0,45/0,51/0,56/0,63/1,65/1,75/1,76/1,76/1,76/1,76/1,76/1,76/1,76/1,76/1,76/1,76/1,76/1,chased,2025
1/0,6/0,7/1,10/1,11/2,11/2,17/2,22/2,25/3,32/3,35/4,41/4,48/4,57/4,60/4,63/4,66/4,68/4,71/7,73/9,5/0,8/0,8/1,13/1,15/1,17/1,25/1,29/1,36/1,39/2,41/4,44/4,47/5,52/5,57/6,58/6,64/6,69/6,69/7,69/10,defend,2025
1/0,5/0,8/0,15/0,24/1,26/2,35/2,38/2,39/2,41/2,45/2,45/2,56/2,58/2,66/2,74/4,80/5,90/5,96/5,98/8,5/0,11/0,14/0,16/1,24/1,29/1,35/2,39/3,43/3,47/3,48/6,55/6,57/6,57/8,64/8,65/9,67/10,67/10,67/10,67/10,defend,2025
1/0,5/0,6/0,6/1,6/2,11/2,13/2,14/2,19/2,23/2,30/2,30/3,33/3,35/3,35/4,37/5,42/5,44/5,46/5,48/8,12/0,22/0,31/0,33/1,39/1,45/1,49/1,49/1,49/1,49/1,49/1,49/1,49/1,49/1,49/1,49/1,49/1,49/1,49/1,49/1,chased,2025
1/0,4/0,5/1,10/1,12/1,18/1,20/1,28/1,30/1,33/1,37/2,46/2,51/2,51/3,60/3,65/3,71/4,75/4,79/4,89/4,9/0,18/0,30/0,36/1,42/1,45/1,48/1,57/1,59/1,67/1,69/3,81/4,87/4,90/5,90/5,90/5,90/5,90/5,90/5,90/5,chased,2025
1/0,4/1,10/1,15/1,25/2,31/2,37/2,40/3,51/3,55/3,65/3,67/4,71/4,74/4,78/4,83/5,87/6,94/6,96/6,100/8,2/0,13/0,14/0,22/0,27/0,33/2,34/3,41/4,44/5,47/5,58/5,58/5,61/5,75/5,83/6,95/6,101/7,101/7,101/7,101/7,chased,2025
1/0,2/1,8/1,12/2,18/2,21/3,23/3,27/3,33/4,36/4,39/4,43/4,48/4,55/4,59/4,64/5,72/5,83/5,89/5,100/6,12/0,21/0,26/0,37/0,41/1,49/1,56/1,65/1,73/1,75/1,82/2,85/2,91/2,93/3,98/4,101/4,101/4,101/4,101/4,101/4,chased,2025
1/0,6/0,7/0,7/0,14/0,20/0,25/0,36/1,40/2,48/4,53/4,55/5,62/5,68/5,70/5,73/5,76/5,87/5,95/6,105/7,1/0,11/0,14/0,21/1,29/1,44/1,47/1,50/1,57/2,60/2,70/3,75/3,79/4,84/5,88/5,88/6,91/6,94/8,98/10,98/10,defend,2025
1/0,5/0,12/0,16/1,28/1,39/1,39/1,49/1,54/1,59/1,60/1,66/1,72/1,76/1,79/2,83/2,87/2,94/2,97/3,102/3,14/0,17/0,27/0,30/1,37/2,43/2,54/2,63/2,73/2,88/2,96/2,101/2,103/2,103/2,103/2,103/2,103/2,103/2,103/2,103/2,chased,2025
1/0,12/0,22/0,31/0,45/1,57/1,57/2,69/3,73/3,77/3,80/3,83/3,86/4,93/5,95/6,101/6,104/6,111/7,112/8,120/10,4/0,8/1,10/2,16/2,16/2,21/2,26/3,27/3,29/3,29/4,36/4,44/4,52/4,59/4,63/5,72/5,80/6,85/6,94/6,97/7,defend,2025
1/0,5/0,14/0,24/0,30/0,37/0,43/0,50/0,59/0,75/0,80/0,85/0,90/1,95/1,99/1,106/2,114/2,117/2,123/3,134/3,7/0,18/0,30/0,40/1,43/1,46/1,53/1,58/1,64/1,70/1,73/1,76/1,82/1,83/3,90/4,100/4,112/4,122/4,130/5,136/5,chased,2025
1/0,1/0,5/1,11/1,16/2,22/2,24/3,27/3,29/3,34/3,38/3,40/3,45/4,50/6,54/6,56/7,59/7,60/8,67/10,67/10,6/0,14/0,15/1,16/1,21/1,27/1,39/1,45/2,55/2,58/2,62/3,68/3,68/3,68/3,68/3,68/3,68/3,68/3,68/3,68/3,chased,2025
1/0,8/0,8/0,12/0,12/1,16/1,21/1,25/1,26/2,28/3,31/3,35/3,40/3,48/3,53/3,56/3,74/3,81/3,99/4,109/4,2/0,8/0,17/0,22/1,24/1,27/1,33/1,36/1,36/2,43/2,45/2,55/2,63/2,71/2,75/2,85/3,98/3,103/3,110/3,110/3,chased,2025
1/0,6/0,17/0,25/1,32/1,40/1,46/1,48/1,55/1,61/1,71/1,79/1,91/1,95/2,102/4,106/4,120/4,130/4,139/5,153/5,10/0,24/0,28/0,38/0,43/0,50/0,58/0,58/2,63/2,68/3,77/3,85/3,98/3,109/3,119/3,125/4,131/4,133/6,138/7,148/8,defend,2025
1/0,9/0,10/0,11/0,19/0,19/0,25/1,25/1,26/2,30/2,35/2,39/2,40/2,43/3,46/3,49/4,57/4,61/6,63/9,65/10,15/0,23/0,40/0,52/0,54/0,66/0,66/0,66/0,66/0,66/0,66/0,66/0,66/0,66/0,66/0,66/0,66/0,66/0,66/0,66/0,chased,2025
1/0,6/0,10/1,17/1,23/1,34/1,44/1,54/1,57/1,60/2,63/2,66/2,71/2,75/2,77/3,81/3,85/3,92/3,99/3,108/3,6/0,13/0,20/0,33/0,50/0,60/0,69/0,73/0,82/0,87/0,90/1,101/2,109/3,109/3,109/3,109/3,109/3,109/3,109/3,109/3,chased,2025
1/0,3/0,4/1,10/1,14/1,16/1,18/3,25/3,37/3,42/3,46/3,50/3,58/3,63/3,68/3,72/4,78/4,82/5,87/5,96/7,3/0,5/0,14/0,20/0,34/0,41/0,56/0,63/0,72/0,80/0,87/0,95/1,97/1,97/1,97/1,97/1,97/1,97/1,97/1,97/1,chased,2025
1/0,3/0,4/0,6/1,6/1,9/1,12/1,15/2,15/4,19/4,23/4,24/8,26/10,26/10,26/10,26/10,26/10,26/10,26/10,26/10,9/0,14/1,23/1,27/1,27/1,27/1,27/1,27/1,27/1,27/1,27/1,27/1,27/1,27/1,27/1,27/1,27/1,27/1,27/1,27/1,chased,2025
1/0,12/0,21/0,32/0,43/0,52/0,60/0,68/0,76/0,83/0,87/0,102/0,106/0,117/0,132/0,146/1,156/1,167/2,176/2,191/3,2/0,7/0,17/0,22/0,35/0,43/1,48/1,50/2,56/2,62/2,68/2,72/2,76/2,89/2,97/3,103/3,109/4,118/5,126/5,134/5,defend,2024
1/0,8/0,13/0,24/0,31/0,43/0,44/0,52/0,61/0,75/0,82/0,94/1,95/1,101/1,107/1,117/1,133/1,155/1,161/2,172/3,8/0,16/0,24/0,27/0,34/1,35/1,48/1,51/1,58/1,67/1,70/1,77/1,90/2,92/4,109/4,113/5,116/5,122/5,126/7,130/8,defend,2024
1/0,9/0,14/0,22/1,26/1,26/2,30/2,38/3,51/3,54/3,63/3,78/3,84/3,87/3,90/4,102/4,106/6,109/6,114/7,124/8,0/2,2/2,2/3,2/3,3/3,3/4,5/4,9/4,10/4,14/4,16/4,18/4,18/7,20/8,25/8,26/8,29/9,30/9,30/10,30/10,defend,2024
1/0,7/0,10/1,11/1,11/1,12/1,13/1,14/1,18/1,23/1,26/1,29/1,29/2,40/2,44/2,49/2,52/3,59/3,62/3,65/4,4/0,10/0,15/1,18/2,20/2,21/2,33/2,35/2,39/2,45/2,54/2,66/2,66/2,66/2,66/2,66/2,66/2,66/2,66/2,66/2,chased,2024
1/0,25/0,29/0,36/0,45/0,57/0,63/0,72/0,83/0,87/0,95/0,101/0,104/0,110/1,117/1,130/1,139/1,146/2,151/3,160/3,4/1,13/1,20/1,22/1,23/2,24/3,25/3,27/4,32/4,35/4,39/4,44/5,45/5,52/5,54/5,55/5,63/5,70/6,81/6,88/6,defend,2024
1/0,8/0,9/1,11/1,13/1,21/1,23/1,26/2,28/2,36/2,38/3,40/3,45/4,50/4,55/4,59/4,59/6,64/7,68/8,72/10,4/0,8/0,14/0,17/0,20/0,26/0,29/0,32/0,35/0,37/1,40/2,41/3,46/3,49/4,50/4,55/4,57/5,63/5,69/6,75/6,chased,2024
1/0,12/0,13/0,18/1,23/2,32/2,39/2,45/2,55/2,59/2,61/2,65/2,69/2,72/2,79/2,86/2,94/3,96/4,100/6,103/8,8/0,12/0,18/0,24/0,31/0,41/1,49/1,56/2,68/2,73/2,75/3,78/3,81/4,82/5,86/6,91/7,96/7,99/8,107/9,107/9,chased,2024
1/0,9/0,14/2,14/2,17/2,23/3,30/3,38/3,42/3,53/3,55/3,60/3,65/3,70/3,74/4,84/4,93/4,96/5,99/7,105/9,8/0,11/0,19/0,22/0,27/1,36/1,48/1,52/1,62/1,65/2,69/2,77/2,85/2,91/2,97/2,106/2,106/2,106/2,106/2,106/2,chased,2024
1/0,4/0,11/0,18/1,24/1,30/1,43/1,49/1,57/1,63/1,72/1,88/1,95/1,102/1,106/1,109/2,113/3,121/3,126/3,132/5,6/0,20/0,31/0,39/0,42/0,49/0,53/0,59/0,64/1,69/1,72/1,76/1,87/1,92/2,100/2,113/2,117/3,119/5,121/7,130/8,defend,2024
1/0,11/0,20/0,25/0,34/0,45/0,49/1,52/1,54/1,62/1,75/1,82/1,91/1,96/1,105/1,113/1,119/2,130/3,132/5,146/6,5/0,12/0,26/0,28/1,31/1,46/1,50/2,59/2,68/2,79/3,87/3,99/3,108/3,112/3,124/3,127/3,136/3,137/4,144/5,148/5,chased,2024
1/0,2/0,7/0,7/0,8/1,8/1,14/2,17/2,19/2,25/2,35/2,41/2,52/2,62/2,69/2,73/2,78/4,85/6,90/6,101/6,11/0,18/0,25/0,29/1,38/1,49/1,52/1,62/1,72/1,78/2,88/2,93/2,101/2,105/2,105/2,105/2,105/2,105/2,105/2,105/2,chased,2024
1/0,2/2,3/4,5/4,15/4,17/4,18/4,20/5,22/6,22/7,28/7,29/7,30/8,30/8,30/9,31/9,32/10,32/10,32/10,32/10,3/0,7/1,15/3,19/3,19/3,30/3,34/3,34/3,34/3,34/3,34/3,34/3,34/3,34/3,34/3,34/3,34/3,34/3,34/3,34/3,chased,2024
1/0,2/1,2/1,4/1,5/1,10/1,11/1,13/1,16/1,18/3,25/3,30/3,38/3,44/3,45/4,50/4,53/4,57/4,65/4,70/5,5/0,11/0,13/0,14/0,17/0,22/0,30/1,32/1,44/1,49/1,52/1,59/1,62/1,64/2,72/2,72/2,72/2,72/2,72/2,72/2,chased,2024
1/0,13/0,17/0,24/0,29/1,34/1,42/1,48/1,59/1,73/1,81/1,94/2,96/3,101/3,108/3,112/4,118/4,127/4,135/5,145/6,7/0,22/0,31/0,38/0,44/0,50/0,59/0,73/0,79/0,83/1,99/1,111/1,113/2,117/2,131/2,136/3,149/3,149/3,149/3,149/3,chased,2024
1/0,5/0,6/0,14/0,16/1,20/2,23/3,29/4,34/6,42/6,48/6,56/6,58/6,68/6,76/6,81/7,93/7,101/8,103/8,118/8,9/0,10/0,12/1,21/1,24/1,26/1,28/2,29/4,31/5,32/7,32/7,32/9,32/10,32/10,32/10,32/10,32/10,32/10,32/10,32/10,defend,2024
1/0,6/0,13/1,19/1,23/1,26/1,31/1,34/1,35/2,37/2,44/2,51/2,59/2,63/2,67/2,76/3,82/3,89/3,90/4,95/5,2/2,3/2,5/2,8/2,14/2,14/3,16/3,21/3,30/5,35/5,37/6,40/7,40/7,41/8,43/8,43/10,43/10,43/10,43/10,43/10,defend,2024
1/0,6/0,17/0,22/0,26/1,29/1,41/1,50/1,56/1,60/1,62/2,78/2,88/2,98/2,118/2,129/2,132/3,145/3,146/5,151/6,8/0,13/0,19/0,21/0,23/0,23/1,25/2,35/2,41/2,43/2,55/2,56/2,61/2,65/2,71/2,72/3,85/3,91/4,97/4,107/4,defend,2024
1/0,7/0,12/0,13/0,18/1,21/1,23/2,26/2,29/4,36/5,39/6,43/6,45/6,51/7,58/7,60/9,63/9,71/9,76/9,80/9,1/0,8/1,15/1,19/1,31/1,32/2,33/2,37/3,40/3,40/3,46/3,48/4,60/4,67/4,71/4,74/4,81/4,81/4,81/4,81/4,chased,2024
1/0,6/0,8/2,9/3,14/3,23/3,28/3,32/3,42/4,46/4,55/4,58/5,62/5,62/5,63/6,64/7,67/7,71/8,73/9,75/10,6/0,14/0,15/0,25/0,30/0,39/1,43/3,47/3,52/3,58/4,68/4,73/4,76/4,76/4,76/4,76/4,76/4,76/4,76/4,76/4,chased,2024
1/0,2/0,4/0,8/0,12/1,16/1,27/1,33/1,37/1,40/1,43/2,44/2,52/2,57/2,62/2,64/2,67/2,69/3,81/3,90/3,7/1,21/1,35/1,48/1,57/2,59/3,75/3,82/3,91/3,91/3,91/3,91/3,91/3,91/3,91/3,91/3,91/3,91/3,91/3,91/3,chased,2024
1/0,1/0,14/0,18/0,23/1,24/2,31/2,38/2,42/2,50/2,55/2,58/2,66/2,74/2,76/2,80/4,88/5,93/5,98/7,101/8,11/0,14/1,19/2,29/2,32/2,36/2,38/3,39/3,44/3,45/4,48/4,56/4,58/4,66/4,68/5,76/5,81/5,86/7,100/7,104/7,chased,2024
1/0,7/0,9/0,16/0,18/0,24/1,26/3,31/3,32/3,33/3,47/3,56/3,62/3,64/4,78/5,80/6,84/6,86/6,100/6,110/6,6/1,13/1,14/1,19/1,22/1,31/2,38/4,45/4,52/4,61/4,64/4,76/4,77/4,83/4,87/5,95/5,100/5,107/5,109/5,113/5,chased,2024
1/0,4/0,12/1,15/1,18/1,29/1,39/1,48/1,54/2,57/2,65/3,68/3,78/3,82/3,84/4,91/4,91/5,99/5,106/6,111/6,5/0,9/0,9/0,10/0,12/1,18/1,20/2,26/2,32/2,40/2,43/2,51/2,53/2,61/2,64/2,68/2,77/2,84/2,90/2,94/5,defend,2024
1/0,1/0,9/0,17/0,19/1,21/1,26/1,31/1,37/1,45/1,53/1,55/1,63/1,68/2,80/2,84/2,97/2,102/3,105/4,119/4,6/0,9/2,10/2,12/2,12/2,18/2,18/2,23/2,25/3,28/3,35/3,38/3,41/3,47/3,52/3,55/4,60/4,66/4,71/5,75/5,defend,2024
1/0,2/0,5/2,10/2,14/3,17/4,20/5,30/6,38/6,40/6,46/6,46/6,51/7,54/9,54/9,55/10,55/10,55/10,55/10,55/10,18/0,27/0,44/0,56/0,56/0,56/0,56/0,56/0,56/0,56/0,56/0,56/0,56/0,56/0,56/0,56/0,56/0,56/0,56/0,56/0,chased,2024
1/0,6/0,10/0,13/0,14/0,16/0,23/1,27/1,28/3,32/3,40/3,48/4,48/7,57/7,59/7,61/8,62/10,62/10,62/10,62/10,5/0,9/0,18/1,20/1,24/1,26/1,27/1,31/2,33/2,33/4,35/6,38/6,44/6,45/7,52/8,55/8,63/8,63/8,63/8,63/8,chased,2024
1/0,6/0,13/1,13/2,22/2,31/2,35/2,36/2,47/2,55/2,59/3,68/3,71/4,73/5,76/5,87/5,95/6,102/6,104/7,115/8,3/0,5/0,11/0,13/1,21/1,23/2,32/2,36/2,39/2,46/4,49/4,56/4,57/5,57/6,61/6,62/7,68/7,71/8,73/8,75/9,defend,2024
1/0,4/0,11/0,17/2,18/2,20/2,31/2,37/2,39/2,41/2,43/2,46/3,50/3,51/4,57/4,63/4,68/6,72/7,79/8,81/8,5/1,8/1,8/1,20/1,22/2,24/3,25/3,27/4,36/4,41/4,45/4,47/4,49/5,60/5,66/6,70/6,72/6,78/6,80/6,82/6,chased,2024
1/0,5/1,6/2,7/3,7/3,10/3,17/3,17/3,19/3,24/3,26/3,32/3,34/3,37/3,44/4,52/5,55/5,63/6,68/7,68/7,10/0,12/1,21/1,26/1,28/1,32/2,39/2,50/3,53/3,55/4,56/4,61/4,64/4,66/4,71/4,71/4,71/4,71/4,71/4,71/4,chased,2024
1/0,3/0,5/0,11/0,14/1,18/2,26/2,32/2,39/2,43/3,44/3,52/3,54/4,64/4,68/5,69/7,71/8,72/10,72/10,72/10,8/0,19/0,30/0,40/0,54/1,66/1,76/1,76/1,76/1,76/1,76/1,76/1,76/1,76/1,76/1,76/1,76/1,76/1,76/1,76/1,chased,2024
1/0,2/1,15/1,24/1,27/1,33/1,45/1,51/1,61/1,65/1,72/1,86/1,98/2,104/2,115/2,116/4,127/4,128/6,133/7,137/9,4/0,8/0,13/0,14/0,21/0,28/1,31/1,42/1,48/2,58/2,65/2,70/2,80/2,89/2,98/2,104/2,113/2,121/3,132/3,140/4,chased,2023
1/0,1/1,5/1,5/1,5/2,6/2,12/2,18/2,19/3,29/3,34/4,37/4,48/4,52/4,59/4,67/4,73/4,85/4,90/4,97/6,8/0,10/0,16/0,25/0,31/0,36/0,50/0,53/0,60/0,69/0,74/0,86/0,92/0,98/0,98/0,98/0,98/0,98/0,98/0,98/0,chased,2023
1/0,3/1,9/1,12/1,14/1,16/2,19/4,24/4,27/4,29/4,32/4,36/4,41/4,42/5,43/6,45/6,51/6,56/7,60/9,68/10,6/1,9/2,15/3,18/3,31/3,33/4,42/5,45/5,50/5,52/6,57/6,57/6,60/6,72/7,72/7,72/7,72/7,72/7,72/7,72/7,chased,2023
1/0,6/0,18/0,24/1,24/1,38/1,44/1,50/1,60/1,68/1,78/1,89/1,92/2,102/2,108/2,116/2,126/2,132/2,143/2,147/3,4/0,15/0,22/1,28/1,47/1,57/1,73/1,88/1,102/1,108/2,115/2,129/2,145/2,149/2,149/2,149/2,149/2,149/2,149/2,149/2,chased,2023
1/0,3/1,7/1,10/1,16/1,24/1,28/1,31/1,38/2,44/2,54/2,60/2,64/2,69/2,74/3,80/3,87/3,99/4,107/5,110/5,4/0,15/1,16/2,22/2,24/2,28/2,29/2,31/2,34/2,38/2,43/2,48/3,49/3,57/3,59/4,62/4,66/4,70/4,80/4,83/4,defend,2023
1/0,7/0,13/0,25/0,34/0,38/1,40/1,44/1,47/2,51/2,56/2,63/2,66/2,76/2,82/3,87/4,92/4,98/5,106/7,110/8,1/1,5/1,11/1,15/1,18/2,23/2,29/2,32/2,39/3,46/4,56/4,60/5,63/6,66/6,74/6,83/6,87/8,92/9,97/9,104/10,defend,2023
1/0,10/0,21/0,21/2,24/4,24/4,25/4,30/5,31/6,36/6,40/7,41/8,46/8,51/8,53/8,56/8,58/9,61/9,65/9,65/10,3/0,7/1,13/1,20/1,28/1,35/1,37/1,41/1,52/1,60/2,66/2,66/2,66/2,66/2,66/2,66/2,66/2,66/2,66/2,66/2,chased,2023
1/0,6/0,13/0,18/0,19/2,23/2,32/2,36/3,42/4,44/4,50/4,53/4,59/4,64/5,72/5,75/6,75/7,82/8,87/9,92/10,5/1,13/1,19/1,25/1,29/1,32/1,35/1,40/1,46/1,48/2,53/2,58/2,62/3,69/3,78/3,83/4,86/4,91/4,95/4,95/4,chased,2023
1/0,11/0,19/0,31/0,40/1,42/1,47/1,52/3,56/3,57/5,59/5,68/5,75/5,77/5,79/5,81/5,86/5,88/5,90/7,90/8,4/1,27/1,36/1,48/1,51/1,58/1,66/1,70/1,78/1,84/1,91/1,91/1,91/1,91/1,91/1,91/1,91/1,91/1,91/1,91/1,chased,2023
1/0,3/0,8/0,16/0,19/1,19/2,20/2,21/3,28/3,30/4,35/4,38/4,44/4,48/5,50/7,54/7,54/9,62/9,72/9,77/10,5/0,12/0,18/0,23/0,27/0,29/1,32/1,32/1,35/2,37/2,39/3,45/3,47/3,55/3,62/3,72/3,76/5,76/6,78/6,78/6,chased,2023
1/0,11/0,17/0,19/0,26/0,34/1,36/1,39/2,41/4,46/4,50/4,60/4,64/5,73/5,77/6,85/6,88/6,93/6,100/8,111/9,0/0,0/0,0/0,0/0,0/0,0/0,0/0,0/0,0/0,0/0,0/0,0/0,0/0,0/0,0/0,0/0,0/0,0/0,0/0,0/0,unknown,2023
1/0,1/0,3/0,6/1,10/1,11/3,12/5,18/6,19/6,20/6,22/6,23/8,24/9,29/9,32/9,32/10,32/10,32/10,32/10,32/10,3/0,8/1,13/1,33/1,33/1,33/1,33/1,33/1,33/1,33/1,33/1,33/1,33/1,33/1,33/1,33/1,33/1,33/1,33/1,33/1,chased,2023
1/0,4/1,10/1,13/1,20/1,27/1,31/2,36/2,41/3,46/4,50/4,51/4,55/4,60/4,66/4,76/4,81/4,90/4,97/4,108/4,4/0,6/0,11/1,18/1,23/1,27/1,29/1,31/1,35/2,42/5,44/6,52/7,60/7,60/9,61/9,61/9,62/10,62/10,62/10,62/10,defend,2023
1/0,2/0,10/0,12/2,13/2,13/3,16/3,17/3,21/3,22/4,22/4,22/4,22/4,22/4,22/4,22/4,22/4,22/4,22/4,22/4,0/0,0/0,0/0,0/0,0/0,0/0,0/0,0/0,0/0,0/0,0/0,0/0,0/0,0/0,0/0,0/0,0/0,0/0,0/0,0/0,unknown,2023
1/0,9/0,11/0,20/0,21/2,27/2,28/3,31/3,33/3,35/3,39/3,45/3,47/3,48/5,49/6,49/10,49/10,49/10,49/10,49/10,5/1,12/1,22/1,30/1,31/1,43/1,55/1,55/1,55/1,55/1,55/1,55/1,55/1,55/1,55/1,55/1,55/1,55/1,55/1,55/1,chased,2023
1/0,11/0,11/0,15/0,21/0,26/1,30/1,32/1,33/2,35/3,37/3,46/4,52/4,55/4,57/4,60/4,62/5,70/5,80/5,88/6,4/0,17/0,20/0,21/1,32/1,41/1,48/1,60/1,65/2,71/2,77/2,88/2,89/2,89/2,89/2,89/2,89/2,89/2,89/2,89/2,chased,2023
1/0,8/0,26/0,40/0,48/0,57/0,70/0,75/0,84/0,95/0,101/0,107/0,115/0,123/1,126/1,135/1,139/1,144/1,156/1,164/1,1/0,2/1,4/2,10/2,11/3,12/3,12/4,12/4,15/5,23/5,27/5,28/5,33/5,34/5,39/5,39/6,44/6,44/7,48/7,53/10,defend,2023
1/0,9/0,13/0,16/0,22/0,30/0,35/0,41/0,52/1,57/1,63/2,69/3,73/3,85/3,87/4,92/4,100/4,103/6,108/6,115/6,3/0,10/0,12/1,18/2,24/2,27/3,42/3,48/3,49/3,50/4,50/5,58/5,69/6,74/6,77/6,80/8,82/10,82/10,82/10,82/10,defend,2023
1/0,14/0,19/1,26/2,34/2,44/2,54/2,62/2,74/3,82/3,92/3,97/3,112/3,120/4,120/5,129/5,144/5,154/5,161/5,173/6,3/1,4/2,5/3,7/3,9/3,14/4,18/5,22/6,22/7,22/8,23/8,24/8,26/8,26/9,26/10,26/10,26/10,26/10,26/10,26/10,defend,2023
1/0,10/1,11/2,16/2,18/2,20/4,30/4,30/4,35/4,37/5,42/6,48/7,48/9,52/9,52/10,52/10,52/10,52/10,52/10,52/10,4/0,7/0,18/0,22/0,35/0,39/1,43/1,51/1,53/1,53/1,53/1,53/1,53/1,53/1,53/1,53/1,53/1,53/1,53/1,53/1,chased,2023
1/0,11/0,15/0,18/0,19/0,23/0,23/1,26/1,30/2,33/2,41/2,46/2,56/2,61/2,65/2,71/2,76/2,86/3,90/4,98/4,1/0,4/1,5/1,8/1,8/1,10/1,12/2,16/2,20/2,22/4,26/4,32/4,36/5,39/6,45/8,45/10,45/10,45/10,45/10,45/10,defend,2023
1/0,3/0,11/0,12/1,16/1,17/2,22/2,28/2,34/2,38/2,46/2,52/2,55/3,62/3,67/4,68/5,75/5,83/5,93/6,106/6,12/0,12/1,16/1,20/1,26/1,31/1,34/3,39/3,41/3,45/3,47/4,52/4,53/4,58/4,59/5,60/6,63/9,64/9,67/10,67/10,defend,2023
1/0,3/0,8/0,13/0,23/0,25/0,27/0,34/1,35/1,40/1,51/1,55/2,63/2,72/3,82/3,93/3,104/3,119/4,127/4,133/6,13/0,20/0,25/0,30/0,32/1,33/1,39/1,46/1,55/1,58/2,60/2,63/3,68/4,69/5,77/5,84/5,92/5,97/5,102/6,108/6,defend,2023
1/0,1/1,3/2,4/2,5/2,7/3,7/3,12/3,13/4,15/4,20/4,22/4,31/4,40/4,42/4,46/5,47/5,50/5,55/6,61/8,6/0,8/0,14/1,14/1,20/1,21/1,24/1,27/1,33/1,37/1,39/1,42/1,47/1,55/1,58/1,64/1,64/1,64/1,64/1,64/1,chased,2023
1/0,3/0,12/0,13/1,22/1,23/2,28/2,38/2,45/2,48/2,50/3,56/3,59/3,60/4,71/4,73/5,80/5,85/5,90/5,98/5,5/1,8/1,10/1,11/1,25/1,29/3,33/3,40/3,46/3,52/3,57/3,59/4,61/4,63/5,73/5,76/5,83/5,86/6,89/7,91/9,defend,2023
1/0,5/1,5/4,14/4,18/4,23/5,24/6,29/6,30/6,36/6,38/7,44/7,46/7,48/9,50/9,52/9,53/9,56/10,56/10,56/10,9/0,19/1,22/1,31/1,33/1,36/1,45/1,52/1,57/1,57/1,57/1,57/1,57/1,57/1,57/1,57/1,57/1,57/1,57/1,57/1,chased,2023
1/0,10/0,15/1,22/2,23/2,29/2,30/3,32/3,33/3,38/3,41/3,45/3,46/4,53/5,56/6,59/6,61/7,64/8,74/8,75/10,5/0,9/0,20/0,29/0,35/0,40/0,56/0,63/0,71/0,75/0,76/0,76/0,76/0,76/0,76/0,76/0,76/0,76/0,76/0,76/0,chased,2023
1/0,10/0,15/0,20/0,22/2,25/2,29/3,35/3,35/3,35/3,35/3,35/3,35/3,35/3,35/3,35/3,35/3,35/3,35/3,35/3,2/1,11/2,17/3,24/3,33/3,38/3,42/3,42/3,42/3,42/3,42/3,42/3,42/3,42/3,42/3,42/3,42/3,42/3,42/3,42/3,chased,2023
1/0,1/0,3/0,3/0,6/1,9/1,11/2,26/2,28/3,35/3,39/3,47/3,50/4,51/4,54/4,63/4,69/5,72/5,74/9,79/10,7/0,20/0,25/0,27/0,32/0,33/1,37/1,39/1,46/1,55/2,61/2,65/3,73/3,77/4,85/4,85/4,85/4,85/4,85/4,85/4,chased,2023
1/0,19/0,23/0,26/0,27/0,34/1,39/1,44/1,55/1,61/1,66/1,70/1,78/1,85/1,100/1,111/2,118/2,136/2,146/2,158/2,0/0,4/0,4/1,5/1,12/1,15/1,20/1,21/1,37/1,43/1,54/1,63/2,66/4,69/4,70/5,74/7,75/7,76/8,82/8,85/8,defend,2022
1/0,10/0,18/0,31/0,40/0,65/0,80/0,98/0,104/1,109/1,114/1,119/1,135/1,146/1,161/1,173/2,183/2,192/3,197/4,204/4,4/0,4/0,11/0,19/0,22/0,25/0,35/0,45/0,50/0,55/0,60/1,60/1,61/3,68/4,71/4,75/5,82/5,83/6,92/6,95/7,defend,2022
1/0,7/0,12/0,14/1,20/1,22/1,26/1,30/1,33/1,40/1,49/2,59/2,65/3,69/4,74/5,76/6,78/6,83/7,85/9,86/10,4/0,8/1,10/1,12/1,12/1,14/1,15/1,16/2,19/2,20/2,26/2,29/2,30/3,34/4,42/4,48/4,56/4,60/5,68/6,75/7,defend,2022
1/0,2/3,6/3,14/4,27/4,32/5,37/5,45/5,56/6,62/7,63/8,68/8,70/9,70/10,70/10,70/10,70/10,70/10,70/10,70/10,5/1,9/1,23/1,33/1,39/1,48/1,52/2,56/2,70/3,76/3,76/3,76/3,76/3,76/3,76/3,76/3,76/3,76/3,76/3,76/3,chased,2022
1/0,4/0,9/1,10/1,14/1,21/1,28/1,32/2,43/2,46/2,52/2,55/2,58/2,62/3,69/3,72/3,84/3,89/3,97/5,102/6,3/0,6/1,12/1,20/1,26/1,28/1,33/2,36/3,40/3,44/3,56/3,63/3,67/3,70/3,74/3,88/3,100/3,104/3,104/3,104/3,chased,2022
1/0,3/0,4/0,8/0,13/0,15/0,19/0,22/0,31/0,42/0,46/1,57/1,63/1,73/1,89/1,98/1,105/3,112/3,119/4,131/5,3/0,13/0,14/2,15/2,19/2,23/2,25/2,32/2,34/2,36/2,44/2,49/2,56/2,65/2,74/2,83/3,88/5,95/6,100/7,103/8,defend,2022
1/0,9/0,12/1,26/1,28/1,33/2,39/2,51/2,52/2,57/2,59/2,64/2,73/2,82/2,88/3,94/3,103/3,107/3,113/3,121/3,8/0,11/0,16/0,19/0,25/0,26/1,29/2,34/2,41/2,44/3,48/4,53/4,61/5,67/6,71/7,71/7,81/7,88/7,94/8,95/9,defend,2022
1/0,9/0,25/0,29/0,33/0,36/0,40/0,44/0,49/1,58/1,63/1,70/1,79/1,82/2,83/2,93/2,94/2,97/3,109/5,123/6,9/0,14/1,23/1,29/1,30/2,31/2,34/2,38/2,45/2,49/3,53/3,57/3,64/4,67/4,70/5,73/5,76/5,78/6,82/6,90/6,defend,2022
1/0,4/0,10/0,15/0,16/1,22/1,23/2,24/2,26/2,32/2,38/2,40/3,44/4,44/5,45/6,53/6,56/7,60/7,67/9,68/10,7/0,11/1,11/2,16/2,18/2,22/2,27/2,28/2,36/2,44/2,47/2,56/2,60/4,69/4,69/4,69/4,69/4,69/4,69/4,69/4,chased,2022
1/0,1/0,5/0,14/0,22/0,24/0,27/0,31/0,32/2,34/3,44/3,47/3,51/3,55/3,57/4,65/6,68/7,74/8,79/8,91/8,4/1,15/1,16/1,19/1,25/1,31/1,35/1,39/1,44/2,55/2,60/2,63/2,67/3,74/3,80/3,87/4,94/4,94/4,94/4,94/4,chased,2022
1/0,12/0,19/0,23/0,25/1,27/1,27/1,33/2,42/3,48/3,56/3,60/5,69/5,75/5,79/5,85/6,93/6,101/8,107/8,114/10,4/1,9/2,11/3,14/3,18/3,18/4,22/4,27/5,31/6,33/6,34/6,35/6,38/6,44/6,51/6,53/6,58/6,59/8,63/9,70/10,defend,2022
1/0,1/2,2/2,9/2,15/3,18/3,21/3,28/3,31/3,37/3,44/4,51/4,56/4,64/4,69/4,76/5,79/5,84/6,90/6,94/9,2/0,4/0,4/1,7/1,9/2,11/3,12/3,19/3,21/3,22/3,26/4,30/4,32/5,35/6,39/6,40/7,42/8,44/10,44/10,44/10,defend,2022
1/0,5/0,13/0,24/1,36/1,41/1,53/2,61/2,70/2,78/2,86/4,86/4,86/4,86/4,86/4,86/4,86/4,86/4,86/4,86/4,15/0,28/0,38/1,42/2,47/2,52/3,53/4,57/5,62/6,67/7,74/8,74/8,74/8,74/8,74/8,74/8,74/8,74/8,74/8,74/8,defend,2022
1/0,11/1,14/1,19/1,25/1,27/2,31/2,37/2,43/2,52/2,59/2,71/2,80/2,92/2,96/2,104/2,110/2,128/2,140/3,152/3,8/0,13/1,14/1,18/1,25/1,30/2,55/2,60/2,64/3,65/3,73/3,78/4,81/5,83/5,85/5,91/5,95/7,100/7,102/9,105/9,defend,2022
1/0,4/0,9/1,17/1,22/1,27/1,31/1,40/1,50/1,57/2,59/2,66/2,66/4,70/4,71/4,77/4,80/4,85/5,87/7,91/10,10/0,15/0,30/0,37/0,44/0,53/0,58/0,62/0,69/0,76/0,84/0,89/0,91/1,92/1,92/1,92/1,92/1,92/1,92/1,92/1,chased,2022
1/0,10/0,21/0,23/1,28/1,28/1,33/1,38/1,43/1,51/2,60/2,66/2,78/2,81/2,91/2,96/3,102/4,108/5,117/5,120/8,1/0,7/1,13/1,20/1,23/2,24/3,34/3,42/3,47/4,48/5,50/6,53/6,62/7,64/7,70/7,78/8,89/8,98/8,106/8,113/9,defend,2022
1/0,7/0,13/1,13/1,15/1,16/1,20/3,23/4,24/5,25/6,27/7,28/8,30/8,36/8,37/9,37/10,37/10,37/10,37/10,37/10,3/0,9/0,17/1,18/1,22/1,40/1,40/1,40/1,40/1,40/1,40/1,40/1,40/1,40/1,40/1,40/1,40/1,40/1,40/1,40/1,chased,2022
1/0,10/0,19/0,24/1,38/1,47/1,58/2,59/3,66/3,73/5,76/5,78/7,84/8,87/8,91/9,94/9,101/9,106/9,112/10,112/10,7/0,14/0,21/0,28/0,30/1,36/2,39/2,44/3,50/3,51/4,56/4,64/4,66/4,71/4,78/4,90/4,93/4,97/5,113/5,113/5,chased,2022
1/0,5/0,9/0,12/1,14/3,22/3,33/3,48/3,49/4,53/6,61/6,71/6,77/6,83/6,88/6,93/6,102/6,109/6,113/6,124/6,9/0,13/1,19/2,20/4,20/5,23/5,25/5,27/5,32/5,38/6,43/6,44/6,49/6,61/6,68/7,73/8,81/10,81/10,81/10,81/10,defend,2022
1/0,18/0,25/0,38/0,46/0,50/0,59/0,62/1,65/1,70/1,79/2,87/2,101/2,107/4,114/4,130/4,139/4,144/4,147/5,157/6,4/0,13/0,22/1,33/1,48/1,55/1,63/1,63/3,66/3,72/3,81/3,86/3,97/3,103/3,110/4,115/5,128/5,133/6,136/7,140/8,defend,2022
1/0,7/1,13/2,14/2,18/2,26/2,34/2,41/3,45/4,47/7,50/7,54/7,57/7,62/8,64/8,69/10,69/10,69/10,69/10,69/10,0/0,0/1,13/1,19/1,23/2,27/2,35/2,43/2,52/2,56/3,72/3,72/3,72/3,72/3,72/3,72/3,72/3,72/3,72/3,72/3,chased,2021
1/0,8/0,15/0,22/0,30/0,41/0,51/0,60/0,67/1,69/2,79/2,81/2,89/2,93/3,97/3,103/3,111/4,123/4,126/5,136/6,7/1,14/1,23/3,31/3,34/3,35/3,37/3,40/4,40/5,48/5,49/5,53/5,59/6,62/6,67/6,78/6,88/6,98/6,116/6,126/6,defend,2021
1/0,2/1,7/1,15/1,16/1,20/1,25/2,28/2,34/4,41/4,47/4,55/4,61/4,65/4,71/4,75/4,77/4,88/4,100/4,104/4,3/1,7/1,11/1,17/1,18/1,25/1,30/1,34/1,43/1,49/2,57/2,63/2,72/3,75/4,76/5,80/7,83/8,95/8,103/9,107/9,chased,2021
1/0,1/0,6/0,8/0,13/1,17/1,24/1,29/1,33/1,41/1,45/1,53/1,58/1,64/1,75/1,76/2,82/2,90/3,93/4,98/5,8/0,15/0,18/0,27/0,38/0,47/0,52/0,57/0,62/0,69/1,75/1,78/3,82/3,84/4,89/4,97/4,99/4,99/4,99/4,99/4,chased,2021
1/0,8/0,10/0,14/0,17/0,20/0,24/1,31/2,36/2,43/2,48/2,49/4,52/4,56/4,62/4,64/5,70/6,77/6,81/7,89/9,1/1,5/1,6/1,8/1,11/2,13/2,14/2,17/2,20/4,23/4,34/4,36/4,42/4,45/5,51/5,61/5,70/5,80/5,92/5,92/5,chased,2021
1/0,1/0,2/0,4/0,5/0,5/0,10/0,11/0,12/0,14/0,15/1,18/2,19/4,21/5,21/7,21/8,22/9,24/10,24/10,24/10,9/0,20/2,25/3,25/3,25/3,25/3,25/3,25/3,25/3,25/3,25/3,25/3,25/3,25/3,25/3,25/3,25/3,25/3,25/3,25/3,chased,2021
1/0,3/0,5/0,10/2,13/2,16/2,20/2,23/3,25/3,31/3,35/3,38/4,42/4,54/5,65/5,70/5,81/5,97/5,103/5,108/6,4/0,7/0,11/1,11/2,12/2,23/2,27/3,31/3,42/3,43/3,54/3,55/4,63/5,65/5,73/6,77/6,81/7,86/8,90/8,94/10,defend,2021
1/0,4/0,11/0,13/0,14/0,20/0,21/0,24/0,31/0,43/0,49/0,53/0,55/0,58/0,65/1,71/1,73/2,73/3,76/3,85/4,6/0,12/0,14/1,17/1,18/1,24/1,28/1,28/3,31/3,33/4,36/4,40/5,42/5,51/5,55/5,55/5,58/5,63/5,66/6,78/7,defend,2021
1/1,7/1,14/1,24/2,35/2,52/2,62/3,63/4,71/4,79/4,85/4,100/4,112/4,121/5,131/5,137/6,147/6,155/7,162/7,172/8,2/1,9/2,16/2,22/2,34/2,43/2,48/3,55/3,59/3,72/3,77/3,83/4,88/4,96/5,101/7,104/8,107/10,107/10,107/10,107/10,defend,2026
1/1,14/1,27/1,34/1,37/2,39/2,45/3,49/3,50/3,60/3,71/3,82/3,91/4,97/4,108/4,120/5,126/5,131/5,132/7,144/7,9/0,16/0,20/0,21/1,26/1,28/2,31/2,32/3,37/3,45/3,49/4,51/5,54/7,56/8,56/9,56/9,63/9,64/10,64/10,64/10,defend,2026
1/1,5/1,7/2,10/2,15/2,15/2,23/2,27/3,34/3,39/3,42/3,50/3,58/3,61/3,71/3,76/3,83/3,89/5,100/5,118/6,8/1,16/2,21/2,27/2,32/2,40/2,46/2,59/2,72/2,83/2,89/3,95/3,104/4,113/4,124/5,124/5,124/5,124/5,124/5,124/5,chased,2026
1/1,1/2,1/4,6/5,8/5,14/6,15/7,18/7,25/7,30/7,38/8,42/8,50/8,59/9,60/10,60/10,60/10,60/10,60/10,60/10,2/0,8/0,16/0,20/1,23/1,34/2,43/2,44/2,46/2,54/3,57/3,60/3,61/3,61/3,61/3,61/3,61/3,61/3,61/3,61/3,chased,2026
1/1,3/2,11/2,19/2,22/2,23/2,31/2,36/2,42/2,51/2,62/2,66/3,70/3,81/3,97/3,102/4,109/4,112/5,115/6,123/7,7/0,8/0,22/0,23/0,27/0,36/0,43/0,46/0,56/0,61/1,67/2,77/2,83/3,92/3,96/3,98/3,104/4,112/4,120/4,126/4,chased,2026
1/1,10/1,13/1,18/1,23/2,24/2,30/2,40/2,52/2,59/2,69/3,76/3,87/3,92/3,100/3,111/3,118/4,127/4,132/5,144/5,2/1,7/1,11/1,22/1,26/1,34/2,42/2,50/2,53/2,58/2,63/3,72/3,79/3,85/3,96/3,101/3,113/5,114/6,120/7,127/8,defend,2025
1/1,5/1,10/2,10/2,11/3,17/3,19/3,26/3,29/3,31/3,33/4,39/4,50/4,55/4,63/4,76/4,85/4,90/4,99/4,109/5,5/0,12/0,21/0,28/1,33/1,36/2,41/2,48/2,55/2,63/2,66/2,72/2,76/3,79/4,85/6,86/7,93/7,94/8,102/8,110/9,chased,2025
1/1,4/2,5/2,11/2,24/2,28/2,32/2,41/2,46/2,53/3,57/3,59/4,62/4,66/4,68/4,71/4,76/5,79/5,85/5,91/5,6/1,13/1,15/1,17/2,19/4,25/5,27/5,28/5,28/5,30/6,32/6,33/6,41/6,46/6,49/8,50/9,51/9,51/10,51/10,51/10,defend,2025
1/1,9/1,11/1,15/2,16/3,19/3,19/3,19/4,22/5,25/5,26/7,26/7,28/8,30/9,37/9,37/10,37/10,37/10,37/10,37/10,7/1,13/1,16/2,18/2,19/2,21/2,22/2,24/2,26/3,32/3,39/3,39/3,39/3,39/3,39/3,39/3,39/3,39/3,39/3,39/3,chased,2025
1/1,5/1,9/4,9/5,13/5,14/6,16/6,16/6,16/6,17/6,19/6,20/6,22/6,23/7,25/7,27/7,27/7,30/8,32/8,32/9,3/1,7/1,8/1,11/2,14/2,16/2,19/3,32/3,33/3,33/3,33/3,33/3,33/3,33/3,33/3,33/3,33/3,33/3,33/3,33/3,chased,2025
1/1,3/1,9/1,11/1,13/1,16/1,21/1,23/1,29/1,35/1,44/1,46/3,52/3,57/4,65/4,67/6,73/7,75/7,79/7,85/8,3/0,3/2,4/2,5/2,11/2,22/2,26/2,33/2,40/2,47/2,60/2,68/2,77/2,87/2,87/2,87/2,87/2,87/2,87/2,87/2,chased,2025
1/1,5/2,10/3,20/4,31/5,37/5,42/5,51/6,57/6,64/6,66/8,78/9,80/9,82/9,88/9,93/9,102/9,102/9,113/9,129/9,6/0,16/0,19/1,33/1,39/1,46/2,50/2,54/2,56/2,59/2,66/2,73/2,78/2,84/2,88/3,95/4,99/5,106/6,113/7,119/8,defend,2025
1/1,5/1,10/1,17/1,22/1,30/2,33/2,41/2,54/2,62/3,63/3,71/4,74/4,74/4,76/4,90/4,96/4,114/5,130/6,138/6,1/0,1/0,6/2,15/2,15/2,22/4,25/4,27/4,29/4,36/4,39/4,42/4,45/4,50/4,51/6,56/6,60/6,65/7,66/8,71/9,defend,2025
1/1,3/1,17/1,21/1,31/1,38/1,41/1,42/1,47/1,52/1,54/2,63/2,72/3,77/3,81/3,92/3,101/4,107/5,118/5,122/5,2/0,3/0,5/0,11/0,18/0,24/0,28/0,37/1,47/1,54/1,56/1,62/1,73/1,82/1,86/1,94/1,102/1,110/2,112/4,116/6,defend,2025
1/1,17/2,18/2,20/2,22/3,27/3,31/3,36/3,39/3,44/3,48/3,50/3,54/3,63/3,68/4,77/4,83/4,98/4,105/4,111/5,12/1,15/1,20/1,24/2,35/2,39/3,44/3,51/3,54/4,57/4,59/4,69/4,82/4,85/4,95/4,102/4,109/4,115/4,115/4,115/4,chased,2025
1/1,2/1,5/1,18/1,25/1,28/1,30/1,31/2,33/3,35/3,37/4,43/4,44/5,51/5,56/6,60/7,67/7,77/7,79/7,83/8,2/0,3/0,7/0,10/0,12/0,13/1,14/1,20/1,30/1,33/1,37/1,40/1,49/2,52/3,56/3,58/5,62/5,62/6,63/6,71/7,defend,2025
1/1,2/2,6/2,12/2,14/2,15/2,18/3,26/3,31/3,36/3,39/3,44/3,48/4,54/4,59/4,63/4,75/4,84/4,84/4,84/4,3/0,17/0,21/0,33/0,38/0,44/0,57/0,57/0,57/0,57/0,57/0,57/0,57/0,57/0,57/0,57/0,57/0,57/0,57/0,57/0,chased,2025
1/1,9/1,15/1,28/1,29/3,36/3,43/3,44/3,54/3,62/3,76/3,82/3,95/3,108/3,112/4,120/4,130/5,140/6,149/6,162/7,6/0,14/0,25/0,36/1,40/1,53/1,57/2,66/3,73/3,77/3,87/3,91/3,103/3,110/4,119/4,127/4,141/4,150/5,161/5,163/5,chased,2024
1/1,11/1,17/1,24/1,33/1,43/1,48/1,55/1,67/1,71/2,74/2,79/2,84/2,97/2,106/2,114/2,126/2,140/2,155/3,169/3,7/0,17/0,22/1,28/1,29/1,30/1,35/2,44/2,50/3,58/3,59/3,66/3,73/3,76/3,83/3,92/3,98/3,101/5,104/6,109/7,defend,2024
1/1,9/1,16/1,18/1,28/2,32/3,37/3,48/3,51/3,52/5,56/5,61/5,65/6,67/6,71/6,79/6,84/8,94/9,94/10,94/10,5/0,17/0,24/0,34/0,47/0,62/0,68/0,78/0,85/0,94/0,95/0,95/0,95/0,95/0,95/0,95/0,95/0,95/0,95/0,95/0,chased,2024
1/1,5/1,10/2,16/2,20/2,26/3,31/3,34/5,34/6,34/8,36/9,39/9,40/9,42/9,43/9,50/9,51/9,54/10,54/10,54/10,6/1,10/1,17/1,21/1,25/1,32/1,38/1,46/1,48/1,56/1,56/1,56/1,56/1,56/1,56/1,56/1,56/1,56/1,56/1,56/1,chased,2024
1/1,4/1,9/2,16/2,23/2,24/2,31/2,32/2,35/2,38/2,44/3,49/3,54/3,59/3,70/3,75/3,82/3,91/3,104/3,110/4,4/1,13/2,18/2,23/2,33/2,39/2,49/2,54/2,57/2,60/2,65/2,68/2,72/2,76/2,82/2,90/2,105/2,111/2,111/2,111/2,chased,2024
1/1,1/1,2/1,2/3,3/3,7/4,9/4,15/4,17/5,19/5,22/5,24/5,27/5,34/5,37/5,42/5,42/6,44/6,46/6,51/6,4/0,9/0,12/0,18/0,25/0,32/0,37/0,42/0,49/0,52/0,52/0,52/0,52/0,52/0,52/0,52/0,52/0,52/0,52/0,52/0,chased,2024
1/1,5/1,17/1,18/1,25/2,29/2,34/3,37/3,41/3,41/4,47/4,52/4,58/5,70/6,72/7,76/7,79/7,89/7,97/7,105/8,4/0,8/0,14/0,18/0,22/1,25/1,31/1,37/1,42/1,50/1,55/1,62/2,67/2,74/2,79/2,84/4,94/4,102/4,108/5,108/5,chased,2024
1/1,4/1,7/1,8/1,10/1,21/1,29/1,36/2,41/2,43/2,49/2,50/2,59/2,63/2,67/2,73/2,81/2,83/3,96/3,106/3,8/0,17/0,23/1,24/1,27/1,36/1,40/1,49/1,57/1,63/1,70/1,76/2,79/2,84/3,87/3,96/3,105/3,107/3,107/3,107/3,chased,2024
1/1,9/1,15/1,20/1,27/2,33/2,38/2,44/3,48/3,53/3,58/3,59/4,61/5,68/5,74/5,77/7,80/8,86/8,88/10,88/10,5/0,6/0,7/0,14/1,17/1,24/2,35/2,36/2,45/2,52/2,57/2,61/2,66/2,71/2,72/2,77/2,81/2,87/2,92/2,92/2,chased,2024
1/1,3/2,6/2,12/2,12/3,17/3,19/3,22/3,31/3,37/4,43/4,46/5,47/6,49/6,55/7,56/8,57/8,58/9,59/10,59/10,2/0,7/0,12/0,12/0,13/0,15/1,17/2,19/2,25/2,28/2,32/2,33/2,37/2,41/2,43/2,45/2,46/4,54/4,60/4,60/4,chased,2024
1/1,6/1,13/1,15/1,18/1,22/1,26/1,33/1,37/1,43/1,50/3,51/4,54/4,57/5,60/5,61/6,68/6,72/7,79/7,87/9,4/1,6/1,12/1,19/3,24/4,25/4,30/4,34/5,39/5,48/5,56/5,60/5,62/6,69/6,78/6,80/6,84/7,88/7,88/7,88/7,chased,2024
1/1,10/1,15/1,20/1,27/1,31/1,41/1,46/1,53/1,74/1,84/1,93/1,100/1,114/1,124/1,131/3,141/3,150/3,153/4,160/4,9/0,11/0,13/0,17/0,27/0,30/0,39/0,46/0,51/0,62/0,69/0,72/1,81/2,88/2,98/2,105/4,113/5,119/5,125/5,129/7,defend,2024
1/1,5/1,9/1,10/2,20/2,30/3,39/3,48/4,53/4,60/5,61/5,68/5,71/6,76/6,79/7,83/7,89/7,93/8,94/8,97/9,1/1,1/3,11/3,15/3,18/3,27/3,29/3,30/4,36/4,38/5,42/5,48/5,50/7,56/7,58/9,63/9,68/9,71/10,71/10,71/10,defend,2024
1/1,4/1,6/3,10/3,13/3,21/3,27/4,31/4,37/4,48/4,52/4,54/4,55/5,56/6,57/6,62/7,64/7,67/8,70/8,76/9,9/0,19/0,25/0,28/0,44/0,50/0,54/1,68/1,73/1,77/1,77/1,77/1,77/1,77/1,77/1,77/1,77/1,77/1,77/1,77/1,chased,2024
1/1,9/1,15/2,16/2,20/2,22/2,27/2,35/2,37/3,39/3,40/4,53/4,58/4,64/5,75/5,81/6,83/7,83/9,85/10,85/10,9/1,23/1,24/1,28/1,34/2,37/3,43/3,51/4,57/5,60/5,66/5,67/7,68/8,79/9,82/9,82/9,86/9,86/9,86/9,86/9,chased,2024
1/1,1/2,1/3,1/3,3/5,4/5,5/5,9/5,11/5,13/6,14/7,15/9,19/10,19/10,19/10,19/10,19/10,19/10,19/10,19/10,15/1,20/1,20/1,20/1,20/1,20/1,20/1,20/1,20/1,20/1,20/1,20/1,20/1,20/1,20/1,20/1,20/1,20/1,20/1,20/1,chased,2024
1/1,7/1,20/1,40/1,45/1,61/1,66/1,78/1,86/1,99/1,104/2,119/2,131/2,139/2,153/3,161/3,175/3,186/3,202/3,217/4,1/0,4/0,9/0,22/1,34/1,46/1,57/1,62/2,69/3,84/3,96/3,100/4,106/4,123/4,133/5,138/7,142/7,147/9,151/9,157/9,defend,2024
1/1,2/1,6/1,11/1,19/1,27/1,30/1,38/2,45/3,47/3,49/3,63/3,67/3,76/3,80/3,90/4,92/5,103/5,110/6,116/6,3/0,12/0,17/0,18/1,21/1,25/1,30/2,30/3,31/5,35/5,37/5,42/6,44/7,46/8,48/8,50/9,51/9,56/9,56/10,56/10,defend,2023
1/1,8/1,9/1,13/2,16/2,18/2,21/2,24/3,30/4,31/5,33/5,37/5,37/6,44/6,54/6,60/6,60/6,68/6,76/6,78/8,1/0,5/1,14/1,21/1,23/2,27/3,29/5,32/5,34/5,39/5,40/5,46/5,47/5,50/6,50/6,50/6,50/6,50/6,50/6,50/6,defend,2023
1/1,7/2,9/2,10/2,15/2,17/3,21/3,28/3,35/3,38/3,38/3,42/3,45/4,52/4,54/5,57/7,61/8,62/8,63/8,65/9,17/0,28/0,39/0,49/1,55/1,68/1,68/1,68/1,68/1,68/1,68/1,68/1,68/1,68/1,68/1,68/1,68/1,68/1,68/1,68/1,chased,2023
1/1,4/2,4/3,5/3,10/3,13/3,16/3,21/3,24/3,26/3,32/3,35/3,41/3,48/3,57/4,62/5,63/5,68/6,71/7,76/8,14/0,19/0,24/0,28/0,37/0,42/0,53/0,58/0,68/0,78/0,78/0,78/0,78/0,78/0,78/0,78/0,78/0,78/0,78/0,78/0,chased,2023
1/1,5/1,6/2,10/2,13/2,17/2,23/2,25/2,30/2,33/3,36/3,42/4,45/5,56/5,56/7,63/7,70/7,76/7,79/8,89/8,4/0,6/0,6/1,12/1,14/1,16/1,20/2,22/2,24/3,26/3,29/3,32/3,33/5,33/6,37/6,40/6,47/7,47/8,49/8,55/8,defend,2023
1/1,1/1,7/1,13/1,14/1,19/1,25/1,25/1,30/1,32/2,34/2,36/3,41/4,43/4,45/4,46/5,48/5,50/6,53/6,59/8,2/0,8/0,9/0,15/0,23/0,26/1,33/1,34/1,36/1,37/2,39/2,45/2,53/2,54/2,57/2,63/2,63/2,63/2,63/2,63/2,chased,2023
1/1,6/1,8/1,10/1,11/2,12/4,16/5,19/5,19/8,25/8,28/8,32/8,33/8,36/8,39/8,39/9,41/9,42/9,42/10,42/10,4/0,9/0,10/0,23/0,28/0,35/0,37/0,43/0,43/0,43/0,43/0,43/0,43/0,43/0,43/0,43/0,43/0,43/0,43/0,43/0,chased,2023
1/1,1/2,2/2,5/2,5/3,6/3,14/3,17/3,18/3,24/3,25/3,30/3,41/3,47/3,52/3,62/3,69/3,78/3,86/3,99/4,4/0,8/0,15/0,19/0,24/0,28/0,30/0,35/1,40/1,47/1,51/1,53/1,53/2,65/2,67/4,74/6,77/7,80/7,87/9,89/10,defend,2023
1/1,6/1,10/1,21/1,29/1,35/2,38/2,47/3,52/3,59/3,63/3,68/4,74/4,74/6,75/6,83/6,89/7,95/7,100/7,106/9,10/0,12/1,22/1,26/2,35/2,42/2,48/2,51/2,59/3,63/3,70/4,77/4,84/4,88/4,94/4,97/4,105/5,109/5,109/5,109/5,chased,2022
1/1,3/2,7/2,10/2,12/2,12/4,17/4,18/5,25/5,27/6,33/6,36/7,41/7,41/8,42/8,45/8,46/9,46/10,46/10,46/10,9/0,17/0,25/0,31/0,38/0,45/0,49/0,49/0,49/0,49/0,49/0,49/0,49/0,49/0,49/0,49/0,49/0,49/0,49/0,49/0,chased,2022
1/1,2/1,12/2,18/2,26/2,31/2,37/2,41/2,44/3,52/4,61/4,69/4,74/5,77/5,80/5,85/5,95/5,97/6,109/7,111/9,11/0,20/0,21/1,30/1,34/2,50/2,59/2,66/2,70/3,74/3,87/4,92/4,96/4,105/4,114/4,114/4,114/4,114/4,114/4,114/4,chased,2022
1/1,7/1,11/1,21/1,26/2,32/2,32/3,41/3,45/3,54/3,57/4,66/4,76/4,85/4,91/4,97/4,106/4,114/5,121/5,135/5,9/0,14/1,19/1,31/1,40/1,52/1,60/1,64/2,67/2,75/3,85/3,91/3,98/3,107/3,113/3,118/4,123/4,131/4,139/4,139/4,chased,2022
1/1,4/1,16/1,16/3,24/3,26/3,29/4,33/4,36/4,40/4,44/5,45/6,49/6,56/6,69/7,73/7,85/7,90/7,92/8,99/8,7/0,19/0,27/0,34/0,36/1,43/1,52/1,57/1,65/1,75/1,84/1,89/1,103/1,103/1,103/1,103/1,103/1,103/1,103/1,103/1,chased,2022
1/1,7/1,12/1,12/2,13/3,14/4,16/4,16/5,24/6,33/6,38/6,41/6,52/6,54/7,59/8,59/9,63/9,75/9,76/9,79/9,0/0,8/0,14/0,27/1,34/1,38/2,42/2,48/2,55/2,73/2,76/2,81/2,81/2,81/2,81/2,81/2,81/2,81/2,81/2,81/2,chased,2022
1/1,5/1,7/2,8/3,12/3,19/3,21/3,24/3,25/3,30/3,36/3,39/3,41/3,43/3,47/3,57/3,61/4,68/5,78/5,92/5,2/0,4/0,11/0,19/0,28/0,32/0,37/0,40/0,49/0,55/1,65/1,73/1,78/2,82/2,86/2,92/2,96/3,96/3,96/3,96/3,chased,2022
1/1,5/1,9/1,18/1,29/1,38/1,44/1,47/1,62/1,68/2,70/3,73/4,76/4,82/4,93/5,96/5,103/6,107/7,109/9,115/10,10/0,16/0,23/1,25/2,36/3,44/3,46/5,48/5,54/5,61/6,63/6,66/6,69/7,72/7,75/8,77/8,87/8,94/8,96/9,114/9,defend,2022
1/1,3/1,7/1,12/2,16/2,21/3,22/3,24/4,25/4,25/5,26/7,27/8,27/8,30/9,38/9,38/9,39/9,39/10,39/10,39/10,4/0,6/0,8/0,16/1,29/1,42/1,42/1,42/1,42/1,42/1,42/1,42/1,42/1,42/1,42/1,42/1,42/1,42/1,42/1,42/1,chased,2022
1/1,4/1,9/1,15/2,24/2,28/2,33/2,40/2,48/2,58/2,67/2,81/2,84/3,94/3,108/3,118/4,130/5,135/5,141/5,153/6,2/0,8/0,19/0,23/1,30/1,42/1,53/1,61/1,73/1,82/1,90/1,104/1,109/1,113/1,125/1,131/1,138/2,141/2,154/2,154/2,chased,2021
1/1,6/1,10/1,23/1,27/1,28/1,31/2,36/2,43/2,49/3,53/3,56/4,57/4,64/4,69/4,83/4,90/5,96/5,100/5,112/5,4/1,9/1,11/1,17/1,24/1,29/1,30/2,34/2,46/2,52/2,54/2,60/2,62/2,66/2,71/3,77/3,84/3,89/5,96/5,104/6,defend,2021
1/1,5/1,6/1,16/1,20/2,22/3,25/3,29/3,33/3,37/3,46/3,51/4,52/4,55/4,61/4,80/4,87/4,95/4,101/4,109/5,13/0,27/0,37/1,49/1,57/1,64/1,67/3,71/4,84/4,87/4,102/4,110/4,110/4,110/4,110/4,110/4,110/4,110/4,110/4,110/4,chased,2021
1/1,3/1,4/1,5/2,5/2,7/2,8/2,8/2,8/3,9/4,9/5,13/6,19/6,21/6,22/7,24/9,24/10,24/10,24/10,24/10,7/0,23/0,25/0,25/0,25/0,25/0,25/0,25/0,25/0,25/0,25/0,25/0,25/0,25/0,25/0,25/0,25/0,25/0,25/0,25/0,chased,2021
1/1,13/2,23/2,33/2,40/2,45/2,55/2,58/2,66/2,74/2,82/2,87/2,96/2,106/2,116/2,131/2,138/2,155/2,164/2,176/2,5/1,8/1,17/1,21/1,23/1,27/1,29/1,32/1,35/1,37/1,39/1,48/1,50/2,52/4,54/4,57/5,61/5,65/6,70/6,78/7,defend,2020
1/1,11/1,15/1,25/1,26/2,28/2,30/3,32/3,39/3,44/3,50/3,57/3,62/3,66/3,78/3,91/3,94/4,105/5,114/6,124/7,8/0,12/0,19/0,28/0,42/0,48/0,57/0,59/1,62/1,66/1,73/1,78/2,80/2,89/2,98/2,107/2,119/2,122/2,127/2,127/2,chased,2020
1/1,6/1,11/1,24/1,34/1,39/1,42/1,49/1,54/2,63/2,67/2,72/2,83/2,91/3,95/3,102/4,107/4,119/4,130/5,143/5,2/0,9/0,12/1,13/1,15/1,28/1,35/1,41/2,42/3,42/4,42/5,49/5,58/5,68/5,79/6,84/7,97/9,97/10,97/10,97/10,defend,2020
1/2,6/2,13/2,16/2,30/3,38/4,40/4,48/4,54/4,60/4,64/4,68/5,71/5,73/5,76/5,83/5,86/5,95/5,104/5,111/6,4/0,12/0,16/0,24/0,31/0,38/0,48/1,56/1,65/1,71/2,77/2,82/2,84/3,93/3,97/3,100/3,102/3,109/3,112/3,112/3,chased,2026
1/2,5/3,10/3,14/5,17/5,29/5,32/6,34/6,40/6,47/6,49/6,59/6,65/6,73/6,75/8,80/8,83/9,84/9,87/9,87/10,4/0,13/0,16/1,27/1,32/1,36/1,40/1,49/1,60/1,72/1,84/2,88/2,88/2,88/2,88/2,88/2,88/2,88/2,88/2,88/2,chased,2025
1/2,12/2,13/3,19/3,23/4,25/4,28/5,33/5,37/5,40/5,47/6,51/6,57/6,67/6,81/6,84/6,90/6,97/6,103/6,110/9,6/0,13/0,16/0,26/0,35/0,41/0,46/0,51/1,59/1,70/1,78/1,84/1,91/1,96/1,101/2,106/2,112/2,112/2,112/2,112/2,chased,2024
1/2,1/2,1/2,3/2,6/2,7/2,14/2,20/2,23/2,30/3,32/3,38/3,39/3,48/3,51/3,51/4,53/5,54/7,55/8,56/10,5/0,17/0,17/0,23/0,26/0,36/1,44/1,55/1,59/1,59/1,59/1,59/1,59/1,59/1,59/1,59/1,59/1,59/1,59/1,59/1,chased,2024
1/2,3/2,5/3,10/3,13/3,15/3,23/3,29/3,29/4,34/5,36/5,39/5,41/5,43/5,49/5,52/5,52/6,59/6,65/7,65/8,1/0,12/0,14/1,15/1,22/1,25/1,28/1,39/1,47/2,54/2,62/2,70/2,70/2,70/2,70/2,70/2,70/2,70/2,70/2,70/2,chased,2024
1/2,4/2,5/2,7/3,14/3,21/4,22/4,28/4,30/5,35/6,35/7,36/8,41/8,42/9,49/9,53/9,55/10,55/10,55/10,55/10,9/0,15/0,16/0,32/0,37/0,46/0,55/0,56/0,56/0,56/0,56/0,56/0,56/0,56/0,56/0,56/0,56/0,56/0,56/0,56/0,chased,2023
10/0,20/0,22/1,33/2,33/2,49/2,68/2,70/3,80/4,87/5,95/5,102/5,111/5,121/6,126/7,128/8,130/9,133/10,133/10,133/10,6/0,14/0,18/0,33/0,46/1,50/1,50/1,50/1,50/1,50/1,50/1,50/1,50/1,50/1,50/1,50/1,50/1,50/1,50/1,50/1,chased,2026
10/0,14/0,23/1,31/1,40/1,54/1,60/1,67/1,77/1,86/1,90/1,101/1,110/1,121/1,127/1,134/1,150/2,163/2,173/3,176/6,18/0,20/1,27/2,33/3,37/3,44/3,54/3,59/3,67/4,78/4,81/4,89/4,98/5,105/5,118/5,129/6,137/8,144/9,150/9,159/9,defend,2026
10/0,19/1,31/1,37/2,45/2,57/2,63/3,71/3,82/3,94/3,101/4,108/4,113/4,122/4,132/4,140/4,152/4,161/4,168/5,180/5,3/0,14/1,24/2,28/2,38/2,53/3,66/3,78/3,90/3,97/3,102/3,115/3,125/3,134/3,153/3,159/3,171/3,176/4,184/4,184/4,chased,2026
10/0,19/0,28/0,38/1,45/1,59/1,65/1,69/1,76/1,84/2,89/3,97/3,100/5,104/5,109/5,114/5,122/6,130/6,146/6,155/6,6/0,8/0,12/0,18/0,22/1,25/1,30/1,36/1,38/1,40/1,43/2,52/2,56/2,63/3,70/3,78/3,87/3,96/3,107/3,114/5,defend,2026
10/0,19/0,26/0,30/0,38/0,51/0,55/0,63/0,68/2,82/2,93/2,103/2,114/2,130/2,138/2,143/3,155/3,163/3,176/3,192/4,9/0,26/0,35/0,44/0,62/0,72/0,85/0,94/0,103/0,115/0,127/0,138/0,147/0,164/0,179/0,185/1,193/1,193/1,193/1,193/1,chased,2026
10/0,12/0,20/0,29/0,37/0,40/0,47/0,49/0,52/1,58/2,60/2,63/2,66/2,74/2,78/2,81/2,85/4,87/5,94/6,95/9,7/0,11/0,14/0,22/0,27/1,33/1,39/1,42/2,44/2,52/2,57/2,63/2,70/2,73/2,79/3,86/4,91/4,95/4,96/4,96/4,chased,2026
10/0,17/0,19/0,24/1,25/1,30/1,38/1,44/2,47/2,54/2,60/2,67/2,82/2,92/2,97/2,107/2,118/2,125/3,131/3,144/3,6/0,15/0,17/0,24/0,43/0,53/0,57/0,61/0,65/1,73/1,73/2,81/2,101/2,112/2,123/2,140/2,145/2,145/2,145/2,145/2,chased,2025
10/0,22/0,34/0,42/0,52/0,54/1,64/1,70/1,88/2,109/2,120/2,130/2,137/3,143/3,160/4,166/4,177/4,180/6,191/6,201/6,15/0,20/1,24/2,26/3,27/3,35/3,38/3,45/3,52/3,55/4,59/5,60/6,66/6,76/6,81/6,86/6,91/6,92/8,93/9,95/9,defend,2025
10/0,21/0,31/0,46/0,52/0,70/0,76/0,77/0,87/0,95/0,98/1,105/2,113/2,122/2,127/2,133/2,142/2,156/4,170/4,177/5,1/0,3/0,6/0,10/0,18/0,22/0,31/0,33/0,36/0,43/0,46/1,50/1,52/2,63/3,66/3,75/4,76/4,81/4,83/4,88/4,defend,2025
10/0,14/0,17/0,22/0,26/0,27/2,29/2,33/2,38/3,42/3,46/3,53/3,54/4,58/4,63/4,65/4,79/4,85/4,90/5,94/5,0/1,5/1,8/3,9/3,11/3,16/3,19/3,20/3,23/3,28/3,32/3,36/3,37/5,47/5,52/5,58/5,67/5,71/5,78/6,88/6,defend,2025
10/0,14/0,19/1,30/1,37/1,43/1,58/1,63/1,68/1,73/2,78/2,86/2,89/2,101/2,118/4,125/4,129/5,143/5,158/6,167/6,1/0,1/1,3/1,3/3,4/3,8/3,10/3,12/4,19/4,21/4,24/5,27/5,30/5,35/5,36/5,41/5,44/5,45/5,48/5,49/6,defend,2025
10/0,23/0,33/0,45/0,48/0,59/1,65/1,70/1,77/1,82/1,92/1,98/1,102/1,117/1,119/2,126/2,132/2,146/2,149/3,161/3,1/1,5/2,9/2,17/2,19/3,21/4,27/4,37/6,40/7,40/8,43/8,55/8,61/8,67/8,72/8,78/8,82/8,84/9,84/9,84/9,defend,2025
10/0,13/0,14/0,20/0,23/0,31/0,40/0,44/0,55/0,60/0,70/0,85/1,93/1,103/1,114/1,131/1,140/1,153/1,156/2,172/3,1/1,2/1,4/1,6/1,7/1,8/1,12/2,18/2,26/3,28/5,32/5,34/6,35/6,38/7,39/8,45/8,48/8,52/9,53/10,53/10,defend,2025
10/0,14/0,19/0,23/1,27/2,31/2,32/2,37/2,44/2,46/4,57/4,57/5,68/6,73/6,77/6,83/6,89/7,94/7,103/8,105/9,1/1,2/1,2/1,5/1,11/1,17/1,18/2,21/3,22/5,26/5,32/6,34/7,34/8,36/8,46/8,47/8,50/10,50/10,50/10,50/10,defend,2025
10/0,16/0,19/0,20/1,21/1,26/1,29/1,40/1,45/1,52/1,58/3,60/4,64/4,67/4,70/4,76/4,82/5,87/5,97/5,103/6,7/1,8/1,17/1,19/1,28/1,32/1,39/1,47/2,53/2,58/2,63/3,65/3,68/3,72/3,78/3,86/3,95/4,99/4,106/4,106/4,chased,2025
10/0,14/0,22/0,30/1,35/1,43/2,54/2,58/2,63/2,75/2,87/2,96/2,100/3,113/3,125/3,132/3,139/3,147/3,153/3,161/3,5/0,10/1,13/2,21/2,22/2,28/2,29/2,39/3,46/3,48/4,55/4,59/4,60/5,67/6,70/8,73/8,76/9,83/9,83/10,83/10,defend,2025
10/0,11/1,18/2,20/3,23/3,31/3,33/4,36/4,39/5,42/5,47/5,51/5,57/5,61/6,64/6,73/6,75/7,85/7,88/7,93/8,8/0,12/0,19/0,25/0,32/0,41/0,44/0,49/0,56/0,61/0,70/0,72/0,81/0,89/0,94/0,94/0,94/0,94/0,94/0,94/0,chased,2025
10/0,16/0,26/0,40/0,49/0,61/0,64/0,68/0,75/0,85/0,100/0,120/0,138/0,149/0,158/0,168/1,172/2,184/2,207/2,221/2,12/0,29/0,43/0,52/0,58/0,60/1,66/1,74/1,84/1,95/1,102/1,112/1,116/2,131/2,139/2,146/3,154/4,168/4,183/5,191/6,defend,2025
10/0,13/0,17/0,19/0,22/2,25/2,27/3,27/3,28/3,30/4,37/5,44/5,46/5,49/5,50/6,51/7,51/7,52/7,55/8,64/8,0/0,10/0,15/0,20/0,29/1,35/1,43/1,66/1,66/1,66/1,66/1,66/1,66/1,66/1,66/1,66/1,66/1,66/1,66/1,66/1,chased,2025
10/0,10/0,14/0,20/1,28/1,33/2,38/2,44/2,56/2,65/2,74/3,76/3,95/3,100/4,108/4,117/4,127/4,133/5,137/5,147/6,13/0,16/0,25/0,32/0,44/0,49/0,65/0,72/1,82/1,84/1,87/1,96/1,102/1,107/1,112/1,121/1,131/1,137/2,142/2,149/2,chased,2024
10/0,17/0,18/1,23/1,43/1,48/1,51/1,58/1,62/1,66/1,73/2,77/3,84/3,90/3,103/3,106/4,114/5,120/5,127/5,144/6,5/0,8/0,12/2,22/2,35/2,41/3,42/4,54/4,61/5,66/5,69/5,71/6,72/8,76/8,79/8,79/10,79/10,79/10,79/10,79/10,defend,2024
10/0,15/0,21/0,27/0,29/0,41/0,48/0,53/0,59/0,67/0,77/1,88/1,92/1,96/1,106/1,111/1,117/1,130/1,144/1,155/1,1/1,3/1,5/1,7/1,10/2,11/2,12/2,13/2,16/3,16/4,19/4,24/4,25/6,29/7,30/7,32/7,33/8,34/10,34/10,34/10,defend,2024
10/0,25/0,34/0,45/0,54/0,72/0,86/0,98/0,114/0,121/0,131/0,146/0,155/0,168/0,177/1,188/1,201/1,210/1,216/1,222/1,5/1,5/2,6/2,16/2,16/2,21/3,21/5,21/5,23/5,28/5,31/6,40/7,42/7,46/7,50/7,50/10,50/10,50/10,50/10,50/10,defend,2024
10/0,12/1,22/1,30/1,32/3,38/4,46/4,50/4,52/6,54/6,55/8,59/9,61/9,61/10,61/10,61/10,61/10,61/10,61/10,61/10,6/0,9/0,16/0,20/1,24/2,25/2,31/2,33/2,40/2,40/2,43/2,43/3,45/3,52/3,58/3,61/4,62/4,62/4,62/4,62/4,chased,2024
10/0,15/0,19/0,26/0,32/0,44/0,46/2,54/2,59/2,63/2,72/2,77/3,79/3,92/3,105/3,109/4,113/4,120/6,124/6,133/7,6/0,7/0,11/1,11/1,12/3,14/4,16/5,16/5,25/5,26/5,30/6,36/7,37/8,38/8,41/8,42/8,49/8,55/8,58/8,63/8,defend,2024
10/0,15/0,25/0,35/0,48/0,50/0,64/0,81/0,85/0,91/0,101/0,108/0,114/0,122/1,131/1,135/2,143/2,154/2,163/3,178/3,5/0,9/1,9/1,20/1,29/2,31/2,32/2,40/2,43/2,48/3,54/4,58/4,58/4,64/6,70/7,81/7,84/8,86/8,93/8,96/9,defend,2024
10/0,14/0,20/0,24/0,38/0,43/0,53/1,60/1,63/1,74/2,81/2,92/2,96/2,105/2,115/2,122/2,133/2,139/3,150/3,158/3,2/1,3/1,3/2,10/2,12/3,15/3,18/3,23/5,25/7,27/7,28/7,28/9,30/10,30/10,30/10,30/10,30/10,30/10,30/10,30/10,defend,2024
10/0,13/0,21/0,25/0,31/0,39/0,48/0,56/0,68/0,77/0,84/0,91/0,102/0,110/0,118/0,131/1,135/1,143/1,153/1,165/1,0/0,5/0,5/0,9/0,14/0,17/0,19/0,22/2,24/2,26/2,29/4,30/4,32/4,34/5,35/5,39/6,39/7,42/7,43/8,43/10,defend,2024
10/0,16/0,25/0,27/1,30/1,34/1,42/1,46/1,53/1,57/1,60/1,68/1,74/1,76/2,78/3,89/3,97/4,100/5,106/5,115/5,3/0,7/0,12/0,17/0,28/0,35/0,48/0,51/1,60/1,69/1,74/1,79/1,83/1,92/1,95/2,103/2,110/2,118/2,118/2,118/2,chased,2024
10/0,14/0,19/0,20/2,25/2,30/2,37/2,38/3,42/4,46/4,48/4,57/4,61/6,68/6,71/7,75/7,82/7,90/7,93/7,98/8,6/0,6/1,13/1,19/1,22/1,25/1,30/2,32/2,33/3,38/4,41/5,42/5,43/6,43/7,43/8,44/8,49/8,52/9,55/9,56/10,defend,2024
10/0,13/0,20/0,23/0,29/0,32/0,34/0,40/1,42/2,50/2,55/2,58/2,65/2,68/3,72/3,76/3,82/5,95/5,100/6,108/6,2/0,8/0,13/0,20/1,27/1,36/1,40/1,42/1,46/1,52/1,56/1,58/2,64/2,66/4,79/4,84/5,91/5,98/5,105/5,110/5,chased,2024
10/0,14/0,22/0,35/0,43/0,54/0,58/1,67/1,77/1,87/1,96/1,109/2,110/4,114/5,119/6,144/6,154/7,165/7,181/7,186/9,2/0,9/0,16/0,33/0,49/0,58/0,62/1,66/2,71/3,77/4,87/4,95/4,101/5,109/5,120/5,127/6,137/6,156/6,167/7,183/8,defend,2023
10/0,16/0,20/0,23/1,27/1,36/1,39/2,55/2,62/2,66/3,77/3,84/3,94/3,98/4,106/4,116/4,120/4,137/4,145/5,155/7,8/0,17/0,26/0,39/1,43/2,57/2,65/2,70/2,83/2,93/2,97/2,111/3,117/4,121/5,121/5,121/5,121/5,121/5,121/5,121/5,chased,2023
10/0,11/0,13/0,22/0,28/0,41/0,42/0,48/0,54/1,65/1,70/2,77/4,82/4,86/4,92/4,96/4,100/5,107/5,116/5,124/6,1/0,8/0,14/0,26/0,28/1,33/2,40/3,46/3,49/3,60/3,66/3,75/3,84/3,98/3,105/3,119/3,125/4,125/4,125/4,125/4,chased,2023
10/0,18/1,21/1,33/1,42/2,55/2,63/2,75/2,80/2,89/2,105/2,111/3,119/4,125/4,143/4,159/4,173/4,192/4,202/4,213/5,2/1,10/1,11/1,15/2,19/3,24/3,27/3,31/3,35/4,44/5,48/6,49/6,56/7,62/7,64/7,74/7,77/7,80/7,92/8,99/9,defend,2023
10/0,13/1,21/1,31/1,40/2,53/2,66/2,79/2,85/2,95/2,109/2,113/3,116/3,125/4,131/5,145/5,156/5,173/5,187/7,190/9,1/0,2/0,7/0,12/0,20/0,35/0,44/0,58/0,79/0,89/0,98/1,103/3,105/5,109/5,113/5,122/5,124/7,129/9,135/9,143/10,defend,2023
10/0,12/1,15/1,36/1,43/1,49/2,51/2,64/2,73/2,79/2,82/2,90/3,94/5,102/5,114/5,127/5,136/5,141/5,153/5,167/5,4/0,11/0,21/0,27/0,33/0,39/0,46/0,59/0,64/0,69/1,76/1,81/1,87/1,95/2,110/2,117/2,120/3,127/4,131/4,141/4,defend,2022
10/0,14/0,14/1,17/1,26/1,35/1,39/1,47/1,50/2,57/2,62/2,68/2,78/3,94/4,106/4,110/6,118/7,118/7,118/7,118/7,3/0,14/0,26/0,29/2,36/2,42/2,50/2,54/2,59/2,70/2,74/2,77/3,87/3,97/3,106/4,121/4,121/4,121/4,121/4,121/4,chased,2022
10/0,17/2,30/2,32/2,39/2,43/3,47/3,49/3,50/4,55/4,64/4,67/4,72/4,78/4,82/4,91/4,105/4,111/4,121/5,127/5,8/0,12/0,15/0,17/1,29/2,29/2,30/3,34/3,42/3,47/4,50/4,55/4,57/4,67/5,73/5,78/5,81/5,92/5,99/5,105/6,defend,2022
10/0,12/0,17/1,19/1,22/1,33/1,39/2,47/2,53/2,60/2,65/2,74/2,81/2,93/2,97/3,100/4,101/4,109/4,116/6,117/8,2/1,13/1,23/1,29/1,30/1,38/2,47/3,50/4,52/5,53/6,56/6,63/6,66/6,72/6,78/6,82/7,85/7,95/8,102/8,109/9,defend,2022
10/0,19/0,24/1,34/1,41/1,50/1,59/1,71/1,79/1,85/1,95/1,97/2,102/2,113/2,122/3,136/4,140/4,151/4,160/5,168/6,1/0,6/0,14/0,32/0,39/0,45/0,52/0,59/1,69/2,77/2,83/2,93/2,106/2,115/2,126/2,134/2,142/2,157/2,169/2,169/2,chased,2022
10/0,19/0,23/0,29/1,35/1,42/2,52/3,59/3,68/3,70/3,73/3,86/3,100/3,111/3,122/3,139/3,145/4,161/4,172/4,188/4,13/0,21/0,23/1,28/1,35/1,44/2,49/3,58/3,68/3,77/3,84/3,96/3,113/3,119/3,130/4,136/4,148/4,151/5,169/5,181/5,defend,2022
10/0,12/0,25/0,39/0,53/0,56/0,68/0,78/0,86/0,97/0,103/1,114/1,122/1,130/2,140/2,147/2,161/2,176/2,190/2,201/2,1/0,1/0,3/0,8/0,24/0,26/0,29/0,33/0,41/1,44/2,51/2,57/3,63/3,69/4,74/4,80/4,84/5,89/5,91/6,105/8,defend,2022
10/0,17/1,19/1,22/1,28/1,34/1,42/1,47/1,49/1,55/1,66/1,75/1,83/1,88/1,101/2,101/2,101/2,101/2,101/2,101/2,10/1,18/2,22/2,34/2,44/2,49/2,55/2,62/2,71/2,88/2,92/2,99/3,113/3,119/3,119/3,119/3,119/3,119/3,119/3,119/3,chased,2021
10/0,15/1,27/1,31/1,39/1,43/1,55/1,58/1,64/1,70/1,75/1,80/1,87/1,97/1,102/1,111/1,124/1,133/1,142/1,149/2,3/0,6/0,6/0,8/0,20/0,24/0,29/0,33/0,36/0,44/0,52/1,58/1,66/2,70/2,70/4,78/5,84/7,90/7,95/7,102/9,defend,2021
10/1,16/2,24/2,35/2,41/2,43/2,47/2,48/2,58/2,63/2,71/2,82/2,88/2,94/3,101/4,105/4,109/4,117/5,127/5,140/5,6/0,8/0,21/0,39/2,44/2,45/2,47/2,52/4,53/4,55/4,63/5,69/5,75/5,80/5,88/5,93/6,97/7,117/7,128/7,138/7,defend,2026
10/1,18/1,24/1,26/1,35/1,38/1,44/1,51/1,54/2,62/2,67/2,70/3,71/4,79/4,85/4,100/4,108/4,112/5,122/5,129/6,6/0,21/0,28/1,36/1,46/1,47/2,52/2,59/2,66/2,75/2,82/2,82/3,91/3,98/4,103/4,106/4,116/4,120/5,127/5,133/5,chased,2026
10/1,12/1,14/1,15/1,17/2,24/2,29/2,40/2,47/2,51/2,58/2,61/3,74/3,79/4,89/4,95/4,98/5,99/7,101/7,106/7,4/1,6/1,13/1,15/1,17/3,24/3,31/3,38/4,44/5,48/6,51/6,53/8,57/8,69/8,73/8,76/9,81/9,83/10,83/10,83/10,defend,2026
10/1,11/1,12/1,18/3,29/3,30/4,33/4,40/4,48/4,51/4,55/4,58/4,61/4,63/6,69/7,72/7,75/8,76/9,79/9,81/9,6/1,10/1,17/1,31/1,37/1,49/1,63/1,69/1,78/1,82/1,82/1,82/1,82/1,82/1,82/1,82/1,82/1,82/1,82/1,82/1,chased,2025
10/1,13/2,28/3,31/3,36/3,42/4,47/4,52/5,61/5,63/6,64/6,68/6,73/6,77/7,83/7,85/7,91/7,100/7,111/7,118/7,6/1,17/1,22/1,26/1,31/2,35/2,44/3,44/3,53/3,58/4,62/4,70/4,74/5,78/5,84/6,91/6,95/7,96/8,106/9,116/9,defend,2025
11/0,15/0,19/0,33/0,42/0,53/0,58/0,63/0,75/0,81/0,90/0,95/1,99/3,109/3,114/3,118/3,126/4,128/4,133/4,140/4,15/0,21/0,36/0,43/0,46/0,53/0,61/0,69/0,73/1,79/1,85/1,91/1,99/1,103/1,111/2,114/2,120/4,126/4,132/5,138/7,defend,2026
11/0,21/0,30/0,33/0,41/0,54/1,59/1,71/1,78/2,86/2,94/2,100/2,104/2,113/2,125/2,132/3,144/3,150/4,154/5,164/5,4/0,4/0,13/0,16/1,23/1,26/1,38/1,44/1,59/1,63/1,80/1,90/1,93/2,101/2,104/3,105/3,113/3,124/4,134/4,147/4,defend,2026
11/0,12/0,19/0,29/0,38/0,49/0,57/0,70/0,75/1,78/1,81/2,84/3,93/3,101/3,106/3,111/4,118/4,126/6,139/6,155/6,3/0,11/0,15/1,21/2,26/2,28/2,35/2,41/3,45/3,51/3,68/3,74/3,77/4,86/4,94/4,103/5,108/5,119/6,119/8,132/8,defend,2026
11/0,16/0,19/1,34/1,42/1,53/1,61/1,76/1,81/1,90/1,104/1,113/1,120/1,125/1,133/1,145/1,150/2,160/2,170/2,174/2,1/0,3/1,8/1,10/2,12/2,12/2,17/2,19/3,19/3,21/3,21/4,21/7,24/7,27/7,27/8,27/8,28/8,29/8,29/9,30/9,defend,2026
11/0,13/1,28/1,36/1,40/1,56/1,69/1,81/1,89/1,101/1,113/1,125/1,133/2,142/2,152/3,162/3,167/3,182/3,193/3,200/5,3/1,3/2,8/4,9/5,12/5,12/5,12/5,12/5,13/6,13/6,17/7,18/7,22/7,23/7,26/9,26/10,26/10,26/10,26/10,26/10,defend,2026
11/0,15/1,23/1,35/1,47/1,58/2,65/2,80/2,93/2,110/2,117/3,124/3,124/3,124/3,124/3,124/3,124/3,124/3,124/3,124/3,9/0,19/1,33/2,40/2,48/2,59/2,63/3,71/4,75/5,80/6,80/6,80/6,80/6,80/6,80/6,80/6,80/6,80/6,80/6,80/6,defend,2026
11/0,21/0,38/0,40/1,43/1,47/1,57/1,71/1,78/1,90/1,102/2,111/2,116/3,122/4,140/4,157/4,167/5,178/6,183/6,198/7,4/1,12/2,26/2,48/2,50/3,62/3,69/3,84/3,89/3,96/3,103/4,112/5,120/6,137/6,139/8,141/10,141/10,141/10,141/10,141/10,defend,2025
11/0,17/1,19/1,25/1,31/2,35/3,38/3,52/3,61/3,64/3,80/3,98/3,113/3,123/3,126/4,138/4,151/4,160/4,168/4,181/4,2/1,4/2,16/2,19/3,26/3,32/3,47/3,48/3,60/3,76/3,82/3,89/4,96/4,109/4,110/6,114/6,127/6,139/6,148/6,157/7,defend,2025
11/0,18/0,28/0,29/1,33/2,41/2,53/2,62/3,72/3,85/3,92/3,93/3,98/3,106/4,107/4,119/4,131/4,132/7,136/7,140/9,5/0,21/0,21/0,23/0,30/0,31/1,36/2,41/2,46/2,53/2,60/2,66/2,72/3,82/3,88/3,98/3,103/5,106/7,114/7,125/8,defend,2025
11/0,20/0,21/0,26/1,28/1,33/2,45/2,51/2,55/2,62/2,71/2,76/2,79/2,89/2,91/2,97/2,110/2,113/3,134/4,139/4,4/1,14/1,23/1,37/1,43/1,49/3,53/3,58/3,62/3,67/3,69/4,72/4,78/4,83/4,90/4,102/4,112/4,124/4,128/4,140/5,chased,2025
11/0,21/0,23/0,27/0,37/0,40/0,45/1,50/2,55/2,67/2,72/2,73/2,75/2,88/2,115/2,126/2,138/2,148/3,158/3,165/3,2/0,4/1,5/2,6/4,15/4,15/4,20/4,26/4,35/4,36/6,41/6,49/6,50/6,50/6,64/6,68/6,71/6,71/7,76/9,77/9,defend,2025
11/0,28/0,39/2,47/2,48/3,60/3,65/4,72/4,81/4,87/4,95/4,103/4,119/4,132/4,143/4,162/4,168/4,188/4,209/4,227/4,0/0,1/1,2/1,2/2,3/2,4/3,10/4,10/5,10/6,10/7,10/8,11/8,12/9,13/10,13/10,13/10,13/10,13/10,13/10,13/10,defend,2024
11/0,14/2,25/2,30/2,40/2,43/2,48/2,48/3,55/3,58/3,58/3,58/3,58/3,58/3,58/3,58/3,58/3,58/3,58/3,58/3,0/0,0/0,0/0,0/0,0/0,0/0,0/0,0/0,0/0,0/0,0/0,0/0,0/0,0/0,0/0,0/0,0/0,0/0,0/0,0/0,unknown,2024
11/0,14/1,26/1,29/1,38/1,43/2,51/2,54/2,61/2,68/4,70/5,76/5,86/5,88/5,97/5,103/6,105/6,114/6,117/8,119/10,2/1,14/1,19/1,30/1,43/1,47/1,47/1,47/1,47/1,47/1,47/1,47/1,47/1,47/1,47/1,47/1,47/1,47/1,47/1,47/1,chased,2024
11/0,25/0,30/0,42/1,51/1,57/1,61/1,63/2,67/2,70/3,77/4,87/5,98/5,100/7,102/7,108/7,112/7,117/7,123/7,128/8,3/1,6/2,9/2,16/2,18/2,22/2,26/2,30/3,41/3,45/3,48/3,50/3,53/4,57/6,62/6,66/7,70/7,74/8,81/9,84/9,defend,2024
11/0,16/0,21/0,22/0,25/1,27/1,35/2,36/3,37/3,40/4,44/4,51/6,53/6,56/6,58/6,63/7,70/7,75/8,83/9,87/9,4/0,5/2,5/3,8/3,11/3,14/3,24/3,26/3,33/3,40/3,46/3,48/4,52/4,60/4,70/4,71/5,75/6,78/6,85/7,88/7,chased,2024
11/0,18/0,19/0,26/0,28/1,32/3,33/4,37/4,47/4,56/4,57/5,69/5,72/5,75/5,87/5,95/6,100/7,108/7,111/9,118/10,8/0,19/1,33/1,38/1,43/1,49/1,55/1,66/2,69/2,81/2,88/2,103/2,115/2,119/2,119/2,119/2,119/2,119/2,119/2,119/2,chased,2023
11/0,12/0,19/0,28/0,38/1,48/1,53/1,56/2,58/2,63/2,66/2,68/3,71/4,73/4,82/4,86/4,97/4,109/4,115/5,120/6,3/1,5/1,10/1,16/1,21/1,28/1,31/2,34/2,40/3,45/3,52/3,58/3,61/4,62/5,71/5,76/6,85/6,89/6,95/7,100/7,defend,2023
11/0,20/0,29/0,41/0,54/1,70/1,86/1,109/1,123/1,137/1,150/1,157/1,167/1,175/2,183/2,188/2,202/2,216/2,227/3,234/3,7/1,9/1,18/2,20/2,28/2,34/2,37/3,39/5,46/6,47/7,47/7,47/7,47/7,47/7,51/8,52/10,52/10,52/10,52/10,52/10,defend,2022
11/0,16/0,22/0,28/0,36/0,47/0,54/0,62/0,66/0,77/0,84/0,99/0,107/0,117/1,120/1,132/1,150/1,158/1,168/3,181/4,1/1,1/1,6/1,12/2,16/2,16/2,16/2,16/2,16/2,16/2,16/2,16/2,16/2,16/2,16/2,16/2,16/2,16/2,16/2,16/2,defend,2022
11/0,12/1,19/1,22/1,27/1,41/1,46/1,49/1,56/1,58/2,71/2,77/2,85/2,94/2,104/2,110/2,116/2,121/4,126/4,130/6,4/0,13/0,14/1,21/1,32/1,36/1,39/1,51/1,61/1,63/1,72/1,76/1,80/1,90/1,100/1,104/2,109/2,117/2,129/2,133/2,chased,2021
11/0,11/1,17/2,19/2,29/2,33/2,36/2,40/2,43/2,43/2,52/2,57/3,70/4,90/4,101/4,106/5,122/5,132/5,140/6,151/6,4/0,5/0,5/0,6/0,9/0,13/0,19/0,22/0,24/0,26/2,35/3,36/7,40/8,41/10,41/10,41/10,41/10,41/10,41/10,41/10,defend,2021
11/0,19/0,29/1,37/1,47/1,51/2,67/2,81/2,93/2,106/2,123/2,133/2,153/2,160/4,181/4,191/4,198/4,203/4,215/4,228/4,0/0,0/0,7/1,10/2,11/3,12/4,13/4,15/5,18/6,20/6,27/6,28/8,28/9,28/9,28/9,28/9,28/9,28/9,28/9,28/9,defend,2021
11/0,12/1,16/1,22/2,24/2,32/2,37/2,45/2,48/3,54/3,61/3,78/3,95/3,110/4,114/5,117/5,129/5,143/5,153/5,166/6,10/1,16/1,26/2,32/2,38/3,44/3,48/3,56/3,58/3,63/4,67/4,69/5,75/5,81/5,90/5,103/5,109/6,113/7,116/7,122/9,defend,2020
11/1,18/1,21/1,29/1,36/1,46/1,48/2,52/2,55/2,61/3,63/3,65/3,69/3,75/3,85/3,93/3,99/3,107/4,117/4,130/4,7/0,8/1,16/2,18/2,22/2,22/3,25/3,28/3,34/3,36/4,36/5,39/5,43/6,46/6,47/7,50/7,58/7,63/7,70/7,74/7,defend,2026
11/1,18/1,25/1,28/1,33/1,34/1,38/2,46/2,52/2,60/2,70/2,88/2,105/2,110/3,118/3,131/3,142/3,154/3,167/3,175/4,4/0,9/0,10/0,18/0,28/0,33/0,33/0,35/0,41/0,45/0,47/0,53/0,57/0,70/0,74/0,83/1,91/1,102/1,106/1,110/1,defend,2025
11/1,14/2,20/3,31/3,41/3,41/3,41/3,41/3,41/3,41/3,41/3,41/3,41/3,41/3,41/3,41/3,41/3,41/3,41/3,41/3,5/2,18/3,27/5,35/5,42/7,42/7,42/7,42/7,42/7,42/7,42/7,42/7,42/7,42/7,42/7,42/7,42/7,42/7,42/7,42/7,chased,2020
12/0,21/0,38/0,54/1,74/1,82/1,90/2,98/3,98/3,98/3,98/3,98/3,98/3,98/3,98/3,98/3,98/3,98/3,98/3,98/3,14/0,26/0,41/0,47/0,53/2,59/2,80/2,85/5,85/5,85/5,85/5,85/5,85/5,85/5,85/5,85/5,85/5,85/5,85/5,85/5,defend,2026
12/0,18/0,20/0,32/1,35/1,40/1,47/1,50/2,52/2,55/2,62/2,69/2,72/2,85/2,92/2,95/2,102/2,111/2,124/2,137/2,2/0,18/0,30/0,45/0,63/0,77/0,84/0,93/0,105/0,113/0,123/1,130/1,136/2,138/2,138/2,138/2,138/2,138/2,138/2,138/2,chased,2025
12/0,12/0,12/1,16/2,23/2,33/2,38/2,46/2,55/3,63/3,70/3,76/3,83/3,88/3,98/3,108/3,116/4,122/5,132/5,138/7,3/0,8/0,11/1,17/1,21/1,31/2,33/2,36/2,40/2,48/2,51/4,56/4,65/4,69/4,76/5,80/7,84/8,88/8,96/8,99/9,defend,2025
12/0,19/0,25/0,28/0,36/0,42/0,46/0,50/1,58/1,67/1,72/1,79/1,86/1,96/1,116/1,122/1,131/1,141/1,147/2,157/3,3/0,6/0,7/1,14/2,19/2,29/2,34/2,42/2,49/3,56/3,68/3,72/4,80/5,82/8,83/9,83/9,83/9,83/9,83/9,83/9,defend,2025
12/0,18/1,18/2,18/2,18/3,25/3,30/4,34/5,37/6,44/6,52/6,73/6,80/7,84/7,94/8,97/8,106/8,134/9,136/9,143/10,3/0,3/2,6/3,13/4,15/4,21/4,25/4,26/4,33/4,39/4,45/4,55/4,61/4,64/4,73/4,73/6,74/6,77/6,83/7,87/7,defend,2025
12/0,16/1,18/2,22/2,24/2,28/2,36/2,43/2,46/2,50/2,58/2,68/3,73/3,83/3,88/3,101/3,104/4,114/4,119/4,124/6,6/0,15/0,22/0,32/0,38/0,46/0,54/0,57/0,63/0,73/1,80/1,88/1,98/1,101/1,111/1,118/3,123/3,125/3,125/3,125/3,chased,2025
12/0,14/0,20/0,25/0,27/1,32/3,34/3,36/3,40/3,45/4,52/4,63/4,77/4,85/5,90/5,90/6,96/6,98/7,105/7,112/7,14/0,16/0,26/0,27/1,46/1,55/1,60/1,67/2,74/2,85/2,92/2,101/2,110/2,115/2,115/2,115/2,115/2,115/2,115/2,115/2,chased,2025
12/0,24/0,30/0,36/0,42/0,52/0,67/0,72/1,78/1,88/1,92/1,108/1,119/1,127/1,134/1,146/1,156/1,170/1,189/1,198/1,2/1,9/1,12/1,14/2,15/3,15/3,21/3,21/4,23/4,24/5,29/6,32/7,33/7,36/7,41/7,41/10,41/10,41/10,41/10,41/10,defend,2025
12/0,24/0,29/1,32/1,45/1,55/1,62/1,67/1,73/1,80/1,92/1,101/1,114/1,124/1,135/1,146/2,158/2,173/2,183/3,198/5,3/1,11/1,16/1,28/2,38/2,42/2,48/2,56/2,67/3,74/3,82/4,95/4,98/5,101/7,106/7,113/8,116/9,118/9,119/10,119/10,defend,2024
12/0,15/0,25/0,36/0,41/1,50/1,54/2,63/2,66/3,67/3,81/3,89/3,93/3,98/4,105/4,108/4,116/4,124/4,151/4,155/6,5/0,16/1,27/1,35/1,39/1,48/1,55/1,63/1,67/1,82/1,92/1,100/1,104/2,114/3,121/3,130/3,135/3,144/4,155/6,156/6,chased,2024
12/0,13/1,19/1,24/3,27/3,31/3,35/3,37/4,39/5,39/5,41/6,44/9,50/9,51/9,53/9,56/9,62/10,62/10,62/10,62/10,6/0,12/0,14/0,17/0,27/0,34/0,37/0,42/0,44/0,47/0,56/0,63/0,63/0,63/0,63/0,63/0,63/0,63/0,63/0,63/0,chased,2024
12/0,24/0,31/0,34/0,40/0,43/1,43/3,61/3,65/3,73/3,78/3,81/4,83/5,86/6,89/8,92/9,93/10,93/10,93/10,93/10,4/1,4/3,7/3,8/3,11/3,14/3,20/4,26/4,29/4,33/4,38/4,41/5,45/5,54/5,57/6,66/6,70/7,76/7,88/7,94/7,chased,2024
12/0,14/1,14/1,18/1,23/1,28/2,29/2,36/2,40/3,44/3,45/3,51/3,60/3,62/5,65/6,72/6,78/7,82/7,83/7,87/8,5/0,14/0,21/0,25/0,29/0,36/0,40/0,48/0,55/0,66/0,70/1,72/1,81/1,85/1,88/1,88/1,88/1,88/1,88/1,88/1,chased,2024
12/0,28/0,32/0,50/0,55/0,66/0,75/0,82/1,86/2,94/2,112/2,116/3,123/3,145/3,162/3,171/4,186/4,186/4,186/4,186/4,5/0,12/0,23/0,32/1,38/2,55/3,55/3,55/3,55/3,55/3,55/3,55/3,55/3,55/3,55/3,55/3,55/3,55/3,55/3,55/3,defend,2023
12/0,22/1,29/1,40/1,46/2,58/2,68/2,74/2,81/3,94/3,103/3,112/3,127/4,137/4,141/4,149/4,156/5,168/5,180/5,189/5,2/0,10/1,12/1,14/1,18/1,20/1,25/2,28/3,28/3,30/5,32/5,34/6,35/6,41/8,44/8,48/8,52/9,53/10,53/10,53/10,defend,2023
12/0,13/0,20/0,27/0,29/0,36/1,41/1,47/2,50/3,56/3,60/3,63/5,66/5,77/5,78/6,80/6,84/6,87/7,90/9,92/10,1/0,10/0,17/0,20/1,23/1,28/2,30/2,40/2,43/3,44/4,47/4,49/4,55/4,67/4,72/5,77/6,82/6,86/6,93/6,93/6,chased,2023
12/0,18/0,28/1,45/1,45/2,48/2,56/2,59/3,63/3,71/3,76/3,81/4,87/4,103/4,115/4,125/4,132/5,142/5,154/5,172/5,7/0,14/0,16/0,26/0,39/0,47/0,57/0,68/0,73/1,81/1,87/1,92/1,106/1,118/1,136/1,147/1,166/1,171/1,173/1,173/1,chased,2022
12/0,32/0,44/0,55/0,67/0,82/0,96/0,109/0,134/1,148/1,155/1,167/1,183/1,198/1,212/1,226/1,241/1,250/1,269/1,279/2,0/1,7/2,12/2,15/3,17/4,17/5,18/6,18/6,20/7,21/7,23/7,23/10,23/10,23/10,23/10,23/10,23/10,23/10,23/10,23/10,defend,2021
12/0,18/0,30/0,33/0,37/0,50/1,60/1,66/1,70/1,75/1,82/1,93/1,106/1,111/1,113/1,120/1,125/2,133/2,147/2,155/3,5/1,6/1,11/1,20/1,28/1,33/2,39/2,45/2,47/2,56/2,63/2,66/2,73/2,85/2,91/3,99/3,105/3,107/3,114/3,120/4,defend,2021
12/0,20/0,26/0,33/0,40/0,53/0,58/0,74/0,85/0,96/0,103/0,111/0,115/0,119/0,129/0,142/0,151/1,159/1,175/1,189/1,2/0,7/0,15/0,23/2,26/2,27/3,29/3,36/3,42/3,45/3,51/3,55/3,68/3,76/4,81/4,86/4,94/4,97/5,100/6,103/9,defend,2020
12/1,20/1,32/1,41/1,42/1,44/2,51/2,58/2,63/2,67/3,73/3,85/3,98/3,104/4,109/4,118/4,120/5,134/5,142/6,149/7,3/0,7/1,7/1,14/2,15/4,18/5,25/6,30/7,34/7,45/7,51/7,54/7,56/8,60/8,64/9,70/9,73/9,74/10,74/10,74/10,defend,2025
13/0,28/1,42/1,53/1,63/2,69/3,78/3,82/3,96/3,101/4,108/4,126/4,140/4,155/4,165/4,169/5,184/5,201/5,216/5,237/5,3/0,12/1,14/3,15/4,17/5,30/5,32/5,41/5,46/5,50/6,57/6,62/6,65/6,75/6,77/7,80/8,83/8,84/9,84/10,84/10,defend,2026
13/0,21/0,28/0,37/0,57/0,64/0,80/0,87/0,92/1,104/1,106/1,114/1,118/1,130/1,147/1,160/1,165/1,172/1,187/1,198/1,11/0,22/2,33/2,36/2,41/2,46/2,49/4,52/4,55/4,59/4,62/4,72/4,76/5,78/7,83/10,83/10,83/10,83/10,83/10,83/10,defend,2025
13/0,23/0,33/0,40/0,52/0,59/0,67/0,76/0,79/0,85/0,98/0,107/0,118/0,126/0,133/1,145/1,152/2,163/2,168/2,176/3,8/0,13/0,15/1,19/1,22/2,30/2,38/2,43/2,55/2,65/2,72/2,77/3,85/4,96/4,98/4,102/6,106/7,111/7,116/7,120/8,defend,2024
13/0,15/0,24/0,34/0,38/1,44/1,48/1,52/1,58/1,62/1,75/1,83/1,86/3,96/3,100/3,107/5,113/6,117/7,121/8,134/8,5/0,16/0,19/0,19/0,27/1,37/1,46/1,54/1,68/1,82/1,92/1,97/1,101/1,108/1,116/1,117/1,126/1,130/2,136/2,136/2,chased,2024
13/0,33/0,35/0,41/0,50/0,73/0,81/0,83/0,91/0,101/1,105/2,107/3,108/4,110/4,115/4,124/4,128/5,130/8,137/8,141/10,12/0,15/0,20/0,21/1,29/1,33/1,36/1,42/2,47/2,59/3,60/3,69/3,73/3,80/4,84/4,99/4,102/4,112/5,122/6,126/7,defend,2024
13/0,21/0,23/1,30/1,32/1,32/2,45/2,54/2,57/2,60/2,65/2,68/2,75/2,81/2,90/2,92/3,101/3,105/3,116/3,126/3,14/2,19/2,20/3,24/3,28/3,33/3,46/3,52/3,55/4,59/4,63/4,74/4,79/4,94/4,95/4,101/5,109/6,125/6,129/7,129/7,chased,2024
13/0,24/0,35/0,45/0,59/1,88/1,119/1,130/2,148/2,154/2,171/2,183/2,194/3,205/4,220/4,239/4,248/4,266/4,285/4,300/6,1/1,2/2,3/3,4/3,6/4,12/4,16/4,16/7,16/9,19/10,19/10,19/10,19/10,19/10,19/10,19/10,19/10,19/10,19/10,19/10,defend,2023
13/0,19/0,28/0,36/0,41/1,49/1,57/1,64/1,67/1,78/1,88/1,97/1,101/1,105/2,109/2,121/3,124/5,129/5,137/5,148/5,5/0,18/0,25/0,32/0,34/2,46/2,46/3,48/5,55/5,59/5,69/6,72/7,78/7,81/7,90/7,97/7,99/7,106/7,112/7,117/8,defend,2022
13/0,27/0,43/0,47/2,61/2,77/2,88/2,110/2,128/2,146/2,159/2,170/2,182/2,202/2,215/2,235/2,249/2,256/2,267/2,282/2,1/0,2/0,3/1,3/2,3/2,6/4,6/4,13/4,14/4,14/5,15/5,15/5,16/6,16/7,20/7,24/7,25/9,26/9,26/10,26/10,defend,2022
13/0,24/0,33/0,40/0,55/0,67/0,80/0,85/0,98/0,110/0,126/0,140/0,154/0,168/0,177/0,192/0,205/1,219/1,239/1,253/1,7/0,12/1,13/1,17/2,20/2,24/2,25/2,27/3,34/3,35/4,37/4,38/8,40/8,41/8,42/8,43/9,43/9,43/9,43/9,43/9,defend,2022
13/0,18/0,33/1,36/1,43/1,47/1,50/1,58/1,71/1,74/2,83/2,101/2,119/2,127/3,140/3,152/3,157/3,161/3,173/3,184/4,4/0,4/1,6/2,19/2,25/2,35/2,46/2,52/3,59/3,66/3,70/4,80/5,83/6,90/6,100/7,108/7,122/8,133/9,138/10,138/10,defend,2021
14/0,25/0,42/0,52/2,63/2,75/2,82/2,86/3,95/3,106/3,113/3,121/5,125/5,129/5,135/5,140/5,152/5,158/5,166/6,178/8,1/1,13/1,22/1,29/1,37/1,44/1,51/1,60/1,65/2,68/3,79/3,86/3,92/4,103/4,111/5,117/6,127/6,134/8,137/10,137/10,defend,2026
14/0,21/0,29/0,36/0,46/1,48/2,54/2,60/2,69/2,75/2,80/2,95/2,108/2,119/2,124/3,127/4,136/4,147/5,152/5,157/7,7/0,19/1,24/1,36/1,47/1,53/1,63/1,66/2,79/2,88/2,97/2,103/2,114/2,119/3,130/4,133/4,142/4,145/4,152/4,158/4,chased,2026
14/0,16/0,22/0,30/0,40/0,46/0,48/1,50/2,56/3,60/3,66/3,74/3,79/3,89/3,99/3,106/3,109/4,116/5,118/7,125/8,2/0,7/0,8/2,14/3,16/3,25/3,28/3,28/4,30/4,37/4,39/5,43/6,54/6,60/6,70/7,75/7,81/9,88/9,94/9,95/10,defend,2025
14/0,25/0,39/0,46/0,49/0,50/0,53/0,69/1,75/1,85/2,91/2,98/3,102/4,112/4,122/4,125/5,131/5,136/6,141/6,146/7,6/1,8/2,11/2,16/2,17/2,19/2,22/2,23/2,24/2,26/2,33/2,35/4,36/4,43/4,47/5,54/5,58/7,62/7,64/8,68/10,defend,2024
14/0,23/0,32/0,37/0,47/0,49/0,54/0,70/0,79/0,91/0,114/0,117/1,123/1,135/1,142/1,154/1,157/3,167/3,176/4,184/4,3/1,8/3,18/3,23/4,26/4,32/5,34/5,39/5,46/5,51/5,56/5,58/6,67/6,76/6,81/6,88/6,92/7,97/9,99/10,99/11,defend,2020
15/0,29/0,39/1,52/1,63/1,70/1,74/1,80/1,89/2,96/2,104/2,108/2,118/3,126/3,146/4,153/4,165/5,175/5,189/5,190/6,9/1,9/3,10/5,13/5,14/6,23/6,24/9,28/9,29/9,29/10,29/10,29/10,29/10,29/10,29/10,29/10,29/10,29/10,29/10,29/10,defend,2026
15/0,32/0,42/0,57/0,62/1,67/1,73/2,79/2,88/2,97/2,100/2,115/2,127/2,133/2,136/2,142/3,147/3,157/3,163/3,167/4,0/1,7/1,12/1,13/2,21/2,25/4,26/4,27/5,28/6,29/7,29/8,30/9,31/10,31/10,31/10,31/10,31/10,31/10,31/10,31/10,defend,2026
15/0,19/1,23/2,31/3,45/3,52/3,54/3,66/3,73/3,82/3,87/3,93/3,101/4,106/4,110/4,117/4,124/4,132/4,145/4,152/6,1/1,6/2,9/2,20/2,24/2,31/2,39/3,48/3,59/3,63/3,74/3,77/4,86/5,90/5,93/6,101/6,111/6,114/9,118/10,118/10,defend,2026
15/0,22/0,32/0,38/0,43/1,54/3,72/3,82/3,89/3,93/3,101/3,108/3,114/4,128/4,134/4,148/4,157/4,166/4,174/5,180/5,16/0,28/0,37/0,42/1,47/1,61/1,68/2,74/2,75/2,80/2,83/3,90/4,95/5,98/6,103/7,109/7,110/9,115/9,117/10,117/10,defend,2025
15/0,16/1,16/2,23/2,25/3,41/4,46/4,54/4,60/4,70/4,77/4,79/4,86/4,86/4,90/4,98/4,101/5,107/5,117/5,123/7,1/1,4/1,7/1,11/1,13/1,20/1,21/2,25/2,28/3,29/3,34/4,37/4,41/6,45/6,48/7,51/10,51/10,51/10,51/10,51/10,defend,2025
15/0,23/0,28/1,34/1,41/1,48/1,52/1,60/1,70/1,73/2,88/2,91/3,97/3,105/3,114/4,118/5,123/5,134/6,139/9,142/10,4/0,7/0,11/0,15/0,24/0,34/0,38/1,41/1,48/1,52/2,59/3,62/3,68/4,73/4,75/5,85/5,89/5,100/5,108/6,113/7,defend,2024
15/0,29/0,37/0,62/0,72/1,86/1,106/1,114/1,127/1,151/1,158/1,180/1,199/1,217/1,239/1,250/1,266/1,284/1,302/1,318/1,5/0,6/1,6/2,12/2,12/2,13/2,14/2,16/2,21/2,22/2,22/3,23/3,27/3,33/3,37/4,37/5,38/6,42/6,43/7,49/8,defend,2022
15/0,15/0,24/0,32/0,40/1,44/1,56/1,63/1,71/1,85/1,92/1,98/2,104/2,114/2,121/2,127/2,131/2,145/2,157/2,164/3,8/0,12/0,17/1,29/1,35/2,40/2,48/2,53/3,56/3,63/3,75/4,83/4,95/4,105/4,108/5,114/6,121/6,132/6,137/6,145/8,defend,2022
15/0,16/1,16/2,20/2,29/2,35/2,38/2,46/2,48/2,58/3,61/3,73/3,78/3,82/6,83/8,84/8,90/8,95/8,99/8,103/9,1/0,12/1,14/1,21/1,30/2,31/3,41/3,44/3,50/3,56/4,62/4,67/4,70/4,79/4,83/5,85/5,91/5,99/6,104/6,104/6,chased,2020
16/0,19/2,27/2,36/2,42/2,45/2,55/2,58/2,60/2,71/3,77/4,89/4,95/5,102/6,107/8,112/8,119/8,121/8,122/10,122/10,6/1,12/1,14/1,20/2,21/2,25/3,26/4,33/4,36/4,40/4,42/4,44/4,52/5,60/6,76/6,82/6,84/8,89/8,93/8,100/8,defend,2026
16/0,18/1,19/1,27/1,30/1,39/1,43/1,54/1,63/1,67/1,75/2,84/2,89/2,100/2,111/2,118/2,127/2,139/3,149/3,162/5,2/0,4/1,10/1,11/2,20/4,20/4,32/4,35/5,40/5,44/5,51/5,54/5,58/5,59/5,69/5,71/6,72/7,74/8,76/10,76/10,defend,2024
16/0,17/0,19/1,23/2,30/2,43/2,49/2,59/2,62/2,64/2,76/2,78/2,81/2,87/2,91/3,101/3,104/4,107/5,114/5,119/6,16/0,20/0,28/0,33/0,36/0,46/1,47/2,52/2,55/2,62/2,71/2,78/3,81/3,89/3,93/3,101/3,110/3,114/3,118/4,132/6,unknown,2024
16/0,21/1,26/2,35/2,41/2,44/2,46/3,58/3,62/3,68/3,79/3,86/3,90/3,95/5,104/5,109/5,114/6,119/6,127/6,133/6,2/0,12/0,18/0,18/0,20/0,36/0,41/0,46/0,54/0,59/0,68/0,76/1,83/2,85/3,91/3,96/4,100/4,102/6,105/7,111/8,defend,2024
16/0,24/0,32/0,38/0,50/0,54/0,59/2,61/3,67/3,81/3,97/3,106/3,111/3,114/5,121/5,133/5,155/5,163/6,173/7,178/7,4/1,11/3,14/4,18/5,20/5,22/5,23/6,28/6,31/6,36/6,40/7,46/7,48/8,48/9,48/9,50/9,50/9,53/9,53/9,54/9,defend,2024
16/0,31/1,39/1,40/2,42/4,46/5,51/5,56/5,58/5,62/5,66/5,70/5,76/6,80/6,86/6,93/6,98/6,103/6,105/7,106/9,3/0,16/0,26/0,33/0,34/0,44/0,49/0,58/0,62/0,70/0,74/0,91/0,99/0,104/0,107/0,107/0,107/0,107/0,107/0,107/0,chased,2023
16/0,24/0,29/1,36/1,40/1,43/3,44/4,47/4,50/6,54/6,56/6,60/6,68/6,77/6,82/6,91/6,95/6,102/6,114/6,125/6,8/1,12/2,14/3,15/3,20/3,23/3,28/4,33/5,33/7,34/7,39/8,43/9,45/10,45/10,45/10,45/10,45/10,45/10,45/10,45/10,defend,2022
17/0,25/0,34/1,47/1,50/2,55/2,63/2,69/2,75/3,78/4,85/5,87/5,95/5,101/5,112/5,117/5,128/5,131/6,135/7,141/8,8/0,14/0,28/0,30/0,59/0,65/0,68/0,76/0,86/0,94/0,101/1,112/1,123/1,133/1,144/1,144/1,144/1,144/1,144/1,144/1,chased,2026
17/0,25/0,32/0,35/0,49/0,62/1,79/1,90/2,95/2,102/2,119/2,134/2,145/3,152/3,157/3,166/3,173/3,187/3,194/5,203/5,3/0,7/0,8/0,10/2,18/3,19/4,24/4,32/4,33/4,35/4,47/4,50/4,54/4,55/5,58/5,60/5,64/6,66/8,66/8,70/9,defend,2026
17/0,22/0,27/1,40/1,49/1,64/1,80/1,83/2,88/3,88/3,88/3,88/3,88/3,88/3,88/3,88/3,88/3,88/3,88/3,88/3,2/1,3/1,13/1,14/2,26/2,32/2,34/2,35/4,43/5,43/5,43/5,43/5,43/5,43/5,43/5,43/5,43/5,43/5,43/5,43/5,defend,2025
17/0,33/0,49/0,60/0,72/0,83/0,90/0,103/0,112/1,121/1,130/1,137/1,151/1,165/1,172/1,185/1,197/1,208/1,220/1,228/1,4/0,5/2,15/2,19/2,20/3,21/4,24/4,24/4,29/5,33/5,36/6,39/6,41/6,44/6,47/6,56/7,62/7,65/8,72/8,76/10,defend,2025
17/1,20/1,27/1,45/1,47/1,60/1,67/2,76/2,79/3,85/3,94/3,100/3,103/3,111/3,117/3,127/3,139/3,152/3,161/3,168/4,6/0,11/1,15/1,21/1,24/2,26/3,34/3,35/3,41/3,45/3,52/3,57/3,60/3,63/4,70/5,74/6,76/7,78/8,83/8,88/10,defend,2025
18/0,21/0,22/1,24/1,29/1,32/1,38/1,47/2,53/2,59/2,65/2,74/2,85/2,90/2,101/2,107/2,113/2,119/3,127/3,137/3,0/0,2/0,7/0,9/1,9/1,15/1,18/1,19/2,22/2,31/3,32/5,33/5,33/7,37/7,38/7,42/7,44/8,48/9,50/9,53/10,defend,2026
19/0,28/0,36/0,44/1,51/1,52/1,59/2,63/3,70/3,80/3,92/3,96/3,105/3,110/3,120/3,127/3,133/3,143/4,148/4,155/5,1/1,6/2,7/3,17/3,23/4,33/4,33/5,38/5,42/6,43/7,43/9,49/9,51/10,51/10,51/10,51/10,51/10,51/10,51/10,51/10,defend,2025
2/0,6/0,14/0,21/0,28/1,35/1,47/1,56/1,62/2,71/2,75/2,84/2,88/3,100/3,110/3,115/3,123/4,129/5,144/5,168/5,5/0,17/0,27/1,32/1,43/1,49/1,55/1,60/1,70/2,78/2,88/2,95/2,97/2,98/2,109/3,114/4,122/4,130/6,137/7,142/9,defend,2026
2/0,12/0,19/0,24/0,42/0,48/1,55/1,60/1,66/2,72/2,80/2,89/2,96/2,103/3,114/3,125/3,128/4,131/4,138/4,146/6,0/0,13/0,14/0,18/0,26/0,33/1,44/1,45/1,48/2,51/2,56/3,57/4,65/4,72/4,78/5,84/6,90/6,97/6,99/6,105/6,defend,2026
2/0,8/0,23/0,27/0,27/1,36/1,42/1,43/3,45/3,50/4,60/4,61/4,71/5,75/5,81/5,95/5,102/6,111/6,120/8,128/10,5/1,5/1,12/2,16/2,22/2,35/2,38/2,41/2,46/2,53/3,61/4,67/4,73/5,77/5,79/7,82/8,93/8,96/9,100/10,100/10,defend,2026
2/0,2/1,5/1,7/1,12/1,19/1,30/1,33/2,36/3,39/3,46/3,52/3,56/4,62/4,70/4,77/4,87/4,90/6,93/8,106/9,5/0,7/0,10/1,11/1,18/1,21/1,21/2,31/2,35/2,39/2,46/3,48/4,53/4,60/4,62/5,73/5,80/5,82/5,86/7,94/9,defend,2026
2/0,10/0,14/1,21/2,25/4,28/5,32/7,38/7,40/7,43/7,43/7,45/9,48/9,49/10,49/10,49/10,49/10,49/10,49/10,49/10,2/0,6/0,7/0,7/0,7/0,7/0,7/0,7/0,7/0,7/0,7/0,7/0,7/0,7/0,7/0,7/0,7/0,7/0,7/0,7/0,unknown,2026
2/0,3/0,11/0,14/1,16/1,17/2,23/2,24/2,26/2,28/3,31/3,31/3,34/3,37/3,42/3,48/3,49/5,51/5,53/5,53/6,6/0,18/0,19/1,23/1,28/2,35/2,47/2,54/2,54/2,54/2,54/2,54/2,54/2,54/2,54/2,54/2,54/2,54/2,54/2,54/2,chased,2026
2/0,5/0,13/0,20/1,21/1,23/1,31/1,37/2,44/2,51/2,56/2,59/3,66/3,72/4,77/4,81/6,85/7,87/8,97/8,112/8,2/0,8/0,8/1,10/3,12/3,13/4,16/4,20/4,25/4,28/4,28/5,37/5,40/6,42/6,44/7,48/7,50/7,60/7,62/9,62/9,defend,2026
2/0,7/0,18/0,27/0,44/0,48/0,55/0,60/0,66/1,74/1,81/1,88/1,97/1,105/1,119/2,124/2,127/2,135/2,145/2,153/2,0/3,3/3,9/3,16/4,28/4,34/4,42/4,44/4,60/4,71/4,86/4,96/4,96/4,96/4,96/4,96/4,96/4,96/4,96/4,96/4,chased,2026
2/0,3/1,10/1,12/1,12/1,17/2,18/3,19/3,25/5,28/5,32/6,33/6,35/6,37/6,38/6,48/7,55/8,63/8,73/8,81/8,8/1,18/1,25/1,38/1,49/1,58/1,83/2,83/2,83/2,83/2,83/2,83/2,83/2,83/2,83/2,83/2,83/2,83/2,83/2,83/2,chased,2026
2/0,5/1,6/1,7/3,8/3,8/4,9/4,14/6,17/6,25/7,26/8,31/8,41/8,46/10,46/10,46/10,46/10,46/10,46/10,46/10,2/1,5/1,14/1,22/1,27/1,39/1,47/1,47/1,47/1,47/1,47/1,47/1,47/1,47/1,47/1,47/1,47/1,47/1,47/1,47/1,chased,2026
2/0,7/0,12/0,17/0,22/0,28/0,37/0,41/1,47/1,48/1,53/1,64/1,69/1,75/1,82/1,88/1,93/2,101/2,113/3,119/3,2/2,3/2,4/2,7/2,17/2,21/2,25/2,30/2,34/2,40/2,45/2,48/3,52/3,62/3,72/3,84/3,90/4,99/4,104/5,110/8,defend,2026
2/0,9/0,14/1,18/1,23/1,27/3,30/3,31/3,34/3,39/3,44/3,52/3,58/3,62/4,67/4,75/5,84/5,92/5,113/5,126/6,1/1,12/1,21/1,30/1,41/1,55/1,71/1,78/3,79/4,86/4,89/4,94/4,100/4,109/4,114/4,116/6,117/7,119/8,127/8,127/8,chased,2026
2/0,5/0,10/0,15/0,19/0,25/0,28/0,40/0,44/0,47/0,48/0,49/1,52/1,60/2,65/3,72/4,76/4,78/5,80/6,87/6,0/0,1/0,5/0,14/0,18/0,24/0,32/1,36/2,40/2,46/3,48/3,53/3,58/4,64/4,67/4,74/4,80/4,87/4,88/4,88/4,chased,2026
2/0,6/2,12/2,30/2,36/3,39/3,44/3,52/3,58/3,62/3,68/3,73/4,77/4,88/4,92/4,106/4,111/4,116/5,122/6,137/7,4/3,8/4,13/5,15/6,17/7,17/7,21/7,21/8,22/9,23/9,24/9,24/10,24/10,24/10,24/10,24/10,24/10,24/10,24/10,24/10,defend,2026
2/0,10/0,23/0,25/1,38/1,43/2,48/3,55/3,59/3,63/4,66/4,69/4,74/4,76/4,79/5,83/6,85/6,92/6,93/7,104/8,2/0,10/1,18/1,23/1,26/1,31/2,37/2,48/2,52/2,55/3,61/4,63/5,70/5,73/5,78/5,87/5,99/5,103/5,105/5,105/5,chased,2025
2/0,9/1,14/2,19/2,21/2,24/2,28/3,34/3,43/3,47/3,59/3,69/3,71/3,78/3,85/3,92/3,101/3,108/4,113/5,122/6,6/0,15/0,22/1,34/1,34/1,37/1,44/1,51/1,58/2,67/2,75/2,88/2,99/2,100/2,103/2,112/2,119/2,125/2,125/2,125/2,chased,2025
2/0,8/1,15/1,20/1,29/1,35/2,35/3,43/3,51/3,57/3,61/5,64/6,75/6,82/6,88/6,95/8,101/8,107/8,110/9,115/9,3/1,5/1,8/2,13/4,13/5,20/5,21/6,22/6,27/6,32/6,37/6,38/6,45/7,50/7,54/7,58/9,59/10,59/10,59/10,59/10,defend,2025
2/0,7/0,15/0,17/0,22/0,28/0,35/2,36/2,40/2,42/2,46/2,49/2,56/2,58/3,64/3,71/3,77/3,80/3,85/4,95/4,4/0,6/0,8/2,11/2,15/2,19/3,21/3,27/3,33/3,35/4,38/4,54/4,56/5,59/5,64/5,65/6,78/6,81/8,87/8,94/10,defend,2025
2/0,3/0,7/0,10/2,11/2,15/2,17/2,20/3,21/4,24/4,34/4,38/4,41/5,43/6,47/7,52/8,56/9,56/10,56/10,56/10,3/0,8/1,16/1,23/1,25/1,28/1,34/1,38/1,42/1,47/1,47/2,49/3,52/3,58/3,58/3,58/3,58/3,58/3,58/3,58/3,chased,2025
2/0,6/2,11/2,15/2,17/2,20/3,23/3,24/4,28/6,32/6,35/8,38/8,42/8,45/8,46/9,51/9,54/10,54/10,54/10,54/10,6/0,6/1,10/1,13/1,17/2,22/2,25/3,26/3,28/3,30/4,33/4,34/4,39/4,48/4,55/4,55/4,55/4,55/4,55/4,55/4,chased,2025
2/0,11/0,15/0,18/0,18/1,22/1,24/1,29/1,34/1,36/2,37/3,40/3,42/3,47/4,51/5,63/5,70/5,72/6,77/7,80/9,10/0,19/1,25/1,26/1,30/1,30/2,34/3,41/3,49/3,57/3,65/3,71/3,77/3,81/3,81/3,81/3,81/3,81/3,81/3,81/3,chased,2025
2/0,12/0,22/0,31/0,42/0,51/0,61/0,63/0,77/0,86/1,92/1,102/1,116/1,124/3,131/3,149/3,165/3,183/4,190/5,201/5,5/0,7/0,13/0,15/0,28/0,33/0,35/2,44/2,47/2,57/2,62/2,69/2,75/2,88/2,101/2,111/2,116/3,124/3,131/3,136/3,defend,2025
2/0,4/0,8/0,10/0,24/0,27/1,39/1,43/1,53/1,55/1,63/1,65/3,73/3,76/4,83/4,90/4,93/4,94/4,103/5,107/5,3/0,4/0,10/0,15/0,19/0,19/0,26/0,30/1,32/2,34/2,38/3,43/3,50/3,55/4,64/4,64/5,67/6,68/8,68/8,68/9,defend,2025
2/0,7/0,11/0,20/0,24/1,29/1,36/1,43/1,52/1,59/1,69/1,71/1,76/1,89/1,102/1,113/1,120/1,125/1,131/1,136/1,0/0,5/0,11/0,20/0,27/0,33/0,34/0,37/0,51/0,62/0,67/0,75/1,78/1,85/1,91/1,102/1,125/3,126/5,137/5,137/5,chased,2025
2/0,14/0,21/0,23/0,33/1,35/2,48/2,56/2,62/2,67/2,73/3,79/3,86/3,90/3,100/3,103/4,107/5,112/6,120/6,135/6,1/1,3/2,13/2,23/2,29/2,40/2,50/2,57/2,65/2,67/2,75/2,76/2,78/2,81/2,85/2,85/3,90/5,98/6,105/7,110/8,defend,2025
2/0,4/1,10/1,21/1,41/1,41/1,41/1,41/1,41/1,41/1,41/1,41/1,41/1,41/1,41/1,41/1,41/1,41/1,41/1,41/1,7/0,19/0,31/0,40/1,42/1,42/1,42/1,42/1,42/1,42/1,42/1,42/1,42/1,42/1,42/1,42/1,42/1,42/1,42/1,42/1,chased,2025
2/0,4/0,7/0,8/0,13/0,19/0,24/0,31/1,34/1,42/1,49/1,53/2,59/2,62/2,65/3,75/3,82/3,89/3,101/4,109/4,3/1,4/1,5/1,6/2,14/2,17/2,28/2,30/3,31/5,32/8,34/8,38/8,43/8,45/8,49/8,51/8,59/8,60/10,60/10,60/10,defend,2025
2/0,16/0,18/1,18/1,27/1,28/2,35/2,42/3,45/4,46/4,50/5,55/5,58/5,64/5,64/7,66/8,68/8,72/9,73/9,82/9,5/0,6/1,13/1,17/1,21/1,25/1,29/1,34/2,38/2,44/2,45/3,50/3,51/3,56/3,57/5,62/5,69/5,72/5,76/7,83/8,chased,2025
2/0,12/0,25/0,31/0,38/1,38/1,38/1,49/1,53/1,60/1,65/2,69/2,86/2,92/2,96/2,100/3,112/3,117/3,124/4,140/4,0/1,3/3,6/3,7/4,13/4,17/5,26/5,32/6,36/6,36/6,36/6,36/6,36/6,36/6,36/6,36/6,36/6,36/6,36/6,36/6,defend,2025
2/0,2/0,7/0,8/0,14/0,16/0,20/0,33/0,35/1,40/1,44/2,47/2,47/3,49/3,56/4,60/5,64/6,65/8,69/8,74/10,16/0,22/0,23/0,31/0,32/1,41/1,49/1,53/2,58/2,65/3,73/3,78/3,78/3,78/3,78/3,78/3,78/3,78/3,78/3,78/3,chased,2025
2/0,9/1,13/1,23/1,35/1,47/1,49/2,58/2,61/2,63/2,75/2,85/3,93/3,97/3,107/3,117/3,121/3,136/3,152/4,162/5,2/1,4/1,8/1,11/2,14/2,15/3,20/3,28/4,34/4,37/5,45/6,48/6,52/8,54/8,56/10,56/10,56/10,56/10,56/10,56/10,defend,2025
2/0,16/0,29/0,35/0,55/0,72/0,99/0,109/0,115/0,117/1,134/1,152/1,165/1,175/2,184/3,196/3,215/3,226/3,240/3,255/3,0/0,3/0,5/2,5/2,13/3,17/3,18/4,24/4,26/4,34/4,36/5,38/7,46/7,49/7,49/8,50/9,51/9,53/10,53/10,53/10,defend,2025
2/0,10/0,11/1,19/1,22/1,36/1,37/2,47/2,51/2,56/2,67/3,77/3,83/4,89/4,93/5,96/6,97/8,102/8,110/10,110/10,5/0,7/0,13/1,21/1,30/1,32/1,36/1,45/1,51/1,58/1,63/1,67/1,72/1,81/1,90/1,101/1,105/2,108/2,110/3,111/3,chased,2025
2/0,8/1,18/1,20/2,29/2,37/2,39/2,42/3,42/4,49/4,54/4,54/5,62/5,63/5,69/6,83/6,92/6,96/6,102/6,107/8,4/0,14/0,19/0,21/0,22/0,31/0,35/0,41/0,52/0,56/1,58/2,59/2,66/2,76/2,79/2,87/2,92/2,100/2,108/2,108/2,chased,2025
2/0,2/0,9/0,11/0,21/0,25/0,27/0,28/1,32/1,44/1,52/1,65/1,73/2,77/2,91/2,98/3,103/4,107/6,110/7,115/7,3/0,12/0,16/0,17/0,26/0,30/0,41/0,49/0,56/0,65/0,75/0,82/0,88/0,94/0,103/0,112/0,116/1,116/1,116/1,116/1,chased,2025
2/0,11/0,15/1,17/1,19/2,25/2,27/2,31/3,38/3,43/3,47/3,48/5,54/5,58/5,62/6,69/6,69/7,72/7,73/8,80/8,2/0,8/0,10/1,14/2,23/2,28/2,32/2,43/2,44/3,51/3,59/3,64/3,71/3,73/3,82/3,82/3,82/3,82/3,82/3,82/3,chased,2025
2/0,8/0,20/0,25/0,31/0,37/0,45/0,49/0,55/0,57/1,63/1,66/3,75/3,82/3,86/3,87/4,93/4,103/4,106/5,107/6,10/0,14/1,20/1,29/1,33/1,37/2,41/2,48/3,57/3,66/3,76/4,82/4,84/5,87/5,91/6,95/6,98/7,102/8,106/8,108/9,chased,2025
2/0,10/0,11/0,11/0,15/1,19/2,23/3,23/4,36/4,37/5,37/5,39/5,39/6,39/7,40/8,41/9,42/9,42/10,42/10,42/10,8/0,16/0,20/0,25/0,31/0,41/1,43/1,43/1,43/1,43/1,43/1,43/1,43/1,43/1,43/1,43/1,43/1,43/1,43/1,43/1,chased,2025
2/0,3/0,5/2,8/3,12/5,21/5,35/5,46/6,55/7,59/8,66/9,73/9,74/10,74/10,74/10,74/10,74/10,74/10,74/10,74/10,0/0,1/0,9/0,26/0,33/0,35/2,42/2,48/2,49/3,53/3,54/4,69/4,71/5,75/5,75/5,75/5,75/5,75/5,75/5,75/5,chased,2025
2/0,15/0,23/0,29/0,48/0,53/0,61/0,75/0,87/0,99/0,106/0,112/0,131/0,140/0,145/1,155/1,157/2,169/2,179/2,183/3,7/0,17/0,17/3,34/3,38/3,49/3,52/4,56/4,65/4,73/4,81/4,89/4,93/4,101/4,108/4,118/4,124/4,130/5,139/5,148/6,defend,2025
2/0,12/0,17/0,23/0,32/0,38/0,39/1,43/1,49/1,51/1,55/1,62/1,66/1,69/3,75/3,80/4,89/4,95/4,100/4,103/7,8/0,15/0,23/1,28/1,37/1,46/1,50/1,54/1,57/2,60/3,64/3,69/3,73/3,78/4,85/4,93/4,98/4,104/5,104/5,104/5,chased,2025
2/0,7/0,12/1,14/1,22/1,28/2,30/4,35/5,38/6,47/6,51/6,55/6,61/6,67/6,68/7,70/7,79/7,85/7,90/8,91/10,1/0,16/0,19/0,29/1,32/1,32/1,37/1,39/1,40/1,45/2,48/3,51/4,52/4,56/4,63/4,66/4,73/4,80/5,89/6,92/9,chased,2025
2/0,7/0,17/1,21/1,32/1,43/1,47/1,55/2,58/4,69/4,76/4,84/4,92/4,111/4,117/4,118/4,129/4,133/4,147/4,160/4,8/0,9/1,17/3,22/4,26/5,29/7,33/8,39/8,47/8,49/8,53/8,60/8,62/10,62/10,62/10,62/10,62/10,62/10,62/10,62/10,defend,2025
2/0,6/0,13/0,14/0,27/0,35/0,41/1,47/1,56/1,59/1,63/1,65/2,71/2,75/2,83/2,86/2,98/2,102/2,113/3,124/5,1/1,5/1,9/1,12/1,19/1,19/1,21/2,32/2,41/2,42/3,43/3,48/5,55/6,61/7,65/7,75/8,80/8,82/9,85/10,85/10,defend,2025
2/0,12/1,16/1,17/1,24/1,26/2,37/2,49/3,54/4,58/4,59/4,63/5,66/5,76/6,85/6,93/6,96/6,102/6,104/7,117/7,5/1,5/2,12/2,16/2,28/2,37/3,40/4,43/4,44/5,48/5,49/5,53/6,59/6,67/6,72/7,75/7,83/7,91/8,94/10,94/10,defend,2025
2/0,8/1,13/1,14/1,15/2,18/2,21/2,25/2,31/2,32/2,36/2,37/3,43/3,49/3,58/3,67/3,78/3,80/4,85/4,94/5,6/0,16/0,26/1,32/1,39/1,47/1,49/1,56/1,58/1,65/1,70/1,73/1,80/2,89/2,93/2,95/2,95/2,95/2,95/2,95/2,chased,2025
2/0,9/0,20/1,30/2,34/2,38/4,43/5,51/5,54/5,61/6,66/6,66/7,69/7,74/7,79/8,86/8,89/9,93/10,93/10,93/10,5/0,9/0,11/0,13/0,17/0,21/0,28/0,40/0,50/0,55/1,57/2,64/3,66/4,68/4,73/4,85/5,87/6,90/6,94/6,94/6,chased,2025
2/0,11/0,15/1,16/2,17/2,22/2,23/5,27/5,30/5,34/5,40/5,41/6,45/6,49/6,56/7,66/7,71/7,79/7,83/8,92/9,2/0,2/1,3/1,8/2,9/2,13/2,14/3,15/3,19/3,24/3,28/3,36/3,36/4,39/4,41/4,45/4,53/5,67/5,76/6,84/8,defend,2025
2/0,8/0,9/0,11/1,14/1,17/1,19/1,25/1,31/1,33/1,39/2,45/2,56/2,61/4,64/5,74/5,80/5,84/6,87/6,94/7,1/0,3/0,5/0,9/0,10/1,17/2,17/4,25/4,35/4,38/4,39/4,47/4,49/4,55/4,61/5,70/5,80/5,85/5,89/5,93/7,defend,2025
2/0,7/0,11/1,16/2,17/2,18/2,20/2,25/3,27/4,28/5,40/6,41/7,44/7,49/7,53/7,57/7,61/8,62/9,63/9,63/10,7/0,18/0,28/0,42/0,54/0,65/0,65/0,65/0,65/0,65/0,65/0,65/0,65/0,65/0,65/0,65/0,65/0,65/0,65/0,65/0,chased,2025
2/0,15/0,20/0,27/1,29/1,42/1,48/1,53/1,60/2,66/2,75/2,80/2,86/3,89/4,94/5,99/5,105/5,114/6,124/6,142/6,7/0,16/0,23/0,30/0,33/0,41/0,53/0,59/0,70/0,75/1,77/1,85/1,96/1,104/1,110/2,114/3,127/3,131/4,144/4,144/4,chased,2024
2/0,8/1,12/2,12/2,15/2,23/2,27/3,30/3,41/3,45/3,47/4,52/4,55/5,58/5,63/5,69/5,74/5,82/6,87/7,93/8,5/0,7/0,11/1,19/1,28/1,34/1,40/1,48/1,58/1,60/1,74/1,84/1,87/2,91/2,95/2,95/2,95/2,95/2,95/2,95/2,chased,2024
2/0,8/0,9/0,16/0,19/0,29/0,37/0,47/0,50/1,62/1,66/1,69/1,77/1,88/1,95/1,103/2,109/3,113/4,122/4,129/5,0/0,4/2,6/2,7/2,7/3,8/3,12/3,21/3,24/3,29/3,31/3,34/5,34/7,35/9,37/9,39/9,41/10,41/10,41/10,41/10,defend,2024
2/0,5/0,11/0,13/0,15/0,20/1,22/1,31/1,32/2,45/2,47/2,54/2,57/2,60/3,63/3,64/4,67/5,71/6,75/6,75/10,0/0,8/0,11/0,11/1,17/1,27/1,28/1,29/1,36/1,41/2,52/2,54/3,59/4,62/4,65/6,68/6,73/6,75/6,76/6,76/6,chased,2024
2/0,5/1,7/1,9/3,10/3,16/3,23/4,35/5,46/5,48/5,56/5,58/5,61/5,67/5,74/5,79/5,82/6,83/7,89/7,92/8,1/0,5/0,7/2,19/2,23/2,26/2,36/2,43/2,49/2,55/3,60/3,62/4,68/4,69/4,73/4,78/4,81/5,87/6,91/7,93/7,chased,2024
2/0,3/0,4/0,8/0,14/0,14/0,15/0,19/0,22/0,24/0,29/0,33/0,43/3,45/4,46/4,55/4,59/4,63/4,66/5,70/7,3/0,5/0,6/0,8/2,9/2,10/3,11/4,18/5,20/5,26/5,30/5,37/5,41/5,47/5,50/6,52/8,57/8,62/9,65/9,66/10,defend,2024
2/0,4/0,8/1,12/1,18/1,18/2,20/2,28/2,32/2,35/2,38/2,43/3,51/3,60/3,63/3,71/3,76/4,77/4,84/6,89/7,3/1,7/3,11/3,13/4,25/4,29/4,29/4,29/4,29/4,29/4,29/4,29/4,29/4,29/4,29/4,29/4,29/4,29/4,29/4,29/4,defend,2024
2/0,9/0,16/0,17/0,23/0,26/0,30/0,36/0,49/0,55/0,59/0,60/1,62/1,65/1,73/1,74/1,79/1,85/1,95/2,106/2,6/0,11/0,13/0,13/2,17/2,23/2,24/2,27/2,28/2,29/3,31/3,33/3,36/3,40/3,40/5,51/6,58/6,63/6,68/8,76/8,defend,2024
2/0,7/0,13/0,13/0,17/0,22/1,24/1,25/2,28/2,34/3,38/3,42/3,47/4,50/5,51/6,59/6,62/6,66/7,71/8,74/9,1/0,2/0,8/0,14/0,17/1,25/1,26/1,29/2,38/2,42/2,45/4,52/4,57/4,65/4,72/4,75/5,75/5,75/5,75/5,75/5,chased,2024
2/0,12/0,23/0,34/0,36/0,40/2,44/2,51/2,58/2,66/2,68/3,74/3,77/3,95/3,105/3,120/3,134/3,146/3,151/3,161/3,2/1,5/1,9/1,14/3,17/3,23/4,34/5,37/7,43/8,44/8,48/9,52/9,52/10,52/10,52/10,52/10,52/10,52/10,52/10,52/10,defend,2024
2/0,6/0,20/0,25/0,36/0,45/0,47/0,53/0,61/0,64/2,67/2,73/2,79/2,94/2,100/4,101/4,114/4,118/4,132/4,140/4,1/1,9/1,14/1,19/2,28/2,35/2,37/2,44/2,59/2,69/2,74/2,78/4,82/4,93/4,106/4,115/4,121/5,125/6,138/6,141/7,chased,2024
2/0,5/0,7/1,11/2,13/2,18/2,19/2,30/2,32/3,40/3,43/3,48/3,51/3,55/4,56/5,58/5,61/5,61/6,65/8,69/9,5/0,13/0,17/0,22/0,29/0,37/0,39/1,47/1,53/2,55/2,58/2,64/3,64/3,66/3,72/3,72/3,72/3,72/3,72/3,72/3,chased,2024
2/0,9/0,22/0,29/0,37/0,43/1,47/1,52/1,60/1,69/1,79/1,87/2,100/2,109/4,116/4,121/4,127/5,131/6,138/7,148/8,2/0,7/0,9/1,15/1,21/1,29/1,32/1,40/1,45/1,54/1,56/2,57/3,60/4,63/6,73/6,77/7,81/8,83/9,88/9,88/10,defend,2024
2/0,9/0,11/0,15/1,18/2,23/2,26/3,29/4,37/4,40/5,42/5,47/5,49/5,54/5,56/5,58/5,67/6,75/6,78/9,82/10,3/0,12/0,24/0,35/0,37/1,46/1,51/1,56/1,67/1,72/2,83/2,83/2,83/2,83/2,83/2,83/2,83/2,83/2,83/2,83/2,chased,2024
2/0,7/1,14/1,20/1,20/1,23/1,25/1,28/2,32/2,39/2,43/2,48/2,51/3,60/3,62/4,67/4,69/5,70/6,71/7,72/8,5/0,10/0,18/1,27/1,32/1,51/1,53/2,66/2,69/2,73/2,73/2,73/2,73/2,73/2,73/2,73/2,73/2,73/2,73/2,73/2,chased,2024
2/0,7/1,8/1,11/1,16/1,21/1,23/1,32/1,38/1,46/1,59/1,65/1,73/2,78/3,88/3,92/3,95/3,102/4,106/4,110/5,8/0,19/0,26/0,35/0,44/0,51/0,65/0,72/1,77/1,88/1,101/1,106/1,113/1,113/1,113/1,113/1,113/1,113/1,113/1,113/1,chased,2024
2/0,6/0,12/0,14/0,15/1,18/2,22/2,27/3,31/3,37/3,45/3,59/3,65/3,71/3,81/3,92/3,103/3,105/4,111/4,116/6,3/0,7/0,8/2,10/3,14/3,17/4,18/6,21/6,24/6,32/6,33/7,33/8,37/8,38/10,38/10,38/10,38/10,38/10,38/10,38/10,defend,2024
2/0,2/3,6/3,10/4,13/4,19/4,28/4,30/4,33/5,34/5,34/6,42/6,44/6,45/6,45/7,45/7,48/8,49/9,50/9,51/10,7/0,16/0,24/0,29/1,34/1,38/1,45/1,52/1,52/1,52/1,52/1,52/1,52/1,52/1,52/1,52/1,52/1,52/1,52/1,52/1,chased,2024
2/0,10/0,18/0,22/0,33/0,38/0,40/0,47/0,53/0,60/0,68/1,70/1,79/2,88/3,96/3,103/4,109/5,117/5,126/6,128/7,3/0,11/0,32/0,35/0,42/0,46/0,49/1,54/1,65/1,71/1,80/1,92/1,101/1,110/1,119/1,125/1,130/1,130/1,130/1,130/1,chased,2024
2/0,8/0,12/0,16/0,22/0,24/0,30/1,36/1,39/2,42/3,43/3,56/4,62/4,66/4,69/4,72/4,73/4,78/4,80/5,83/6,9/0,10/0,13/0,14/0,18/0,20/1,25/1,32/1,46/1,49/1,50/1,55/1,57/1,63/1,70/3,78/3,82/3,84/3,84/3,84/3,chased,2024
2/0,4/0,5/0,5/0,8/0,10/0,12/0,14/1,18/1,20/1,24/1,28/2,34/2,37/3,39/4,46/4,46/6,48/8,53/9,53/10,7/0,16/0,19/0,27/0,35/0,37/0,41/1,43/1,54/1,54/1,54/1,54/1,54/1,54/1,54/1,54/1,54/1,54/1,54/1,54/1,chased,2024
2/0,4/1,9/1,15/1,23/1,30/1,38/1,43/2,44/3,45/4,46/4,50/4,55/6,57/6,65/6,70/7,74/7,83/7,85/7,90/7,2/0,8/1,16/1,17/1,22/1,25/1,34/1,39/1,44/1,52/1,61/1,65/3,70/3,88/3,91/3,91/3,91/3,91/3,91/3,91/3,chased,2024
2/0,3/0,9/0,16/0,19/1,20/2,24/3,25/3,35/3,39/3,41/5,50/5,54/5,56/6,60/8,61/8,64/9,65/10,65/10,65/10,3/0,10/0,20/0,24/1,26/1,31/2,33/3,38/3,44/4,48/4,57/4,65/4,66/4,66/4,66/4,66/4,66/4,66/4,66/4,66/4,chased,2024
2/0,4/1,6/1,6/2,8/2,8/3,12/3,14/3,20/3,22/3,30/3,36/4,40/6,47/7,50/8,53/9,64/9,69/9,73/9,77/10,2/0,6/0,14/0,17/0,23/0,26/0,31/2,41/2,43/2,52/2,56/2,69/2,77/2,81/2,81/2,81/2,81/2,81/2,81/2,81/2,chased,2024
2/0,5/1,9/2,11/2,12/2,15/2,19/4,21/4,23/4,24/5,32/5,33/6,38/6,44/6,47/7,50/10,50/10,50/10,50/10,50/10,1/0,2/0,2/1,7/1,10/1,20/1,27/1,37/1,42/1,44/2,47/2,49/2,49/4,51/5,51/5,51/5,51/5,51/5,51/5,51/5,chased,2024
2/0,6/0,14/0,29/0,30/0,34/1,40/1,47/1,57/1,61/1,66/1,72/1,76/2,82/2,86/3,95/4,101/4,106/4,111/5,116/6,2/0,5/0,13/0,15/1,17/2,17/2,20/2,27/2,36/2,40/2,45/2,50/2,59/2,65/3,73/3,79/3,87/3,92/4,99/4,113/5,defend,2023
2/0,4/0,6/0,13/0,14/1,20/1,23/2,25/3,30/4,33/4,33/4,38/4,41/4,53/4,57/4,60/5,67/5,73/6,76/6,81/7,0/0,0/1,2/1,5/1,7/1,11/1,11/4,12/4,15/4,15/5,16/5,17/6,17/7,20/7,21/7,26/7,30/7,32/9,32/10,32/10,defend,2023
2/0,2/2,2/2,2/2,5/2,5/2,10/2,10/2,14/2,22/3,27/3,30/4,38/5,40/5,40/6,44/6,47/8,47/8,47/8,47/10,0/0,3/0,6/0,9/1,11/1,17/1,20/1,31/1,35/1,48/2,48/2,48/2,48/2,48/2,48/2,48/2,48/2,48/2,48/2,48/2,chased,2023
2/0,5/0,6/1,16/1,26/1,29/2,31/2,32/3,33/3,34/3,39/4,42/4,49/4,52/6,56/7,61/8,81/8,85/9,91/9,94/10,0/0,6/0,10/0,13/0,17/1,20/2,25/2,30/2,39/3,46/4,51/4,59/4,62/4,62/6,65/7,73/7,78/8,84/8,86/10,86/10,defend,2023
2/0,9/1,12/2,14/3,19/3,23/3,32/3,38/3,42/4,43/4,43/5,44/6,45/7,46/8,50/8,50/9,50/10,50/10,50/10,50/10,3/1,9/1,10/1,19/1,21/2,28/2,30/2,30/4,31/5,34/5,36/5,39/5,46/5,51/5,51/5,51/5,51/5,51/5,51/5,51/5,chased,2023
2/0,4/0,7/0,8/0,11/1,13/2,13/3,19/4,23/4,29/4,35/5,38/5,47/5,51/5,61/5,66/5,76/6,81/6,87/6,96/7,9/1,13/1,16/1,22/1,25/1,30/2,34/2,39/2,46/2,51/2,54/2,57/2,64/2,65/4,68/5,73/5,82/5,88/5,93/6,97/6,chased,2023
2/0,8/0,9/0,11/1,14/2,15/3,18/4,19/4,20/6,33/6,36/6,50/6,55/6,71/6,82/6,89/6,97/6,105/6,113/6,121/6,6/0,9/0,9/0,23/0,25/1,29/1,36/1,42/1,48/1,59/1,63/1,69/1,77/1,78/1,86/1,99/1,108/1,114/1,122/1,122/1,chased,2023
2/0,11/0,17/0,26/0,38/0,49/0,61/0,70/0,79/0,84/0,93/0,98/0,110/0,124/0,130/1,132/2,137/4,151/4,152/5,163/5,1/0,3/1,5/2,5/3,11/3,16/4,18/4,19/4,25/4,32/4,34/5,34/6,37/6,41/7,46/7,47/7,49/8,65/8,71/8,75/9,defend,2023
2/0,11/0,22/0,29/0,37/0,41/0,47/1,53/1,60/1,71/1,81/1,86/1,90/2,99/2,113/2,124/2,130/2,139/2,143/4,150/5,9/0,15/0,21/0,33/0,34/1,41/1,48/1,60/1,63/2,73/2,81/2,88/2,103/2,109/2,111/3,119/3,124/3,130/3,138/4,144/5,defend,2023
2/0,9/0,22/0,29/0,33/1,37/3,40/3,44/3,49/4,51/4,53/4,56/4,58/4,59/5,65/6,69/6,70/6,78/6,84/7,95/8,10/0,10/1,13/2,15/2,17/2,21/2,27/3,31/4,37/4,41/4,45/4,47/4,57/4,63/4,66/5,69/5,75/5,82/5,86/6,87/10,defend,2023
2/0,8/0,15/0,25/0,33/1,39/1,47/1,51/1,60/2,68/2,76/2,83/2,86/4,90/4,98/4,101/5,111/5,115/5,129/5,137/6,3/1,6/1,9/2,12/2,27/2,29/4,38/4,44/4,48/4,54/4,58/4,61/4,64/5,68/5,77/5,88/5,97/6,105/6,120/6,127/7,defend,2023
2/0,2/0,5/1,16/4,22/7,22/7,22/7,22/7,22/7,22/7,22/7,22/7,22/7,22/7,22/7,22/7,22/7,22/7,22/7,22/7,4/2,10/2,20/2,23/2,23/2,23/2,23/2,23/2,23/2,23/2,23/2,23/2,23/2,23/2,23/2,23/2,23/2,23/2,23/2,23/2,chased,2023
2/0,4/2,4/2,11/2,13/4,22/4,27/4,29/5,33/5,39/5,45/6,49/6,50/7,52/7,55/8,55/9,55/9,59/9,65/9,68/10,4/0,8/0,10/0,13/0,18/0,24/0,27/0,36/0,42/0,42/0,42/0,42/0,42/0,42/0,42/0,42/0,42/0,42/0,42/0,42/0,chased,2023
2/0,8/0,12/0,15/0,19/0,21/1,26/2,30/2,32/2,38/2,38/4,41/4,47/4,53/4,53/6,54/6,56/7,57/8,59/8,64/9,1/0,6/0,7/1,11/1,15/1,18/1,26/1,31/1,34/1,40/1,45/1,47/1,50/1,55/1,58/1,59/2,62/2,65/2,65/2,65/2,chased,2023
2/0,6/1,8/1,11/2,13/3,13/3,18/4,19/5,21/5,24/7,26/7,26/9,26/10,26/10,26/10,26/10,26/10,26/10,26/10,26/10,7/0,9/1,16/1,22/1,24/2,27/2,27/2,27/2,27/2,27/2,27/2,27/2,27/2,27/2,27/2,27/2,27/2,27/2,27/2,27/2,chased,2023
2/0,7/0,12/1,16/1,16/2,21/2,26/2,36/2,45/2,54/2,75/2,82/2,88/3,91/3,102/4,105/4,107/5,114/5,119/5,125/6,9/0,12/0,17/1,19/2,21/3,26/3,32/3,38/3,39/4,42/4,45/4,49/4,56/4,63/4,68/4,74/5,76/6,83/7,93/7,95/8,defend,2023
2/0,3/2,7/2,14/2,19/4,26/5,28/6,29/6,35/6,39/6,40/6,46/6,48/6,50/7,55/8,55/10,55/10,55/10,55/10,55/10,5/1,11/1,15/1,22/1,24/1,30/1,33/1,39/1,47/1,54/1,56/2,56/2,56/2,56/2,56/2,56/2,56/2,56/2,56/2,56/2,chased,2023
2/0,2/0,5/1,10/2,11/2,13/3,15/3,16/4,20/4,24/4,27/5,31/5,36/5,39/5,41/5,48/5,53/6,58/6,62/6,66/7,0/0,2/0,3/0,5/0,12/0,18/0,21/0,23/0,30/0,36/0,38/1,42/1,53/1,70/1,70/1,70/1,70/1,70/1,70/1,70/1,chased,2023
2/0,2/0,4/1,6/1,7/1,19/1,22/1,25/2,31/2,39/3,44/3,47/3,51/3,62/3,62/4,67/4,68/4,71/6,71/8,78/8,3/0,8/0,11/1,18/1,23/1,28/1,37/1,42/1,45/1,64/1,67/1,72/2,79/3,79/3,79/3,79/3,79/3,79/3,79/3,79/3,chased,2023
2/0,10/0,14/0,16/1,21/1,24/1,27/1,36/1,43/1,49/1,60/1,68/1,75/1,83/1,96/1,101/1,111/1,117/1,127/1,132/1,3/1,8/2,12/2,19/2,22/2,26/2,29/3,32/3,32/5,33/6,34/7,42/7,47/8,49/8,51/9,52/9,53/9,53/10,53/10,53/10,defend,2023
2/0,10/0,12/0,13/0,15/0,23/0,34/1,37/1,50/1,53/2,59/2,70/2,73/3,74/4,76/5,88/5,97/6,101/7,109/7,122/9,10/0,11/1,13/2,14/3,20/3,24/3,27/3,33/3,39/3,42/4,51/5,53/7,61/7,61/8,62/9,62/10,62/10,62/10,62/10,62/10,defend,2023
2/0,6/0,17/0,22/0,29/0,35/0,42/0,50/0,60/0,61/0,63/1,64/1,73/1,78/1,85/1,90/1,96/1,105/1,119/3,128/5,7/0,16/0,19/1,24/3,27/3,31/3,37/3,42/3,46/3,56/3,63/3,65/4,67/4,74/5,78/5,82/5,87/5,91/5,94/6,98/7,defend,2023
2/0,3/2,13/2,16/3,21/4,27/5,31/5,38/6,43/6,50/6,52/6,56/6,64/6,71/7,78/7,78/7,78/7,78/7,78/7,78/7,3/0,14/0,24/0,34/0,42/0,50/0,60/1,65/1,68/2,73/2,84/2,84/2,84/2,84/2,84/2,84/2,84/2,84/2,84/2,84/2,chased,2023
2/0,8/0,15/1,18/1,22/2,25/2,28/3,32/3,35/3,38/3,45/3,47/4,50/4,54/4,61/4,71/5,79/6,85/6,94/7,100/7,6/0,7/1,15/1,15/1,17/2,18/2,21/2,25/2,30/2,35/2,37/2,40/2,47/3,53/3,58/3,62/3,66/5,70/6,76/6,81/7,defend,2023
2/0,3/0,6/0,13/1,16/1,23/2,31/2,31/3,34/4,40/4,50/4,51/5,52/5,55/6,56/6,58/7,58/9,65/9,66/10,66/10,2/1,11/1,18/1,24/1,28/1,33/1,37/1,43/1,47/1,55/1,60/1,62/2,70/2,70/2,70/2,70/2,70/2,70/2,70/2,70/2,chased,2023
2/0,15/0,21/0,22/0,25/0,29/0,37/0,43/0,47/0,50/1,52/1,55/3,59/3,61/3,64/3,67/4,70/4,73/5,78/5,87/5,3/0,6/0,7/0,13/0,18/0,21/1,30/2,38/2,44/2,51/2,54/2,63/2,69/2,73/2,80/3,89/4,89/4,89/4,89/4,89/4,chased,2023
2/0,4/0,6/0,14/0,19/3,21/4,23/4,29/4,33/4,35/4,37/4,38/4,42/4,43/4,47/4,47/6,48/7,53/7,58/9,63/9,6/0,12/0,14/0,15/0,16/0,22/0,28/0,34/0,36/0,38/1,48/1,53/3,58/3,59/4,66/4,66/4,66/4,66/4,66/4,66/4,chased,2023
2/0,8/0,9/0,17/0,37/0,49/0,56/0,61/1,65/1,71/1,79/1,86/2,90/2,102/2,106/3,112/3,121/3,131/4,141/5,155/5,1/0,10/0,12/0,21/0,31/0,39/0,42/2,48/2,53/2,61/2,67/3,74/3,83/3,95/3,101/4,108/5,112/5,120/5,126/7,137/8,defend,2022
2/0,8/0,17/0,23/0,35/0,49/0,53/0,62/0,66/0,77/0,87/0,93/0,98/0,103/1,111/1,121/1,127/1,134/1,149/1,167/2,5/0,7/1,10/1,15/2,24/2,29/2,37/2,48/2,51/2,60/2,63/3,70/3,82/4,92/4,113/4,119/5,121/6,131/6,145/7,154/7,defend,2022
2/0,12/0,12/0,20/1,24/1,29/1,35/1,38/2,42/3,45/3,49/3,49/5,51/6,53/6,53/8,54/8,57/8,61/9,62/9,64/10,5/0,9/1,14/1,17/1,17/1,42/1,51/1,62/1,68/1,68/1,68/1,68/1,68/1,68/1,68/1,68/1,68/1,68/1,68/1,68/1,chased,2022
2/0,13/0,20/0,23/0,34/0,41/0,51/1,58/1,60/2,64/2,75/2,79/4,83/4,90/5,98/5,108/5,111/5,120/5,134/7,147/7,0/1,2/1,5/1,7/1,14/2,18/2,19/3,27/4,32/5,35/5,47/5,51/5,58/6,67/6,68/7,74/7,84/7,90/8,95/8,102/8,defend,2022
2/0,2/0,3/0,5/1,6/2,8/2,16/2,21/2,26/3,26/4,27/4,27/4,28/5,34/6,37/7,40/7,41/7,44/7,46/8,49/9,6/0,15/0,26/0,28/0,38/1,43/1,47/2,53/2,53/2,53/2,53/2,53/2,53/2,53/2,53/2,53/2,53/2,53/2,53/2,53/2,chased,2022
2/0,8/0,21/0,32/0,34/1,47/1,58/1,73/1,79/1,92/1,104/1,115/1,120/1,126/3,129/3,140/3,151/3,162/3,166/4,182/4,6/0,10/0,24/1,38/1,43/1,50/2,58/2,61/4,65/4,67/6,68/7,73/8,73/9,73/9,73/9,73/9,73/9,73/9,73/9,73/9,defend,2022
2/0,6/1,12/1,12/2,24/2,32/2,47/2,50/3,53/3,58/4,61/4,63/5,67/5,70/6,70/7,76/7,77/9,77/10,77/10,77/10,1/1,7/1,7/1,13/1,20/1,22/1,28/1,37/1,41/1,44/1,54/1,55/1,64/1,68/1,76/1,78/1,78/1,78/1,78/1,78/1,chased,2022
2/0,9/0,12/0,18/1,25/1,39/1,48/1,60/1,63/2,72/3,74/3,78/3,88/3,91/3,94/4,104/4,111/4,119/4,126/4,136/6,10/0,16/0,23/1,28/1,40/1,46/1,50/1,55/1,60/1,65/1,68/1,71/2,78/2,81/2,88/2,96/3,100/3,105/3,110/3,114/5,defend,2022
2/0,2/0,2/0,13/0,15/1,19/1,21/1,27/1,33/1,34/1,36/1,39/2,48/2,53/3,55/4,61/4,66/5,68/6,69/8,75/8,12/0,14/0,20/1,22/2,39/2,52/2,63/2,75/2,76/2,76/2,76/2,76/2,76/2,76/2,76/2,76/2,76/2,76/2,76/2,76/2,chased,2022
2/0,2/1,2/1,6/1,10/1,11/1,14/2,15/3,16/4,18/4,19/6,20/9,25/10,25/10,25/10,25/10,25/10,25/10,25/10,25/10,14/0,26/0,26/0,26/0,26/0,26/0,26/0,26/0,26/0,26/0,26/0,26/0,26/0,26/0,26/0,26/0,26/0,26/0,26/0,26/0,chased,2022
2/0,2/1,8/1,13/1,13/2,15/2,20/2,32/2,38/2,45/2,47/2,49/2,51/2,54/2,60/2,65/3,68/3,77/3,87/3,93/3,0/0,5/0,10/0,11/1,12/1,19/1,24/2,28/2,35/2,38/3,39/3,41/4,41/4,44/4,50/4,58/5,69/5,75/5,81/5,99/5,chased,2022
2/0,6/2,9/2,19/2,28/2,37/2,44/2,46/2,50/2,54/2,62/2,69/2,72/2,78/2,88/2,93/2,104/3,109/3,110/6,118/6,3/0,13/1,17/1,24/1,35/1,48/1,57/1,60/1,68/1,81/1,88/1,93/1,104/2,110/2,115/3,120/3,120/3,120/3,120/3,120/3,chased,2022
2/0,7/0,12/0,13/0,15/1,17/1,28/1,29/1,31/2,36/2,44/2,49/2,57/3,65/3,68/4,71/5,76/5,80/6,86/6,101/7,4/1,7/1,10/1,15/1,27/2,36/2,41/2,50/2,54/3,58/3,61/3,62/3,73/3,76/3,78/4,81/5,84/5,92/5,96/7,102/9,chased,2022
2/0,9/1,11/2,19/2,24/2,35/2,45/2,55/2,61/2,64/2,68/3,77/3,84/3,88/3,92/5,97/6,98/8,104/9,104/10,104/10,4/0,10/1,24/1,35/1,44/1,52/1,57/1,65/1,76/1,77/2,79/2,84/2,96/2,108/2,108/2,108/2,108/2,108/2,108/2,108/2,chased,2022
2/0,8/1,9/2,10/2,21/2,29/3,32/4,33/5,33/6,37/6,41/7,43/7,48/7,50/8,53/8,53/10,53/10,53/10,53/10,53/10,4/0,7/0,15/0,17/0,22/1,22/2,24/2,26/2,29/2,43/2,56/2,56/2,56/2,56/2,56/2,56/2,56/2,56/2,56/2,56/2,chased,2022
2/0,4/0,5/0,6/0,9/0,13/1,20/1,22/2,26/2,30/2,34/2,38/3,46/3,47/3,54/3,57/3,67/3,72/4,75/5,78/6,6/0,14/0,23/2,32/2,37/2,43/2,45/3,57/3,63/3,71/3,72/3,75/3,76/5,79/5,79/5,79/5,79/5,79/5,79/5,79/5,chased,2022
2/0,5/0,9/0,13/1,14/1,16/1,18/2,19/3,20/3,23/4,25/4,30/4,31/6,37/6,39/7,43/7,48/8,53/8,60/9,63/10,7/0,11/1,13/1,20/1,25/1,36/1,42/1,47/1,50/2,56/2,61/2,61/3,63/3,63/3,63/3,63/3,63/3,63/3,63/3,63/3,chased,2022
2/0,9/0,14/0,23/0,25/0,37/0,43/0,48/0,53/0,60/0,71/0,83/0,86/0,87/1,90/1,95/1,106/2,110/4,117/6,125/7,6/0,15/0,20/0,31/1,47/1,52/2,58/2,63/2,68/2,80/2,86/3,91/3,94/4,97/4,102/4,107/4,111/4,118/5,123/5,127/5,chased,2022
2/0,4/0,11/0,12/1,16/1,20/1,23/1,24/2,26/3,26/3,26/3,26/3,26/3,26/3,26/3,26/3,26/3,26/3,26/3,26/3,0/0,0/0,0/0,0/0,0/0,0/0,0/0,0/0,0/0,0/0,0/0,0/0,0/0,0/0,0/0,0/0,0/0,0/0,0/0,0/0,unknown,2022
2/0,6/0,16/0,17/0,21/1,24/1,31/1,33/3,35/3,39/3,41/3,43/3,52/4,62/4,66/4,69/4,80/4,88/4,99/4,107/4,1/0,6/1,8/1,14/1,17/2,22/2,25/2,26/2,31/2,36/2,38/2,41/2,43/2,52/3,53/4,58/4,62/5,69/7,77/7,82/7,defend,2022
2/0,6/0,12/0,19/0,33/0,42/0,45/0,50/0,57/0,58/0,67/0,71/0,75/1,83/1,97/1,101/1,106/1,112/1,121/1,134/1,6/0,8/0,12/1,18/1,21/2,31/2,41/2,45/2,49/2,59/2,64/2,68/2,72/2,73/5,87/5,92/7,96/7,96/7,99/7,103/8,defend,2022
2/0,5/0,6/2,6/4,7/5,12/5,14/6,14/6,14/6,14/6,14/6,14/6,14/6,14/6,14/6,14/6,14/6,14/6,14/6,14/6,1/1,8/2,11/2,15/2,15/2,15/2,15/2,15/2,15/2,15/2,15/2,15/2,15/2,15/2,15/2,15/2,15/2,15/2,15/2,15/2,chased,2022
2/0,4/0,10/1,12/1,17/1,18/3,25/4,27/4,29/4,33/4,47/4,47/4,60/4,63/4,72/4,79/4,84/4,94/4,104/4,109/6,2/1,8/1,20/1,22/2,27/2,35/2,37/4,42/4,45/4,58/4,64/4,68/4,74/4,80/4,87/4,92/4,102/4,105/4,106/5,110/5,chased,2022
2/0,7/0,20/0,27/0,28/1,33/1,37/1,44/1,47/1,53/1,56/1,67/1,75/1,88/1,91/2,97/2,104/3,116/3,132/3,143/4,2/0,5/1,7/2,15/2,21/2,31/2,34/2,43/2,47/2,52/3,57/3,63/3,70/4,79/4,92/5,99/5,108/6,116/8,126/9,129/10,defend,2022
2/0,10/0,16/0,28/0,34/0,35/1,41/1,42/2,48/2,56/2,57/3,62/3,70/3,76/3,89/3,96/4,103/4,107/4,114/6,120/7,9/1,10/1,10/1,16/1,19/1,36/1,38/1,40/1,52/1,61/2,64/2,68/2,75/2,75/3,80/4,89/4,95/5,102/5,107/6,121/6,chased,2022
2/0,2/0,9/0,11/0,14/1,16/2,19/2,23/2,35/2,41/2,44/2,54/3,57/4,61/5,61/7,66/7,72/7,75/8,76/9,82/10,5/0,14/0,20/0,36/0,46/0,52/0,55/0,69/0,72/1,74/1,82/1,88/1,88/1,88/1,88/1,88/1,88/1,88/1,88/1,88/1,chased,2022
2/0,8/0,12/0,20/0,26/0,33/0,37/0,40/1,47/1,49/1,50/1,52/1,56/1,64/1,69/1,72/2,75/3,80/3,83/4,88/4,2/0,7/0,8/1,18/1,20/2,30/2,32/2,37/2,40/2,43/2,48/2,54/2,58/2,62/2,64/2,72/2,79/3,84/3,87/3,91/3,chased,2022
2/0,7/0,15/1,25/1,34/1,40/1,48/2,52/2,64/2,73/2,74/5,77/5,81/5,86/7,89/7,97/7,104/7,108/7,116/7,131/8,1/2,6/2,14/2,23/2,37/2,42/3,44/3,46/4,48/5,57/6,63/6,66/6,69/7,73/7,79/7,82/9,82/9,82/9,82/9,82/9,defend,2022
2/0,3/0,6/0,13/0,16/1,22/1,25/1,30/2,33/3,37/3,50/4,53/6,54/7,62/7,63/8,66/8,74/8,75/9,80/10,80/10,9/0,14/1,24/1,28/1,36/1,38/2,49/3,53/4,58/4,65/4,78/4,81/4,81/4,81/4,81/4,81/4,81/4,81/4,81/4,81/4,chased,2022
2/0,7/0,11/0,15/0,24/0,30/0,30/1,31/2,39/2,53/2,60/2,63/3,67/5,72/5,80/5,87/5,95/5,109/5,117/5,127/6,2/0,4/1,6/2,13/2,17/2,22/2,29/3,36/3,43/3,51/4,59/4,65/4,68/4,68/4,68/4,68/4,68/4,68/4,68/4,68/4,defend,2021
2/0,12/0,17/0,19/1,25/1,33/1,38/1,49/1,54/1,61/1,69/2,74/2,79/2,88/2,92/2,98/2,109/2,116/2,122/4,129/4,4/0,6/0,14/1,17/1,22/1,27/1,34/2,41/2,46/2,58/2,65/2,81/3,85/3,87/3,92/3,97/4,101/6,109/6,121/6,131/6,chased,2021
2/0,14/0,22/1,25/1,31/2,32/2,40/2,41/3,49/3,54/3,60/4,62/4,67/5,71/5,78/6,80/7,86/7,91/7,100/7,102/10,5/0,7/1,17/3,23/3,24/3,30/3,31/3,35/3,47/3,50/3,53/3,59/4,67/4,77/4,79/4,85/4,91/4,95/4,102/4,106/4,chased,2021
2/0,4/0,5/0,5/0,7/1,8/2,12/2,12/4,14/4,14/6,18/6,20/9,21/9,22/9,26/9,33/9,33/9,33/10,33/10,33/10,6/1,24/1,29/1,34/1,34/1,34/1,34/1,34/1,34/1,34/1,34/1,34/1,34/1,34/1,34/1,34/1,34/1,34/1,34/1,34/1,chased,2021
2/0,3/0,4/2,6/3,8/3,9/5,11/6,12/6,14/6,21/7,22/7,24/7,25/7,26/8,28/8,32/8,35/8,35/8,36/9,36/10,8/0,15/0,22/0,29/0,37/0,37/0,37/0,37/0,37/0,37/0,37/0,37/0,37/0,37/0,37/0,37/0,37/0,37/0,37/0,37/0,chased,2021
2/0,8/0,12/1,18/1,22/3,26/3,31/3,36/3,39/3,44/3,57/3,64/3,69/3,72/3,80/3,82/5,87/6,95/7,100/7,111/9,3/0,9/0,10/1,12/1,20/1,23/1,25/1,31/1,35/1,36/1,42/1,50/1,55/2,57/5,59/7,62/7,69/8,75/8,80/9,87/9,defend,2021
2/0,9/0,12/1,15/2,23/2,24/2,29/2,37/2,38/3,45/4,46/5,48/5,52/6,56/6,64/6,70/6,71/7,77/8,79/10,79/10,3/0,12/0,20/0,26/0,45/0,47/0,55/0,59/0,61/0,65/0,68/0,73/0,74/1,82/1,82/1,82/1,82/1,82/1,82/1,82/1,chased,2021
2/0,4/0,6/0,6/0,12/0,12/1,18/1,18/1,23/1,24/2,32/2,36/2,42/2,47/3,50/4,56/5,57/6,62/6,67/8,70/9,6/0,8/0,12/0,23/0,31/0,41/0,45/0,50/0,58/0,61/0,71/0,71/0,71/0,71/0,71/0,71/0,71/0,71/0,71/0,71/0,chased,2021
2/0,10/0,16/0,26/0,35/0,46/1,50/1,58/1,64/1,81/1,84/1,87/1,94/2,101/2,108/2,120/2,123/2,136/2,145/2,161/3,1/0,8/0,12/0,16/1,22/1,25/2,28/2,35/2,38/3,41/3,47/3,54/3,58/3,62/3,68/5,71/5,72/6,74/8,79/8,80/10,defend,2021
2/0,11/0,24/0,40/0,42/1,46/2,49/3,51/3,57/3,63/3,70/3,76/3,82/3,89/3,95/3,100/4,115/4,121/4,125/4,132/4,5/0,17/0,19/0,25/0,30/0,33/1,37/1,52/1,58/2,67/3,71/3,76/5,81/5,82/6,91/6,100/6,102/7,106/7,112/8,115/10,defend,2020
2/0,7/0,7/1,12/2,24/2,27/2,31/2,36/2,39/2,41/2,45/2,49/3,52/3,56/3,58/4,60/6,63/6,66/6,70/8,78/9,2/0,10/0,17/0,19/0,24/1,25/2,27/3,30/3,37/3,41/3,48/3,48/3,55/3,62/3,63/3,75/3,80/3,80/3,80/3,80/3,chased,2020
2/0,12/0,25/0,31/0,34/0,35/1,38/1,50/1,55/1,67/1,77/1,89/1,97/2,105/2,111/3,122/3,131/4,140/4,147/5,153/5,2/0,10/1,26/1,35/1,40/1,46/2,50/2,56/3,60/3,68/3,77/3,87/3,98/3,100/3,104/4,114/4,119/4,133/4,143/5,154/5,chased,2020
2/0,6/0,6/0,21/0,23/0,27/0,32/2,38/2,40/3,41/3,41/4,41/4,41/7,42/8,42/8,48/8,53/8,54/10,54/10,54/10,6/0,9/0,14/0,24/0,32/0,39/0,49/0,54/0,55/0,55/0,55/0,55/0,55/0,55/0,55/0,55/0,55/0,55/0,55/0,55/0,chased,2020
2/0,12/0,14/2,22/2,31/2,33/2,42/2,50/2,56/2,67/2,73/3,83/4,90/4,96/4,103/4,111/4,116/4,126/4,143/4,154/6,10/0,19/0,28/0,31/1,36/2,40/2,43/2,49/2,57/2,63/2,74/2,83/2,84/3,91/3,97/4,107/4,113/5,117/5,127/5,134/5,defend,2020
2/1,2/1,13/1,16/2,27/2,45/2,56/2,63/3,70/4,77/4,84/4,87/4,93/4,95/5,98/5,107/5,112/5,125/5,131/6,136/7,6/0,8/0,13/1,17/1,33/1,39/2,44/2,53/2,59/2,69/2,75/2,78/3,85/3,94/3,113/3,124/3,132/3,140/3,140/3,140/3,chased,2026
2/1,10/1,19/1,19/2,21/3,27/3,32/3,41/3,45/4,53/4,59/4,63/4,70/5,74/5,76/7,79/7,85/7,91/8,100/8,107/8,0/2,4/2,4/2,11/2,16/2,25/2,27/3,34/3,35/4,42/4,45/5,50/5,52/6,57/6,60/6,64/6,73/7,81/7,86/8,90/10,defend,2026
2/1,11/1,13/2,20/2,24/2,26/2,29/3,35/3,41/3,48/4,51/4,56/4,59/5,62/6,67/6,74/6,81/6,85/6,91/7,94/8,9/0,17/0,26/0,28/1,32/1,38/1,47/1,57/1,66/1,72/1,87/1,94/2,95/2,95/2,95/2,95/2,95/2,95/2,95/2,95/2,chased,2026
2/1,6/2,7/2,11/3,18/4,23/4,30/4,30/6,30/7,33/7,38/7,42/8,44/9,45/9,46/10,46/10,46/10,46/10,46/10,46/10,8/0,14/0,23/0,38/0,47/1,47/1,47/1,47/1,47/1,47/1,47/1,47/1,47/1,47/1,47/1,47/1,47/1,47/1,47/1,47/1,chased,2026
2/1,3/1,3/1,5/1,5/2,8/2,10/2,15/2,18/2,20/3,21/3,27/3,38/4,44/4,47/4,53/4,56/5,65/6,77/6,86/6,4/0,9/0,9/1,15/1,24/1,33/2,46/2,55/2,60/3,61/3,74/3,89/3,89/3,89/3,89/3,89/3,89/3,89/3,89/3,89/3,chased,2026
2/1,8/2,16/2,18/2,28/2,34/3,41/3,44/3,54/3,57/3,62/3,66/3,74/3,83/4,87/4,96/4,100/6,105/6,109/6,120/6,0/1,7/1,13/1,14/1,18/1,19/3,19/4,21/4,25/4,36/4,43/4,47/5,51/5,55/5,57/6,60/6,64/6,69/6,75/6,80/6,defend,2026
2/1,4/1,7/1,11/2,13/2,18/2,18/3,18/4,19/5,24/5,45/5,48/5,51/5,53/6,57/6,61/6,63/6,74/6,86/6,94/6,4/0,12/0,18/0,30/0,34/0,39/0,43/0,50/0,57/0,62/0,69/0,77/0,83/0,87/0,93/0,97/0,97/0,97/0,97/0,97/0,chased,2026
2/1,3/1,3/1,8/2,8/2,10/2,11/2,15/3,21/3,22/3,23/3,24/3,25/5,27/5,27/5,31/5,33/5,33/5,35/6,39/7,12/1,18/1,24/2,24/2,24/2,24/2,24/2,24/2,24/2,24/2,24/2,24/2,24/2,24/2,24/2,24/2,24/2,24/2,24/2,24/2,unknown,2026
2/1,5/1,18/1,24/1,24/3,26/3,28/3,31/3,38/3,49/3,52/3,60/3,66/3,70/3,74/3,80/3,85/4,90/4,106/4,112/5,6/0,12/0,23/0,25/0,33/0,39/0,41/0,49/0,56/0,62/0,64/1,65/2,66/2,68/3,72/4,72/4,75/4,84/5,88/7,92/7,defend,2026
2/1,8/2,9/2,12/2,19/2,26/2,34/2,40/2,44/2,51/2,57/2,62/3,66/3,74/3,79/4,89/4,95/4,106/4,114/4,124/4,0/0,2/1,5/1,7/2,7/2,8/2,10/3,10/3,13/3,15/3,18/3,22/4,25/4,27/5,31/6,32/7,37/7,40/7,45/8,53/9,defend,2025
2/1,6/1,9/1,12/1,14/1,15/2,20/2,25/3,28/4,30/4,32/5,36/5,38/6,44/7,46/7,46/8,51/8,52/8,55/8,65/8,7/1,11/1,14/1,17/1,22/2,28/2,38/2,46/2,60/2,66/2,66/2,66/2,66/2,66/2,66/2,66/2,66/2,66/2,66/2,66/2,chased,2025
2/1,12/1,23/1,27/1,30/3,36/4,39/4,44/5,54/6,62/6,71/6,77/7,81/7,88/8,88/10,88/10,88/10,88/10,88/10,88/10,3/1,15/1,22/2,35/2,37/2,43/2,55/2,67/2,79/2,89/2,89/2,89/2,89/2,89/2,89/2,89/2,89/2,89/2,89/2,89/2,chased,2025
2/1,6/1,12/1,14/2,20/2,25/2,27/3,31/4,38/4,42/4,46/4,50/4,58/6,60/7,62/7,66/7,74/7,81/8,86/8,88/9,4/0,10/0,10/0,12/1,17/1,21/2,22/2,24/3,27/5,28/6,34/9,34/9,36/9,39/9,40/10,40/10,40/10,40/10,40/10,40/10,defend,2025
2/1,4/1,4/3,6/3,14/3,18/3,22/3,30/3,33/3,35/3,37/3,42/3,42/3,44/5,44/6,47/6,54/6,54/7,57/9,57/10,6/1,9/1,14/1,25/1,27/1,37/1,39/1,48/2,52/2,58/3,58/3,58/3,58/3,58/3,58/3,58/3,58/3,58/3,58/3,58/3,chased,2025
2/1,9/1,16/1,23/1,24/2,27/3,33/3,35/5,38/5,41/5,45/5,50/5,55/5,56/5,61/5,69/5,74/5,78/5,87/5,96/7,2/0,8/0,12/1,17/2,18/2,20/3,26/3,28/4,29/5,32/5,37/5,40/5,43/5,44/6,49/6,51/7,57/7,63/8,69/8,70/8,defend,2025
2/1,5/2,13/2,25/2,28/4,29/4,33/5,35/5,36/5,46/7,47/7,50/7,59/7,61/8,67/8,72/9,74/10,74/10,74/10,74/10,3/0,9/0,15/1,21/1,34/2,46/2,59/2,70/2,76/3,76/3,76/3,76/3,76/3,76/3,76/3,76/3,76/3,76/3,76/3,76/3,chased,2025
2/1,8/1,16/1,17/2,20/3,21/3,24/3,29/3,33/3,35/3,46/3,49/3,56/3,66/4,69/4,78/4,82/4,89/5,95/7,100/10,8/1,14/1,15/2,20/2,20/3,26/3,29/4,30/4,31/4,33/5,36/5,39/6,41/6,44/6,47/6,53/6,59/6,72/6,75/8,80/8,defend,2025
2/1,9/1,22/1,27/1,38/1,39/2,47/2,60/2,66/2,66/2,72/2,79/2,82/3,90/3,94/3,99/3,109/4,117/5,121/6,128/9,5/0,16/0,29/0,35/1,51/1,68/1,83/1,92/2,101/2,113/2,125/2,129/3,129/3,129/3,129/3,129/3,129/3,129/3,129/3,129/3,chased,2025
2/1,6/1,22/1,24/2,26/3,27/3,30/3,32/3,32/3,38/5,45/7,46/8,47/8,51/9,54/9,57/9,61/9,61/10,61/10,61/10,5/0,12/1,13/1,22/1,28/1,32/2,43/2,51/2,58/3,62/3,62/3,62/3,62/3,62/3,62/3,62/3,62/3,62/3,62/3,62/3,chased,2024
2/1,6/2,6/3,7/3,9/3,13/3,17/3,18/4,23/4,29/4,30/4,31/5,35/5,39/5,45/6,46/7,47/8,50/8,54/9,56/10,1/0,6/0,7/0,14/0,17/0,23/0,26/0,29/0,36/0,40/1,45/1,52/1,55/2,59/2,59/2,59/2,59/2,59/2,59/2,59/2,chased,2024
2/1,13/1,16/2,31/2,34/2,46/2,51/2,51/2,55/3,56/4,65/4,73/4,81/4,89/4,97/4,101/4,112/4,120/4,129/4,144/4,2/0,10/0,14/0,24/1,28/1,30/3,39/3,46/3,53/3,60/3,61/4,65/5,69/5,71/7,75/8,85/8,89/9,90/10,90/10,90/10,defend,2024
2/1,12/1,14/2,22/2,33/2,38/3,44/3,50/3,59/3,62/3,71/3,79/3,84/3,88/3,92/3,103/3,116/3,120/5,131/5,136/6,8/1,14/1,19/1,23/1,25/1,29/1,38/1,42/1,43/1,44/1,47/1,57/1,60/1,62/2,65/2,70/2,77/2,89/3,93/4,104/4,defend,2024
2/1,2/2,7/3,15/3,15/3,18/3,22/3,26/4,35/4,41/4,47/5,51/5,52/6,57/6,60/6,63/7,65/8,73/8,83/9,85/9,5/0,9/0,14/0,20/0,28/0,41/0,54/0,65/0,73/0,83/0,86/0,86/0,86/0,86/0,86/0,86/0,86/0,86/0,86/0,86/0,chased,2024
2/1,3/2,17/2,25/3,30/3,42/4,45/4,46/5,51/5,54/5,61/5,72/5,80/5,86/5,91/5,101/6,107/7,114/8,117/9,124/10,9/0,17/0,37/0,39/0,48/0,61/1,74/1,90/1,93/1,108/1,124/1,128/1,128/1,128/1,128/1,128/1,128/1,128/1,128/1,128/1,chased,2024
2/1,7/1,12/1,15/1,16/1,19/1,25/1,29/1,30/2,34/3,36/3,39/4,40/5,47/5,49/5,55/5,60/5,63/7,70/7,77/7,2/0,2/0,8/1,10/1,16/2,18/2,19/4,21/4,27/4,29/5,30/5,36/5,42/5,47/5,53/5,60/5,67/6,75/6,79/6,79/6,chased,2023
2/1,7/2,11/2,18/2,25/2,38/2,43/2,49/2,66/2,77/3,87/3,89/4,106/4,118/4,124/5,142/5,155/6,173/6,194/6,212/6,6/0,11/0,12/1,26/1,34/1,44/1,52/1,64/1,81/1,96/1,108/1,117/1,131/1,144/1,159/1,169/1,185/2,188/2,205/3,213/3,chased,2023
2/1,14/1,16/1,19/2,24/3,24/3,29/3,38/3,38/5,42/6,42/8,42/10,42/10,42/10,42/10,42/10,42/10,42/10,42/10,42/10,3/0,8/1,13/2,23/2,34/3,34/3,42/3,46/3,46/3,46/3,46/3,46/3,46/3,46/3,46/3,46/3,46/3,46/3,46/3,46/3,chased,2023
2/1,4/2,11/2,13/2,18/4,25/4,33/4,44/4,45/4,52/4,57/4,57/6,61/6,65/8,68/8,69/9,74/9,79/9,84/9,92/9,7/0,18/0,21/0,27/0,35/0,40/0,45/0,52/0,59/0,68/0,78/0,87/0,92/0,96/0,96/0,96/0,96/0,96/0,96/0,96/0,chased,2023
2/1,7/1,12/1,17/1,23/1,31/1,36/1,39/2,44/3,47/3,53/3,60/4,68/4,71/5,74/6,79/6,87/6,97/6,101/7,106/9,3/0,5/0,8/1,14/1,23/1,34/1,38/1,45/1,53/1,60/1,64/1,65/3,73/3,78/4,82/4,91/4,100/4,103/5,107/5,107/5,chased,2023
2/1,11/1,14/1,20/2,24/4,26/5,29/5,33/6,35/8,40/9,41/10,41/10,41/10,41/10,41/10,41/10,41/10,41/10,41/10,41/10,26/0,42/0,42/0,42/0,42/0,42/0,42/0,42/0,42/0,42/0,42/0,42/0,42/0,42/0,42/0,42/0,42/0,42/0,42/0,42/0,chased,2023
2/1,5/1,16/2,25/2,25/3,30/3,30/4,33/4,34/5,37/5,37/5,41/5,44/5,48/5,49/5,52/5,55/5,57/6,61/8,63/10,4/0,4/0,10/0,14/0,18/0,23/0,25/1,27/1,29/1,34/2,37/2,43/3,47/3,52/4,57/4,61/6,63/6,63/7,63/8,64/8,chased,2023
2/1,8/1,13/1,20/1,23/1,27/1,29/2,33/2,41/2,44/2,47/3,47/3,54/3,63/3,67/3,74/4,77/5,83/7,83/7,83/7,3/0,6/0,12/0,22/1,26/2,34/2,37/2,46/2,51/2,53/2,59/2,63/2,68/3,72/3,81/3,84/4,85/4,85/4,85/4,85/4,chased,2023
2/1,3/1,8/1,8/2,13/3,14/4,14/5,16/5,20/7,20/9,21/9,35/9,35/10,35/10,35/10,35/10,35/10,35/10,35/10,35/10,5/0,13/0,16/1,18/1,25/1,26/1,31/1,36/1,36/1,36/1,36/1,36/1,36/1,36/1,36/1,36/1,36/1,36/1,36/1,36/1,chased,2023
2/1,3/1,3/1,6/1,8/1,14/1,16/1,19/1,24/1,31/1,37/1,45/1,54/1,60/1,64/1,68/1,75/2,83/2,92/2,105/2,1/1,3/3,8/3,8/3,10/4,12/4,18/4,20/4,21/4,26/4,28/4,30/5,32/6,33/7,35/7,41/7,46/7,50/8,58/9,59/10,defend,2023
2/1,4/2,7/2,11/3,12/4,13/5,13/6,17/6,17/7,23/7,25/8,27/8,27/9,30/9,34/9,36/9,39/9,40/9,47/9,52/10,14/0,19/0,34/0,42/0,52/0,53/0,53/0,53/0,53/0,53/0,53/0,53/0,53/0,53/0,53/0,53/0,53/0,53/0,53/0,53/0,chased,2023
2/1,14/1,16/1,17/1,25/1,32/1,43/1,47/1,53/1,57/1,59/2,67/2,78/2,81/2,86/2,90/2,96/3,100/3,113/4,125/4,6/1,16/1,29/1,31/3,33/3,35/3,38/3,46/3,55/5,55/6,58/6,63/8,63/10,63/10,63/10,63/10,63/10,63/10,63/10,63/10,defend,2023
2/1,5/2,14/2,15/3,17/4,18/5,19/5,25/5,27/5,32/5,37/5,48/5,50/6,53/7,56/7,61/7,65/7,68/8,70/9,73/10,7/0,22/0,30/0,44/0,59/0,71/1,75/1,75/1,75/1,75/1,75/1,75/1,75/1,75/1,75/1,75/1,75/1,75/1,75/1,75/1,chased,2023
2/1,3/2,6/2,9/2,9/2,14/2,16/2,20/2,25/3,27/4,33/4,38/4,45/4,51/4,56/4,60/5,60/5,70/5,73/6,78/7,2/1,9/1,12/2,19/2,23/2,35/2,38/2,57/2,63/3,77/3,79/4,79/4,79/4,79/4,79/4,79/4,79/4,79/4,79/4,79/4,chased,2023
2/1,11/1,17/1,19/2,28/3,33/4,37/5,37/5,43/5,47/6,54/6,59/7,68/8,69/8,75/8,79/9,80/10,80/10,80/10,80/10,9/0,17/0,19/2,28/2,38/2,49/2,55/2,62/3,63/3,73/4,76/6,82/6,82/6,82/6,82/6,82/6,82/6,82/6,82/6,82/6,chased,2023
2/1,8/1,11/2,19/2,23/3,25/3,29/3,29/3,36/3,37/4,44/4,46/4,47/4,51/4,60/5,67/5,72/5,75/6,78/6,78/10,6/0,11/0,17/0,28/0,32/0,47/0,53/0,61/0,70/0,75/1,79/1,79/1,79/1,79/1,79/1,79/1,79/1,79/1,79/1,79/1,chased,2023
2/1,3/1,9/1,11/1,18/1,23/1,29/1,33/1,35/1,40/1,46/1,48/2,54/3,62/3,67/3,71/4,74/4,89/4,96/5,102/5,1/0,4/0,13/0,19/0,24/1,29/2,32/2,36/2,42/2,43/2,44/3,48/4,50/5,52/5,56/5,61/5,64/6,77/6,81/8,90/9,defend,2022
2/1,4/1,6/1,8/1,18/1,19/2,24/2,28/3,30/5,33/5,34/5,41/5,43/5,47/6,54/6,60/6,61/8,63/8,66/9,69/10,12/0,19/0,30/0,32/0,38/0,43/0,46/0,51/0,54/0,57/0,60/0,63/0,71/0,71/0,71/0,71/0,71/0,71/0,71/0,71/0,chased,2022
2/1,2/2,2/2,3/2,12/3,12/3,14/3,20/3,23/3,27/4,28/4,33/4,40/4,42/5,45/5,49/6,52/6,60/7,64/8,70/8,13/0,14/0,23/0,30/0,36/0,40/0,47/0,51/1,54/1,60/1,64/1,67/1,72/1,72/1,72/1,72/1,72/1,72/1,72/1,72/1,chased,2022
2/1,5/1,8/1,15/1,15/1,20/1,21/1,29/1,29/4,30/4,36/5,38/6,43/7,45/7,46/7,53/8,55/8,58/8,59/9,68/9,6/0,18/0,28/0,37/0,47/1,55/1,66/1,71/1,71/1,71/1,71/1,71/1,71/1,71/1,71/1,71/1,71/1,71/1,71/1,71/1,chased,2021
2/1,5/2,8/3,9/4,11/7,16/8,16/9,17/10,17/10,17/10,17/10,17/10,17/10,17/10,17/10,17/10,17/10,17/10,17/10,17/10,11/0,17/0,18/0,18/0,18/0,18/0,18/0,18/0,18/0,18/0,18/0,18/0,18/0,18/0,18/0,18/0,18/0,18/0,18/0,18/0,chased,2021
2/1,5/1,8/2,11/2,17/2,29/2,35/3,38/3,41/3,44/3,46/3,54/4,59/5,64/6,66/8,70/8,79/8,86/8,96/8,104/8,3/0,4/0,9/0,15/0,22/0,23/1,36/1,39/1,41/4,41/6,43/7,47/8,50/8,56/9,61/10,61/10,61/10,61/10,61/10,61/10,defend,2021
2/1,9/1,12/1,16/2,27/2,30/2,35/2,40/2,53/2,54/3,64/3,78/3,80/4,88/4,92/4,96/5,107/5,117/5,123/6,132/7,4/0,10/0,19/0,21/1,32/1,39/2,47/2,52/2,55/3,60/3,63/4,68/5,70/6,73/6,84/6,90/6,98/6,102/6,107/7,116/7,defend,2020
2/2,7/2,11/2,14/2,19/2,23/2,28/2,38/2,46/2,50/2,59/2,69/2,77/2,78/3,85/3,93/3,98/3,108/3,120/3,123/6,7/1,13/2,17/3,18/3,21/3,23/4,27/4,31/4,32/5,36/6,40/6,45/6,51/6,55/6,60/6,61/7,63/7,69/7,71/7,79/9,defend,2026
2/2,6/2,9/2,14/2,16/2,19/2,26/2,29/2,39/2,48/2,60/2,65/2,67/3,71/3,76/3,85/3,92/3,102/3,106/4,113/4,6/0,12/1,16/2,20/2,26/3,34/3,38/3,42/3,46/3,53/3,57/3,61/3,65/4,66/4,71/4,83/4,90/4,99/4,108/6,114/6,chased,2026
2/2,13/2,15/2,21/2,24/2,26/2,27/3,30/3,32/3,33/3,37/3,39/4,42/4,44/4,47/4,52/5,56/5,62/5,66/5,69/8,3/0,6/0,10/0,13/0,18/0,22/2,25/3,26/4,31/4,31/6,36/7,39/7,40/7,43/8,44/9,44/10,44/10,44/10,44/10,44/10,defend,2025
2/2,9/2,19/2,28/2,34/2,44/2,56/2,69/2,80/2,89/2,99/2,109/2,120/2,132/2,140/2,145/3,164/3,173/4,181/5,197/6,12/0,20/0,22/1,28/1,41/1,53/2,55/2,58/2,76/2,82/2,87/3,99/3,110/3,119/3,124/4,133/4,140/5,151/5,152/6,159/6,defend,2023
2/2,7/3,7/5,10/5,14/7,15/7,16/7,17/7,19/7,23/7,23/7,29/7,29/9,29/9,31/10,31/10,31/10,31/10,31/10,31/10,8/0,27/0,32/0,32/0,32/0,32/0,32/0,32/0,32/0,32/0,32/0,32/0,32/0,32/0,32/0,32/0,32/0,32/0,32/0,32/0,chased,2022
2/2,3/2,6/2,11/2,17/2,20/2,22/2,35/2,39/2,44/3,50/3,53/3,59/3,65/3,70/3,72/5,73/6,80/8,91/8,91/10,3/0,5/0,8/0,12/0,20/0,30/0,50/0,56/1,60/1,67/1,80/1,84/1,89/2,93/2,93/2,93/2,93/2,93/2,93/2,93/2,chased,2022
2/2,5/2,6/2,9/3,15/4,18/5,23/5,28/5,33/6,41/6,43/6,45/6,48/6,53/6,59/6,65/6,70/7,72/8,75/8,87/8,1/0,8/0,11/0,17/0,23/0,30/0,33/0,36/2,38/3,45/3,47/3,53/3,55/4,62/4,64/5,67/6,71/8,73/9,76/10,76/10,defend,2021
2/3,4/3,6/3,6/3,12/5,14/6,15/7,16/9,17/9,17/10,17/10,17/10,17/10,17/10,17/10,17/10,17/10,17/10,17/10,17/10,5/0,18/0,18/0,18/0,18/0,18/0,18/0,18/0,18/0,18/0,18/0,18/0,18/0,18/0,18/0,18/0,18/0,18/0,18/0,18/0,chased,2021
20/0,33/0,43/0,51/1,57/1,61/1,69/1,78/2,82/2,89/2,101/3,112/3,126/3,141/3,148/3,163/3,172/3,185/3,195/3,210/3,4/0,8/0,17/0,26/0,28/1,35/1,36/2,41/2,44/2,45/3,47/3,51/3,56/3,59/3,61/4,62/5,64/6,75/6,82/6,88/8,defend,2026
22/0,39/0,41/2,47/2,50/2,56/2,64/2,76/2,83/2,89/2,101/2,105/3,108/3,109/4,112/5,116/5,122/5,123/5,124/6,127/6,6/1,16/1,25/2,29/2,33/2,34/3,38/4,41/5,44/5,48/5,54/5,55/5,60/5,64/5,67/5,74/5,78/5,87/6,93/7,98/7,defend,2024
23/0,25/0,29/0,33/1,36/1,44/1,52/1,64/1,69/1,80/1,85/1,90/1,93/1,96/2,99/2,110/2,115/3,126/3,142/3,156/3,1/1,8/1,13/1,19/1,22/1,26/1,28/1,34/1,37/1,42/1,48/1,58/1,68/2,69/4,69/7,70/7,74/8,76/8,77/10,77/10,defend,2022
26/0,29/0,38/0,48/0,57/0,66/0,73/0,86/0,93/0,102/0,117/0,126/0,134/0,142/0,156/0,164/1,176/1,192/1,209/1,224/1,5/0,8/0,9/0,15/0,18/0,20/1,23/2,27/2,34/2,37/3,42/3,43/3,43/5,43/6,48/6,48/7,54/7,55/9,56/9,56/10,defend,2025
3/0,15/0,17/1,28/3,37/3,46/3,47/4,59/4,63/4,64/6,75/6,79/6,92/6,99/6,103/6,122/6,143/7,150/7,161/8,180/9,7/0,12/0,25/0,30/1,42/1,54/1,62/1,82/1,88/2,102/2,106/2,112/2,124/2,133/2,140/3,147/5,153/5,161/5,171/5,185/5,chased,2026
3/0,8/0,20/0,26/0,35/0,48/0,61/0,69/0,81/0,86/0,96/0,103/0,114/0,120/0,129/1,139/1,144/2,151/3,158/3,163/5,9/0,18/0,26/0,32/0,46/0,54/0,59/1,65/1,68/2,71/3,82/3,90/3,98/3,105/3,108/3,120/3,127/4,130/6,132/8,144/9,defend,2026
3/0,9/0,10/0,11/0,19/0,23/1,31/1,37/2,47/2,48/2,53/2,56/2,58/2,71/2,80/4,87/6,94/6,113/7,122/7,129/7,11/0,19/0,25/0,30/0,50/0,57/1,62/1,69/1,71/1,79/1,83/2,90/2,90/2,90/2,90/2,90/2,90/2,90/2,90/2,90/2,chased,2026
3/0,13/0,22/0,31/0,43/0,50/0,54/0,59/0,65/0,67/1,76/1,87/1,91/1,103/1,115/1,126/1,136/1,143/2,152/3,163/3,1/0,14/0,16/0,30/0,36/0,38/0,41/1,46/2,54/2,56/3,59/3,63/4,65/4,70/5,80/5,87/5,95/6,104/6,108/7,112/9,defend,2026
3/0,12/1,17/1,20/1,22/1,25/2,31/2,40/2,42/2,45/2,49/3,51/3,63/3,67/4,75/5,78/5,81/7,88/8,95/8,101/10,6/0,7/0,23/0,26/0,35/0,45/0,56/0,62/1,65/2,67/2,67/2,70/3,72/4,74/4,79/5,84/5,91/6,101/6,102/6,102/6,chased,2026
3/0,8/0,19/0,25/0,26/1,37/1,45/1,54/1,58/1,68/2,75/2,79/2,89/2,99/2,111/2,118/2,128/2,141/2,149/3,161/4,6/0,20/0,33/0,40/1,40/3,44/4,47/4,50/4,54/4,56/4,62/4,66/4,78/4,83/5,93/5,97/6,106/6,111/6,124/6,136/7,defend,2026
3/0,8/0,17/0,22/0,25/1,35/1,43/1,50/1,58/1,66/1,70/2,78/2,91/2,94/3,98/3,104/3,116/3,131/3,142/3,154/4,10/0,21/0,24/0,26/0,28/0,46/0,47/1,61/1,65/1,67/2,75/2,79/2,83/3,85/4,92/4,99/4,107/4,111/5,124/5,133/5,defend,2026
3/0,6/0,11/1,12/2,13/3,21/3,32/3,33/4,37/5,42/6,47/6,53/6,55/7,62/7,68/7,74/7,79/8,80/10,80/10,80/10,10/0,19/0,28/0,41/0,56/0,68/0,79/1,81/1,81/1,81/1,81/1,81/1,81/1,81/1,81/1,81/1,81/1,81/1,81/1,81/1,chased,2026
3/0,4/0,8/0,10/0,17/0,17/0,20/1,22/1,28/2,30/2,33/2,36/2,43/2,45/3,50/3,58/3,65/3,73/4,81/4,87/4,3/1,6/1,7/2,8/3,13/3,21/3,26/4,26/5,34/5,37/6,42/6,43/7,46/7,55/8,56/9,62/9,64/10,64/10,64/10,64/10,defend,2026
3/0,13/0,14/0,14/0,24/0,25/1,30/1,34/3,37/5,38/6,41/7,45/7,58/7,65/8,74/8,80/8,89/9,101/9,104/10,104/10,7/0,9/1,12/2,14/4,23/4,24/4,27/4,31/4,37/4,38/5,38/6,44/6,45/6,53/7,60/7,64/8,65/9,68/9,72/9,72/10,defend,2026
3/0,7/0,8/2,10/3,19/3,23/3,25/3,28/4,32/4,37/4,43/4,52/4,55/4,57/5,59/5,61/5,69/5,76/5,79/6,85/7,6/0,12/0,18/1,22/1,34/1,41/1,47/2,52/2,58/2,68/2,73/2,86/2,86/2,86/2,86/2,86/2,86/2,86/2,86/2,86/2,chased,2026
3/0,13/0,14/1,28/2,34/3,43/3,44/3,47/3,49/4,53/5,62/5,72/5,77/5,85/5,95/5,103/6,115/6,122/7,129/8,141/9,3/2,11/2,29/2,32/2,42/2,49/2,54/2,58/2,61/3,62/4,68/5,85/5,88/5,95/5,99/5,99/5,99/5,99/5,99/5,99/5,chased,2026
3/0,3/1,4/1,5/1,7/2,13/2,15/2,18/3,22/3,28/3,37/3,41/4,45/4,47/5,55/5,58/6,70/6,72/6,81/6,84/8,3/0,6/0,8/0,13/0,18/1,19/1,19/1,26/2,28/2,34/2,38/3,42/4,44/4,52/4,58/4,60/4,64/4,71/5,72/7,76/9,defend,2026
3/0,12/0,18/0,21/1,29/1,37/1,50/1,56/1,62/1,66/1,72/1,72/1,72/1,72/1,72/1,72/1,72/1,72/1,72/1,72/1,9/2,19/2,26/2,32/3,41/3,46/4,50/4,50/4,50/4,50/4,50/4,50/4,50/4,50/4,50/4,50/4,50/4,50/4,50/4,50/4,defend,2026
3/0,5/1,6/2,12/2,18/2,19/2,22/2,28/2,34/2,36/3,41/4,49/5,50/7,53/7,59/7,66/7,74/8,75/9,78/9,88/10,5/0,6/0,11/0,20/0,23/0,33/0,39/0,45/0,52/1,55/1,60/1,70/1,74/2,78/3,83/4,85/5,86/6,86/7,86/8,89/8,chased,2026
3/0,4/0,9/1,21/1,23/2,27/2,28/2,34/3,44/3,50/4,56/4,62/4,72/4,79/4,88/5,100/5,109/5,120/5,136/6,153/6,3/1,6/1,15/1,17/2,21/2,29/2,41/2,45/2,47/3,60/3,64/3,70/4,74/5,81/5,81/7,87/7,92/7,93/8,96/8,100/10,defend,2026
3/0,8/0,12/0,28/0,34/0,35/1,40/1,43/1,46/1,50/1,53/2,57/3,61/3,70/3,73/3,79/3,83/4,85/5,89/7,99/8,11/0,12/0,23/0,25/0,29/0,41/0,44/0,52/0,56/0,67/0,73/0,83/0,86/0,89/0,90/1,97/1,101/1,101/1,101/1,101/1,chased,2026
3/0,12/0,17/1,20/2,26/2,34/4,36/6,36/6,36/6,36/6,36/6,36/6,36/6,36/6,36/6,36/6,36/6,36/6,36/6,36/6,11/0,27/1,36/1,40/2,40/2,40/2,40/2,40/2,40/2,40/2,40/2,40/2,40/2,40/2,40/2,40/2,40/2,40/2,40/2,40/2,chased,2026
3/0,11/0,12/0,15/1,18/2,18/2,20/2,21/2,32/2,37/2,42/3,49/4,51/5,59/5,63/5,69/6,71/7,85/8,93/9,98/9,5/0,14/0,19/0,22/0,31/0,39/0,45/0,50/1,57/1,63/1,71/1,76/1,78/2,82/3,92/3,98/3,102/3,102/3,102/3,102/3,chased,2026
3/0,9/0,15/0,28/0,29/0,39/0,41/0,45/0,53/1,56/1,59/1,66/1,71/1,87/1,92/1,102/1,112/2,119/2,134/3,141/4,6/0,6/0,9/0,13/0,18/0,20/0,25/0,31/0,37/0,41/0,41/1,43/1,48/2,59/2,62/4,66/4,73/4,74/5,78/6,80/7,defend,2026
3/0,11/0,13/1,19/1,27/1,31/1,39/1,52/1,55/1,59/1,66/1,88/1,95/1,106/1,118/1,128/1,141/1,151/1,158/1,170/1,2/0,4/0,8/0,12/0,18/0,20/1,24/1,27/1,31/1,34/1,39/2,42/2,48/3,49/3,55/3,59/5,61/6,66/7,75/7,81/7,defend,2026
3/0,5/0,12/0,15/2,22/2,23/2,26/3,33/3,33/4,36/5,37/6,40/6,44/6,49/6,51/7,53/8,54/10,54/10,54/10,54/10,1/0,5/0,9/0,11/1,17/1,20/1,23/1,30/1,33/1,40/1,56/1,56/1,56/1,56/1,56/1,56/1,56/1,56/1,56/1,56/1,chased,2026
3/0,6/0,8/0,8/1,14/1,18/1,19/1,27/1,34/3,37/3,45/3,53/3,59/4,64/4,72/5,77/5,80/6,87/6,92/7,102/7,1/1,3/1,5/1,13/1,23/1,27/1,31/1,34/1,40/1,49/1,51/2,54/2,61/3,67/3,73/3,79/4,82/5,88/5,91/5,93/7,defend,2026
3/0,7/0,23/0,31/0,36/0,46/0,54/0,71/0,84/0,92/0,96/1,106/1,110/1,118/1,131/1,138/1,147/2,156/2,172/2,182/2,1/0,13/1,17/1,18/1,18/2,22/2,28/2,30/2,35/2,38/2,40/2,47/2,48/3,54/4,60/4,65/4,70/7,70/8,75/9,80/9,defend,2026
3/0,6/0,9/0,14/0,17/1,20/2,22/2,23/2,27/2,35/3,38/3,41/3,47/3,47/4,50/6,55/6,57/6,62/7,66/10,66/10,9/0,12/1,14/1,18/1,26/1,30/2,36/2,36/3,37/3,43/4,56/4,67/4,67/4,67/4,67/4,67/4,67/4,67/4,67/4,67/4,chased,2026
3/0,7/0,12/0,13/0,16/0,19/0,21/1,28/1,30/2,31/3,37/3,41/4,43/4,52/4,53/5,60/7,64/7,69/7,74/7,81/7,10/0,15/1,18/1,24/1,24/2,27/2,37/2,41/2,50/2,52/2,58/2,64/2,67/3,71/3,73/3,78/3,82/3,82/3,82/3,82/3,chased,2025
3/0,15/0,19/1,24/1,33/2,44/2,48/2,57/2,75/2,81/2,96/3,100/3,109/3,121/3,130/4,137/4,152/4,160/5,171/6,183/6,6/0,10/1,13/2,26/2,37/2,47/3,48/4,50/5,58/5,60/5,68/5,75/5,81/5,85/5,95/5,99/5,105/5,120/5,129/5,133/6,defend,2025
3/0,9/0,19/0,25/0,30/1,31/2,32/2,40/2,43/3,53/3,58/3,67/3,71/4,74/5,79/5,84/6,89/6,95/6,103/6,113/6,8/0,12/0,16/0,21/0,26/0,33/0,38/0,41/1,42/1,47/1,56/2,67/2,72/3,77/3,80/4,87/4,93/4,98/4,111/4,116/4,chased,2025
3/0,9/0,17/0,18/0,23/0,27/1,33/1,40/1,48/1,55/2,64/2,68/2,74/2,87/2,91/3,93/4,105/4,117/4,125/4,131/7,5/0,12/0,12/1,19/2,20/3,28/3,29/3,31/3,35/3,37/4,43/5,46/5,46/6,50/8,52/8,53/10,53/10,53/10,53/10,53/10,defend,2025
3/0,12/0,22/1,29/1,36/1,48/1,53/1,58/1,63/2,70/2,78/2,83/3,86/3,103/3,109/4,119/4,123/6,128/6,141/7,142/10,5/0,12/0,20/1,22/2,26/2,37/2,37/2,41/2,42/3,46/4,50/4,60/5,70/6,82/6,87/6,99/6,110/7,116/7,121/8,131/9,defend,2025
3/0,7/1,15/1,31/1,43/1,63/1,67/1,77/1,84/1,104/1,115/1,125/1,138/1,149/1,161/1,171/1,179/1,182/2,199/2,220/2,4/2,4/2,19/2,30/2,36/2,38/2,44/2,51/3,56/3,64/3,77/3,82/4,85/5,89/6,94/6,102/7,113/8,115/10,115/10,115/10,defend,2025
3/0,6/0,14/0,17/0,20/0,30/0,31/0,39/0,49/0,54/1,66/1,73/1,75/1,83/1,87/1,95/1,101/1,108/2,113/3,126/3,7/0,10/0,16/1,16/1,21/1,23/2,25/3,29/4,31/4,32/4,34/4,36/4,42/4,47/4,52/4,55/4,57/4,62/4,64/4,68/4,defend,2025
3/0,12/0,13/1,17/1,19/1,22/2,26/3,27/3,30/3,33/3,40/3,44/3,47/3,49/3,56/3,60/3,64/4,64/5,65/6,66/7,1/0,6/0,10/1,11/1,12/2,13/2,18/2,19/2,20/4,26/4,34/4,38/4,41/4,49/4,53/4,58/4,63/4,67/5,67/5,67/5,chased,2025
3/0,8/0,15/1,18/2,19/2,20/2,24/2,27/2,30/2,31/2,36/2,39/2,42/3,45/3,48/4,48/5,52/6,53/8,55/8,57/9,7/0,8/0,11/1,16/1,17/3,20/3,22/5,25/5,26/5,28/5,31/5,32/6,37/6,42/6,45/7,51/7,53/7,58/7,58/7,58/7,chased,2025
3/0,7/1,8/1,13/1,15/1,18/1,20/1,26/1,33/1,36/1,40/2,42/2,48/2,61/2,65/2,69/2,77/3,82/3,92/4,95/5,4/0,5/1,14/1,16/1,18/1,22/1,26/2,32/2,38/2,42/3,45/3,55/4,60/4,62/5,68/5,69/5,74/5,82/5,84/6,90/7,defend,2025
3/0,8/0,12/0,14/0,25/0,39/0,44/0,50/0,57/0,63/1,68/1,77/2,85/2,88/3,91/3,96/3,105/3,109/3,116/4,124/5,8/0,13/1,14/1,14/1,18/1,24/1,26/1,28/1,32/2,39/3,41/3,45/3,57/3,63/4,73/4,78/4,84/4,87/4,93/4,101/4,defend,2025
3/0,6/1,6/3,6/3,13/3,17/4,22/5,27/5,30/5,33/5,33/7,33/8,38/8,44/9,44/10,44/10,44/10,44/10,44/10,44/10,4/0,6/0,13/0,13/0,19/1,19/1,26/1,35/1,43/1,45/1,45/1,45/1,45/1,45/1,45/1,45/1,45/1,45/1,45/1,45/1,chased,2025
3/0,6/1,9/4,12/4,16/6,22/6,30/8,30/8,30/8,30/8,30/8,30/8,30/8,30/8,30/8,30/8,30/8,30/8,30/8,30/8,3/0,14/1,17/1,25/1,33/1,33/1,33/1,33/1,33/1,33/1,33/1,33/1,33/1,33/1,33/1,33/1,33/1,33/1,33/1,33/1,chased,2025
3/0,10/0,12/0,15/0,17/1,23/1,32/1,34/1,37/2,41/2,48/2,54/2,55/2,57/2,59/2,69/2,71/3,76/3,82/3,92/3,9/0,12/0,15/0,16/1,17/3,22/3,24/3,26/3,34/3,38/3,44/3,49/3,57/3,61/3,65/3,71/3,75/3,84/4,88/6,96/6,chased,2025
3/0,6/1,8/1,9/1,17/1,18/2,21/3,24/3,25/4,25/4,28/4,30/4,30/5,31/6,32/8,34/9,39/10,39/10,39/10,39/10,12/0,26/0,36/0,41/0,41/0,41/0,41/0,41/0,41/0,41/0,41/0,41/0,41/0,41/0,41/0,41/0,41/0,41/0,41/0,41/0,chased,2025
3/0,14/0,14/0,15/1,19/1,21/2,25/2,26/2,32/2,39/2,43/2,48/2,55/2,66/2,78/2,88/3,92/3,97/3,102/4,106/6,4/1,9/1,14/1,29/1,36/2,38/3,41/3,45/4,50/4,58/4,61/4,63/4,68/4,71/5,76/6,83/7,86/7,93/7,98/8,99/8,defend,2025
3/0,7/0,16/2,19/3,28/3,31/3,34/3,43/3,55/3,60/3,68/3,75/3,78/3,90/3,100/3,110/3,119/3,130/4,141/5,148/6,1/0,3/0,10/1,20/1,25/1,31/2,37/2,46/2,48/2,52/2,57/3,60/3,65/3,68/3,75/4,80/5,93/5,102/5,109/5,114/6,defend,2025
3/0,14/0,21/0,25/0,30/0,36/2,42/3,51/4,54/5,61/5,67/5,72/5,80/5,91/5,96/5,106/5,112/5,123/5,129/6,140/6,3/0,12/0,20/0,26/1,28/3,33/4,39/4,41/6,46/6,56/7,59/7,63/8,70/8,76/8,80/8,87/8,91/9,91/10,91/10,91/10,defend,2025
3/0,5/0,5/0,6/0,20/0,24/0,26/0,28/0,32/0,38/0,42/1,45/2,49/2,52/2,56/2,60/3,65/3,75/3,82/3,90/7,2/0,9/0,13/0,24/0,29/1,34/1,42/1,50/1,59/1,71/1,77/1,87/1,89/1,91/1,91/1,91/1,91/1,91/1,91/1,91/1,chased,2025
3/0,6/0,12/0,12/1,12/3,15/5,15/7,16/7,20/7,23/9,23/10,23/10,23/10,23/10,23/10,23/10,23/10,23/10,23/10,23/10,8/0,17/0,23/0,24/0,24/0,24/0,24/0,24/0,24/0,24/0,24/0,24/0,24/0,24/0,24/0,24/0,24/0,24/0,24/0,24/0,chased,2025
3/0,4/0,5/1,9/1,12/1,14/2,17/3,21/3,25/3,30/3,35/3,41/4,47/4,50/5,57/5,61/6,68/7,73/7,79/8,87/8,1/0,9/0,18/0,23/0,23/0,25/0,32/0,35/0,36/2,38/3,41/3,47/5,52/5,54/6,63/6,70/7,81/7,88/8,88/8,88/8,chased,2025
3/0,8/0,15/0,18/0,21/0,23/1,29/1,35/2,43/2,53/3,67/3,73/3,79/3,85/4,88/4,90/4,92/6,96/6,98/8,104/9,5/1,9/2,12/3,16/3,18/4,23/4,32/4,37/5,42/5,45/6,57/6,61/6,64/8,67/9,71/10,71/10,71/10,71/10,71/10,71/10,defend,2025
3/0,11/0,20/0,23/0,32/0,39/0,46/0,53/1,61/1,64/2,66/2,73/2,75/4,79/4,85/4,100/5,111/5,117/5,127/5,137/6,2/0,9/0,15/0,20/0,30/0,47/0,63/0,67/1,72/1,76/1,86/1,92/1,96/1,101/1,112/1,115/2,122/2,125/2,136/2,141/2,chased,2025
3/0,13/0,26/0,33/0,48/0,59/0,70/0,75/0,79/1,96/1,109/1,124/1,135/1,141/1,153/1,165/1,179/1,193/1,204/1,223/1,1/0,3/0,3/0,4/0,6/1,12/1,21/2,22/3,23/3,24/4,25/4,25/4,27/4,31/4,32/5,34/5,39/6,41/7,43/7,44/8,defend,2025
3/0,13/0,14/1,22/1,26/1,31/1,41/1,43/2,48/3,51/3,59/3,60/4,66/4,73/4,77/4,84/4,89/4,93/4,100/4,108/4,10/0,10/2,15/2,19/2,25/2,32/2,41/2,50/2,60/2,70/2,80/3,89/3,103/3,109/3,109/3,109/3,109/3,109/3,109/3,109/3,chased,2025
3/0,20/0,32/0,33/0,41/0,42/0,45/0,51/0,54/0,57/1,61/1,70/1,72/1,84/3,86/4,96/4,98/4,109/5,110/6,121/7,9/0,13/0,16/0,19/0,25/0,27/0,32/1,37/1,45/1,52/1,55/1,62/1,67/1,73/1,77/1,82/1,83/3,94/3,108/4,120/5,defend,2025
3/0,8/1,17/1,26/1,33/1,34/1,40/1,44/2,50/2,54/2,59/2,64/3,74/3,78/4,88/4,92/5,95/5,99/5,108/6,115/6,0/2,9/2,14/2,15/2,18/2,21/2,34/3,41/3,53/3,56/3,63/3,74/3,75/4,79/5,80/5,83/5,94/5,101/6,110/6,116/6,chased,2025
3/0,8/0,9/0,10/1,19/1,26/1,31/1,34/2,41/2,42/2,48/2,60/2,70/3,79/3,85/3,91/4,96/5,103/7,115/8,123/9,6/0,19/0,24/2,28/2,33/2,49/2,55/3,55/4,58/4,65/4,67/5,67/6,68/6,71/7,83/7,90/8,96/8,104/9,105/9,116/9,defend,2025
3/0,7/0,13/0,26/0,33/0,38/0,44/1,58/1,61/2,65/2,70/3,76/3,84/3,93/3,99/3,102/3,111/3,114/5,117/6,128/7,7/0,9/0,23/0,32/0,40/0,41/0,47/0,53/0,56/0,69/0,71/1,78/2,80/2,82/2,86/4,92/5,93/7,100/7,107/7,110/9,defend,2025
3/0,16/0,27/0,33/1,35/1,36/2,40/2,47/2,53/2,57/4,58/4,59/5,62/6,65/6,68/7,71/7,77/7,82/8,83/9,85/9,10/0,15/0,23/0,33/0,38/0,43/1,52/1,60/1,64/1,71/1,76/1,80/1,86/1,86/1,86/1,86/1,86/1,86/1,86/1,86/1,chased,2025
3/0,12/1,13/1,26/1,31/1,34/2,37/2,39/3,49/3,57/4,64/4,70/4,77/5,80/6,90/6,100/6,112/6,122/6,131/7,149/7,8/0,17/1,24/1,35/1,41/2,48/2,52/2,56/3,60/3,70/3,77/3,81/3,89/3,96/3,101/4,103/5,108/7,114/8,123/8,134/8,defend,2024
3/0,8/1,17/1,20/2,25/2,33/2,36/2,46/3,50/3,54/3,69/4,80/4,84/4,87/4,92/5,98/5,102/6,107/7,117/7,130/8,4/0,16/0,26/0,33/0,36/0,47/0,51/0,53/1,58/1,59/2,68/2,74/2,84/2,89/3,95/3,99/4,112/4,116/4,133/4,133/4,chased,2024
3/0,9/0,10/0,12/0,22/0,24/0,27/0,31/0,39/0,43/0,49/0,52/0,58/0,59/2,64/2,69/2,72/2,74/3,76/5,80/7,5/1,6/2,10/3,14/3,19/3,21/4,30/4,31/4,42/4,45/4,50/4,51/4,55/4,59/4,63/4,68/4,71/4,81/4,81/4,81/4,chased,2024
3/0,23/0,37/0,40/0,42/1,45/1,52/1,55/1,65/1,80/1,89/1,93/1,98/1,109/1,117/1,132/1,141/2,154/2,167/2,177/2,2/0,3/0,4/0,8/0,15/0,17/1,21/1,32/1,37/1,41/1,46/1,51/2,55/3,58/3,64/4,68/4,73/5,75/6,79/7,81/9,defend,2024
3/0,9/0,10/1,13/1,15/1,18/1,23/1,26/1,36/1,40/2,44/2,53/2,55/5,58/5,60/5,62/5,65/6,65/7,68/8,73/9,4/1,9/1,19/1,26/1,38/1,43/1,50/2,50/2,50/2,50/2,50/2,50/2,50/2,50/2,50/2,50/2,50/2,50/2,50/2,50/2,chased,2024
3/0,8/0,12/0,15/0,23/0,25/0,27/0,28/0,30/0,32/0,41/0,44/0,52/0,60/0,73/0,83/0,87/1,88/2,98/2,105/3,3/0,6/1,8/1,11/2,13/3,20/3,23/3,25/3,28/3,31/4,33/5,39/6,42/8,46/8,49/8,52/8,55/8,60/8,65/8,68/9,defend,2024
3/0,5/0,7/0,8/1,15/1,17/2,24/3,28/3,29/4,32/4,38/4,42/4,45/5,51/6,55/7,55/7,58/9,62/9,66/10,66/10,6/0,10/1,23/1,28/1,36/1,46/1,53/1,57/1,61/2,66/2,67/2,67/2,67/2,67/2,67/2,67/2,67/2,67/2,67/2,67/2,chased,2024
3/0,15/0,15/1,19/1,29/1,40/1,51/1,71/1,84/1,94/1,105/1,107/2,114/4,118/4,129/4,137/4,145/4,151/4,155/5,161/8,14/0,22/0,27/0,30/0,38/1,40/1,43/2,43/2,45/3,48/4,51/4,58/4,61/4,75/4,82/5,83/6,85/7,89/8,94/8,103/9,defend,2024
3/0,11/0,16/1,17/2,26/2,32/2,38/2,45/3,52/3,62/3,76/3,88/3,101/3,104/4,108/4,115/4,128/4,137/4,142/5,149/6,2/1,5/1,7/3,20/3,22/4,26/4,37/4,41/4,45/5,49/6,51/7,55/7,65/7,67/7,71/7,77/7,81/7,89/8,101/8,105/8,defend,2024
3/0,13/0,14/0,16/0,30/1,34/1,38/2,42/2,48/2,51/3,52/3,58/4,63/4,67/4,69/4,74/4,77/5,82/5,92/5,99/5,4/1,9/1,13/1,16/1,21/2,23/2,30/2,42/2,50/2,53/2,62/3,70/3,76/4,80/4,90/4,92/4,97/4,100/4,100/4,100/4,chased,2024
3/0,13/0,28/0,35/0,39/0,48/0,52/0,61/1,67/1,70/1,74/1,82/1,86/1,92/1,96/1,105/2,115/4,127/4,138/4,149/6,1/1,4/1,14/1,22/1,35/1,40/1,49/1,55/1,67/1,73/2,78/2,90/2,94/2,102/2,104/3,109/4,113/5,118/5,127/6,134/7,defend,2024
3/0,12/1,21/1,27/2,34/2,38/3,45/3,52/4,55/4,57/4,61/4,65/4,72/4,78/4,86/5,90/5,94/5,106/5,110/7,115/8,8/0,15/0,30/0,33/0,39/0,39/1,50/1,53/2,56/2,66/2,74/2,83/3,87/3,93/4,102/4,114/4,118/4,118/4,118/4,118/4,chased,2024
3/0,9/0,18/0,25/0,40/0,51/0,63/0,70/1,81/1,87/1,94/1,102/1,105/1,119/1,126/1,144/1,154/2,162/2,172/2,191/2,1/1,4/1,12/1,16/1,25/1,26/2,30/2,34/2,36/2,42/2,44/3,46/4,48/4,55/4,56/5,61/6,65/6,70/6,73/7,77/8,defend,2024
3/0,4/1,5/1,6/1,11/2,11/2,13/2,15/2,16/3,18/4,21/4,24/5,24/5,26/6,28/6,28/6,28/6,28/6,28/6,28/6,6/0,9/0,18/0,29/0,29/0,29/0,29/0,29/0,29/0,29/0,29/0,29/0,29/0,29/0,29/0,29/0,29/0,29/0,29/0,29/0,chased,2024
3/0,13/0,23/0,38/0,42/0,60/0,64/0,66/1,70/1,83/1,89/1,96/2,108/2,118/2,122/3,132/3,141/3,152/4,160/5,166/5,5/0,8/0,15/1,18/2,25/2,34/3,38/4,45/5,46/6,50/6,55/6,64/7,69/8,75/8,78/8,82/8,84/9,86/10,86/10,86/10,defend,2024
3/0,6/0,15/0,23/0,29/0,29/0,30/0,34/0,37/0,40/0,55/0,64/0,69/0,76/1,82/1,89/1,94/2,105/3,111/4,115/6,12/1,15/2,17/2,30/3,42/3,47/4,54/5,55/5,56/5,62/5,64/6,70/7,73/9,83/9,92/9,92/10,92/10,92/10,92/10,92/10,defend,2024
3/0,12/0,17/0,22/0,28/1,30/1,30/1,36/2,42/2,46/2,50/2,53/2,59/4,72/4,73/5,74/5,78/5,80/8,90/8,97/10,2/0,6/2,6/2,18/2,19/3,20/3,22/3,24/4,25/4,26/4,33/4,39/4,42/4,52/5,64/5,67/5,75/7,75/8,79/8,86/8,defend,2024
3/0,8/0,8/2,12/2,13/2,19/2,21/2,22/3,27/3,29/4,30/5,31/8,32/8,32/8,37/8,45/9,45/10,45/10,45/10,45/10,4/1,21/1,24/1,25/1,38/1,46/1,46/1,46/1,46/1,46/1,46/1,46/1,46/1,46/1,46/1,46/1,46/1,46/1,46/1,46/1,chased,2024
3/0,19/0,20/0,24/0,24/1,29/1,43/1,47/2,47/2,58/2,58/2,65/2,85/2,94/2,103/2,110/3,118/3,122/3,125/6,132/7,8/0,9/0,12/0,15/1,18/2,24/3,26/3,27/3,29/3,33/3,36/4,38/5,39/5,43/5,45/6,45/7,50/7,51/7,55/9,58/10,defend,2024
3/0,11/0,14/0,20/0,30/1,42/1,46/1,47/2,50/2,52/2,60/2,65/2,68/2,74/3,85/3,93/3,103/3,111/3,119/4,129/4,2/0,8/0,12/1,12/2,12/4,13/4,16/4,21/5,25/6,33/7,36/9,36/9,36/9,36/9,36/9,36/9,36/9,36/9,36/9,36/9,defend,2024
3/0,13/0,20/0,32/0,37/1,41/1,48/1,60/1,66/1,75/1,79/1,85/1,91/2,102/2,118/2,126/2,134/2,143/2,164/2,170/3,3/1,8/1,12/1,15/2,21/2,26/3,31/3,33/3,36/4,48/4,52/5,55/5,66/5,67/6,70/6,74/7,82/7,84/8,84/9,86/9,defend,2024
3/0,15/0,18/0,29/0,39/0,47/0,55/0,63/0,68/0,72/0,78/0,81/0,93/0,99/0,111/0,122/0,132/0,141/0,151/1,166/1,2/1,3/2,6/2,7/2,9/2,13/3,17/3,20/4,25/4,27/5,28/5,29/6,29/6,33/6,33/6,36/7,39/7,42/7,43/8,44/10,defend,2024
3/0,8/0,17/1,28/1,28/1,30/2,38/2,44/2,45/3,55/3,67/3,74/3,80/3,83/3,90/3,101/4,107/4,110/4,120/4,127/5,4/1,7/1,14/1,18/1,24/1,32/1,34/2,39/3,41/3,56/4,58/4,66/4,75/4,79/5,81/6,87/7,93/7,93/8,103/8,103/10,defend,2024
3/0,9/0,14/1,15/1,25/1,30/2,31/2,41/2,48/3,56/3,67/3,77/3,84/3,89/3,91/3,94/3,97/4,99/5,108/5,114/6,2/1,12/1,15/1,21/1,28/2,28/2,42/2,47/2,53/3,55/3,58/3,60/3,63/3,68/3,72/5,74/6,75/8,79/8,84/9,88/9,defend,2024
3/0,3/0,3/0,5/0,14/0,21/0,29/0,35/1,40/1,48/2,51/2,53/2,60/3,70/4,78/6,83/7,87/8,90/9,106/9,110/10,4/0,9/0,19/1,20/1,24/3,27/3,36/3,46/3,51/3,58/3,62/3,65/4,71/5,74/5,81/6,87/6,92/8,92/10,92/10,92/10,defend,2024
3/0,8/0,8/0,14/2,15/2,15/3,17/3,17/3,20/3,20/4,23/5,24/5,28/5,30/5,32/5,35/5,40/5,45/6,47/6,52/6,7/0,10/0,14/1,35/1,43/1,52/1,53/2,53/2,53/2,53/2,53/2,53/2,53/2,53/2,53/2,53/2,53/2,53/2,53/2,53/2,chased,2024
3/0,9/0,17/1,17/2,18/3,25/5,26/5,28/5,31/5,33/5,35/5,40/5,51/5,58/5,61/7,66/7,70/7,71/7,79/7,85/7,2/0,11/1,14/1,16/1,20/2,25/2,28/2,29/2,33/2,38/2,43/2,45/3,49/3,56/3,57/4,62/5,65/6,67/7,72/8,83/9,defend,2024
3/0,12/0,17/1,21/1,34/1,35/1,46/2,50/2,56/2,67/2,83/2,97/2,107/2,119/2,130/2,141/2,150/2,153/3,158/4,169/5,9/0,22/0,33/0,39/0,48/0,56/0,61/0,67/0,88/0,96/0,99/0,103/1,107/1,110/3,118/3,128/3,137/4,152/4,152/6,157/7,defend,2024
3/0,6/0,11/0,14/1,29/2,36/2,40/2,46/2,50/2,58/2,63/2,76/2,95/2,106/2,116/2,127/2,144/2,162/2,165/2,177/3,0/0,2/1,2/2,8/3,12/4,13/4,23/4,30/4,32/4,33/5,33/6,37/7,46/8,49/8,52/8,61/9,65/9,69/10,69/10,69/10,defend,2024
3/0,4/0,7/0,12/0,16/0,16/2,21/2,26/2,31/2,34/2,36/2,40/2,44/2,46/3,47/4,54/4,55/6,59/7,63/7,71/7,3/0,13/0,15/1,19/2,25/2,26/2,31/2,33/2,38/3,39/3,47/3,50/4,55/4,60/4,76/4,76/4,76/4,76/4,76/4,76/4,chased,2024
3/0,4/0,4/0,11/0,18/0,28/0,29/1,31/1,40/1,45/1,58/1,67/1,80/1,84/1,91/1,106/1,114/1,118/3,124/4,129/4,3/0,13/0,22/0,28/0,30/1,38/1,44/1,46/2,52/2,56/3,62/3,69/3,74/5,79/5,82/5,88/5,97/6,110/6,117/8,126/9,defend,2023
3/0,6/0,18/0,24/0,34/0,47/0,51/1,58/1,63/1,69/1,70/2,77/3,81/3,90/3,97/3,106/3,114/5,125/5,130/7,135/7,9/0,19/0,36/0,41/1,50/1,58/2,67/2,75/3,88/3,95/3,109/3,116/3,125/3,130/3,138/3,138/3,138/3,138/3,138/3,138/3,chased,2023
3/0,11/1,14/1,24/1,31/1,39/1,42/2,46/3,50/3,58/3,61/3,68/3,74/4,83/4,91/4,109/4,116/4,126/4,136/4,149/4,8/0,11/0,21/0,27/0,33/0,43/1,53/1,56/1,65/1,67/2,78/2,85/2,92/2,95/3,103/3,109/3,122/3,136/3,151/3,151/3,chased,2023
3/0,7/0,8/1,17/1,22/1,23/2,24/2,28/2,35/2,41/2,47/2,55/2,60/3,68/3,77/3,82/4,88/5,96/5,104/6,113/6,3/0,7/0,8/0,9/0,18/0,26/0,31/0,35/0,40/0,43/0,51/0,60/0,66/0,77/0,83/0,99/0,106/0,117/0,117/0,117/0,chased,2023
3/0,14/0,20/0,24/1,30/1,39/1,54/1,56/1,63/1,67/1,73/2,76/2,84/2,90/2,98/2,102/2,117/2,127/3,132/4,139/5,1/1,7/3,11/3,16/4,21/4,31/4,37/4,44/4,51/4,54/4,62/5,64/5,81/5,87/5,95/5,106/5,112/7,118/8,130/9,140/9,chased,2023
3/0,4/1,9/2,17/2,19/2,19/2,19/2,25/2,35/2,40/2,52/2,56/3,61/3,61/4,70/6,72/6,76/6,77/7,84/7,93/8,8/0,13/0,21/1,27/1,27/2,31/3,32/3,37/3,44/3,46/3,56/3,63/3,75/3,81/3,86/4,91/6,93/6,94/6,94/6,94/6,chased,2023
3/0,12/0,21/0,24/0,40/0,48/0,56/0,68/0,76/0,82/0,90/0,98/0,111/0,119/1,134/1,145/1,154/1,161/2,175/2,182/4,5/0,12/0,15/1,25/1,32/1,33/2,35/2,42/2,49/2,54/3,56/4,62/5,76/5,78/5,83/5,86/6,90/6,95/6,100/6,110/6,defend,2023
3/0,15/0,22/0,25/1,42/1,54/1,60/1,62/1,64/1,73/1,76/2,80/2,82/2,86/3,90/3,94/3,98/3,104/3,113/4,116/6,11/0,17/1,27/1,37/1,39/2,42/2,47/2,49/3,54/3,59/3,62/3,66/3,71/4,81/4,85/4,90/4,95/4,102/4,115/4,119/4,chased,2023
3/0,7/1,15/1,21/1,24/1,31/2,34/4,38/4,43/4,48/4,50/5,56/5,59/6,63/6,70/6,70/7,73/9,76/9,79/10,79/10,9/0,12/0,19/0,23/1,26/1,33/1,39/1,48/2,49/2,52/2,54/2,59/2,63/2,67/3,73/3,78/3,79/3,80/3,80/3,80/3,chased,2023
3/0,14/0,20/0,23/0,24/0,32/0,34/2,43/2,45/2,54/3,57/3,63/3,65/4,68/4,72/5,76/5,78/5,82/5,86/6,89/8,10/0,20/0,28/0,31/0,40/0,51/0,59/0,71/0,79/0,88/0,93/0,93/0,93/0,93/0,93/0,93/0,93/0,93/0,93/0,93/0,chased,2023
3/0,10/0,11/0,16/0,20/0,29/1,30/1,33/2,38/2,42/2,46/2,50/2,65/2,66/2,69/2,75/2,84/2,88/2,93/3,95/5,6/1,21/1,32/1,41/1,48/2,62/3,75/3,91/3,97/3,97/3,97/3,97/3,97/3,97/3,97/3,97/3,97/3,97/3,97/3,97/3,chased,2023
3/0,6/0,10/0,14/1,17/1,24/1,28/2,38/2,50/2,57/3,62/3,67/3,72/3,77/3,84/3,97/3,104/5,107/6,111/7,116/8,4/0,14/1,15/1,25/1,27/1,35/1,47/1,52/2,58/2,68/2,74/3,79/4,81/4,85/4,93/4,101/5,109/5,114/5,119/5,119/5,chased,2023
3/0,7/0,12/1,17/1,20/1,33/1,37/1,42/1,46/1,48/1,58/1,74/1,82/1,100/1,105/1,109/1,121/1,128/2,136/2,141/4,15/0,20/0,20/2,24/3,29/3,31/4,37/4,40/5,44/5,46/5,49/6,55/7,57/7,62/7,75/7,81/9,84/10,84/10,84/10,84/10,defend,2023
3/0,5/1,6/1,13/1,19/1,20/1,23/2,27/2,37/2,39/2,44/2,50/3,54/4,59/4,60/5,62/5,68/5,75/5,84/5,89/7,1/0,9/0,15/1,21/1,33/2,33/3,37/3,40/3,43/3,46/3,51/3,53/3,58/4,65/4,73/4,77/5,81/5,93/5,93/5,93/5,chased,2023
3/0,6/1,7/1,14/1,17/1,24/1,26/1,35/1,36/2,38/2,41/2,53/2,54/3,55/4,57/4,57/6,58/6,63/6,67/6,75/7,5/0,11/1,14/1,20/1,22/1,36/1,41/2,44/2,48/2,54/2,59/2,65/2,70/2,76/2,76/2,76/2,76/2,76/2,76/2,76/2,chased,2023
3/0,11/0,16/0,17/1,26/3,28/4,32/4,34/4,42/4,47/4,52/4,57/4,71/4,75/4,88/4,99/4,108/4,119/4,126/5,137/5,13/0,27/0,30/1,36/2,39/3,40/3,43/4,46/4,48/5,52/6,54/7,56/8,58/8,61/8,66/9,72/9,73/9,75/10,75/10,75/10,defend,2023
3/0,5/2,7/2,12/2,17/2,19/3,24/3,25/3,26/3,29/3,32/3,35/3,39/3,45/3,53/4,64/4,72/4,77/4,87/4,94/6,7/0,16/0,23/0,34/0,37/1,37/1,45/1,52/2,56/2,64/2,68/2,71/2,75/2,89/2,93/2,95/2,95/2,95/2,95/2,95/2,chased,2023
3/0,6/0,21/0,24/0,28/0,34/0,37/1,41/1,47/1,50/1,57/1,62/2,66/2,71/2,82/2,85/3,91/3,93/4,98/4,110/5,6/0,10/0,14/0,21/0,26/0,40/0,45/0,55/0,58/0,60/1,66/1,74/1,76/1,80/1,87/1,91/1,102/1,114/1,114/1,114/1,chased,2023
3/0,9/0,16/0,19/1,25/1,25/2,28/2,33/2,36/2,41/2,46/2,52/2,56/3,58/5,59/6,65/6,69/7,77/7,81/8,82/10,2/0,4/0,10/0,12/1,15/1,20/1,21/1,25/1,31/1,33/2,36/2,41/2,48/2,51/2,57/3,62/3,71/4,74/4,80/5,86/5,chased,2023
3/0,4/1,9/1,15/1,18/1,32/1,36/1,40/1,49/1,53/1,61/1,66/1,79/1,86/1,97/1,109/1,113/2,117/3,122/3,132/4,5/1,9/1,18/1,26/1,29/1,38/1,41/2,41/3,43/3,47/3,50/4,54/4,56/4,60/6,71/6,76/6,89/8,92/8,98/8,101/9,defend,2023
3/0,7/0,16/0,18/1,21/1,26/1,30/1,38/1,41/1,44/3,50/3,55/3,58/3,69/3,77/4,84/5,92/5,96/5,103/6,115/7,2/1,3/2,6/2,13/3,17/5,19/5,29/5,33/6,36/7,40/7,49/7,54/7,55/8,71/8,73/8,85/8,88/10,88/10,88/10,88/10,defend,2023
3/0,7/1,7/1,8/2,10/2,10/2,12/2,13/2,15/2,17/3,21/3,22/4,25/4,26/5,28/5,30/5,39/5,44/6,49/6,52/8,5/0,10/0,15/1,25/1,28/1,34/1,34/1,34/1,34/1,34/1,34/1,34/1,34/1,34/1,34/1,34/1,34/1,34/1,34/1,34/1,chased,2023
3/0,7/0,15/0,29/0,44/0,51/0,62/0,70/0,74/0,82/0,85/1,93/1,106/1,111/1,120/1,136/1,142/3,147/3,155/4,169/4,5/0,12/0,24/0,26/1,32/1,42/1,51/1,58/1,73/1,85/1,97/1,112/1,121/1,134/1,145/1,153/1,170/1,170/1,170/1,170/1,chased,2022
3/0,8/0,18/0,25/0,26/0,34/0,38/0,46/0,56/0,68/0,73/0,77/0,86/0,98/0,108/1,119/1,123/2,130/4,142/4,148/6,5/0,8/0,26/1,36/1,50/1,51/2,58/2,63/2,74/2,80/2,86/3,95/3,103/3,109/3,112/3,120/3,132/3,141/4,151/4,151/4,chased,2022
3/0,11/0,16/1,22/1,24/1,25/2,29/2,34/2,40/2,43/4,52/4,54/4,57/4,63/4,67/5,70/5,75/5,80/5,85/6,97/8,3/0,6/0,7/0,9/0,12/0,15/1,17/2,21/2,26/2,28/2,34/2,39/2,53/2,56/2,57/4,66/5,70/6,78/6,88/7,95/8,defend,2022
3/0,16/0,29/0,40/0,48/0,56/0,67/0,75/0,81/0,87/0,92/0,103/0,111/1,117/1,126/2,129/3,139/3,148/3,157/3,167/4,3/0,8/0,22/1,26/1,31/1,41/1,49/2,53/3,64/3,78/3,82/3,88/4,101/4,105/5,113/6,120/6,124/6,131/8,133/10,133/10,defend,2022
3/0,7/0,12/0,21/0,21/3,27/3,38/3,44/3,48/4,50/5,53/5,55/6,56/7,63/7,67/7,69/8,71/8,84/8,86/9,90/9,6/0,8/0,12/0,16/0,21/0,23/1,30/1,31/1,37/1,39/2,41/2,44/3,47/3,50/3,56/3,59/4,64/4,67/6,74/7,78/8,defend,2022
3/0,5/0,16/0,17/0,21/1,23/2,24/3,29/3,32/5,36/6,39/8,44/8,53/8,59/8,68/9,68/10,68/10,68/10,68/10,68/10,2/1,3/3,5/3,6/4,15/4,19/5,23/6,27/7,32/7,33/7,39/8,40/9,40/10,40/10,40/10,40/10,40/10,40/10,40/10,40/10,defend,2022
3/0,20/0,29/0,33/1,35/3,39/3,47/6,56/6,56/6,56/6,56/6,56/6,56/6,56/6,56/6,56/6,56/6,56/6,56/6,56/6,0/0,0/0,0/0,0/0,0/0,0/0,0/0,0/0,0/0,0/0,0/0,0/0,0/0,0/0,0/0,0/0,0/0,0/0,0/0,0/0,unknown,2022
3/0,7/0,12/0,17/1,21/1,25/2,29/2,32/3,34/3,39/3,44/3,49/4,55/4,61/4,67/4,69/4,73/5,84/5,88/6,96/8,4/0,6/0,8/2,9/4,14/5,16/5,18/5,19/5,24/5,30/5,34/5,37/5,40/5,46/5,51/5,59/5,67/5,76/6,84/7,97/7,chased,2022
3/0,5/0,12/0,20/1,29/1,39/1,40/1,40/1,40/1,40/1,40/1,40/1,40/1,40/1,40/1,40/1,40/1,40/1,40/1,40/1,0/0,0/0,0/0,0/0,0/0,0/0,0/0,0/0,0/0,0/0,0/0,0/0,0/0,0/0,0/0,0/0,0/0,0/0,0/0,0/0,unknown,2022
3/0,7/1,12/2,15/2,19/2,23/4,29/4,30/5,34/5,36/6,38/7,43/7,44/8,46/9,46/10,46/10,46/10,46/10,46/10,46/10,7/0,12/1,17/1,20/2,21/3,26/3,28/3,35/4,38/5,44/5,47/5,47/5,47/5,47/5,47/5,47/5,47/5,47/5,47/5,47/5,chased,2022
3/0,5/0,10/0,21/0,31/0,39/1,48/1,53/1,55/2,59/2,71/2,79/2,87/2,88/3,102/3,103/3,107/4,122/4,132/4,136/4,2/1,3/1,6/2,7/3,12/3,14/3,15/3,18/3,21/3,27/3,34/3,37/4,41/5,44/5,49/6,53/6,59/6,64/7,65/7,67/7,defend,2022
3/0,19/0,19/1,26/1,36/1,37/1,45/2,53/2,56/2,66/2,75/3,83/3,88/3,92/4,99/4,107/4,112/5,116/6,120/7,126/8,6/0,15/0,23/1,34/1,44/1,44/1,44/1,44/1,44/1,44/1,44/1,44/1,44/1,44/1,44/1,44/1,44/1,44/1,44/1,44/1,chased,2022
3/0,10/0,20/0,27/0,29/0,30/1,39/1,41/1,46/1,48/1,64/2,67/2,88/2,97/2,115/2,121/3,136/4,141/6,145/6,148/6,6/0,15/0,24/1,29/1,41/1,46/1,52/1,56/1,65/1,69/1,71/1,74/1,78/3,84/3,93/3,98/4,102/5,107/6,115/7,119/8,defend,2022
3/0,4/0,7/0,11/1,16/1,28/1,30/1,36/1,41/2,42/2,50/2,57/2,58/3,67/3,71/3,76/3,80/3,86/3,89/3,107/5,5/0,8/0,13/0,15/0,17/0,21/0,30/0,33/0,37/0,41/1,49/1,56/1,63/1,72/1,78/1,83/1,89/2,91/4,101/4,108/4,chased,2022
3/0,9/0,19/0,21/0,27/1,33/1,35/1,43/2,45/2,51/2,55/2,62/2,72/2,77/2,82/2,84/3,95/3,100/4,108/4,116/5,4/0,11/0,15/0,19/0,25/0,30/0,33/0,39/0,40/2,45/2,52/2,55/2,62/2,73/2,77/2,88/3,97/4,101/5,107/6,117/6,chased,2022
3/0,13/0,15/1,19/1,22/1,25/1,29/1,34/1,39/1,46/1,47/1,55/1,64/1,76/2,82/2,90/2,92/3,104/3,109/4,115/5,5/0,8/1,12/1,15/1,16/1,21/1,21/3,22/3,24/3,29/3,34/3,38/3,40/3,44/3,46/3,50/4,51/5,55/6,58/7,65/8,defend,2022
3/0,7/0,9/1,10/4,16/4,16/5,18/6,19/6,25/7,26/7,27/7,32/8,35/8,38/8,40/8,43/9,45/9,50/9,54/9,65/9,4/0,11/0,25/0,33/1,40/2,42/2,52/2,59/2,71/2,71/2,71/2,71/2,71/2,71/2,71/2,71/2,71/2,71/2,71/2,71/2,chased,2022
3/0,4/0,12/0,16/1,19/1,23/2,24/3,29/3,42/3,46/3,52/3,53/4,56/5,57/6,61/6,69/6,79/6,85/7,87/7,90/7,4/0,9/0,16/0,29/0,34/0,45/0,51/1,55/1,65/1,72/2,77/2,79/2,84/2,91/2,91/2,91/2,91/2,91/2,91/2,91/2,chased,2022
3/0,10/0,12/1,17/1,22/1,29/2,34/3,38/3,44/3,57/3,61/3,70/4,77/4,83/5,88/6,97/6,107/7,115/8,122/8,128/9,1/2,7/2,8/2,17/2,26/2,33/2,37/2,45/3,48/4,55/5,58/6,61/8,63/9,66/9,71/9,81/9,89/9,96/10,96/10,96/10,defend,2021
3/0,11/0,22/0,28/0,33/0,37/0,46/1,49/1,51/1,61/1,67/1,74/1,83/1,86/2,90/3,94/3,105/3,116/4,132/4,144/4,2/0,5/0,16/0,25/1,27/1,40/1,45/3,57/3,66/3,68/3,73/3,89/3,98/4,101/4,108/4,117/4,126/4,129/4,138/5,145/6,chased,2021
3/0,10/0,18/0,27/0,34/0,43/0,51/0,55/0,59/0,66/0,68/0,73/0,80/0,86/0,93/0,100/0,104/1,112/1,124/1,129/3,2/0,7/0,15/0,21/1,24/2,25/2,30/2,36/2,41/4,44/4,48/4,56/4,61/4,69/4,75/4,78/5,84/5,90/5,95/7,104/7,defend,2021
3/0,11/0,18/0,24/1,33/1,37/2,43/2,47/2,55/2,64/2,66/2,76/3,84/3,87/3,93/3,95/4,102/5,105/5,110/6,117/6,5/0,7/0,16/1,18/2,21/2,25/2,28/2,32/2,34/3,40/3,43/4,52/4,52/6,56/7,60/8,64/8,65/10,65/10,65/10,65/10,defend,2021
3/0,5/0,11/0,17/0,18/0,21/1,24/1,25/1,25/2,26/2,27/2,29/2,34/2,38/3,42/3,48/3,54/3,54/4,61/5,65/6,8/0,22/0,29/0,35/0,41/0,44/0,45/0,52/0,57/1,60/1,64/1,66/1,66/1,66/1,66/1,66/1,66/1,66/1,66/1,66/1,chased,2021
3/0,8/0,12/1,19/1,22/1,31/1,38/1,40/1,43/1,47/1,49/2,57/2,62/3,68/3,74/5,81/5,91/6,94/7,99/9,103/10,4/1,5/1,8/1,9/1,11/2,14/2,17/2,19/2,31/2,32/2,46/2,51/2,58/2,66/2,71/2,80/2,85/2,95/3,104/4,104/4,chased,2021
3/0,3/1,3/2,5/2,6/3,7/4,7/6,7/7,10/8,10/8,12/9,12/10,12/10,12/10,12/10,12/10,12/10,12/10,12/10,12/10,1/0,4/2,9/2,13/2,13/2,13/2,13/2,13/2,13/2,13/2,13/2,13/2,13/2,13/2,13/2,13/2,13/2,13/2,13/2,13/2,chased,2021
3/0,11/0,22/0,29/0,37/1,43/1,57/1,62/1,73/1,78/1,85/1,94/1,100/2,111/2,122/2,131/3,143/3,148/3,154/3,164/3,2/1,3/1,3/1,4/1,9/1,10/1,13/1,17/1,21/2,27/3,30/3,32/4,42/4,43/4,46/5,49/6,50/7,51/7,55/7,55/7,defend,2021
3/0,11/0,17/0,30/0,40/0,51/0,58/0,61/1,64/1,75/1,82/1,88/2,96/2,99/2,100/4,104/4,114/5,117/6,121/6,127/7,2/0,8/0,10/0,18/0,18/1,25/1,29/1,35/1,45/1,54/1,59/2,65/2,79/2,90/2,99/2,111/2,120/3,131/3,131/3,131/3,chased,2020
3/0,5/1,7/1,18/1,24/1,26/3,28/3,35/3,37/3,39/3,49/3,56/4,57/5,60/5,64/5,65/5,69/5,79/5,83/7,91/8,0/0,7/0,19/0,30/0,32/0,35/0,39/0,44/0,51/1,52/1,59/1,69/1,74/1,81/1,86/1,92/1,92/1,92/1,92/1,92/1,chased,2020
3/0,7/0,9/0,25/0,35/0,49/0,50/0,57/0,60/0,70/0,73/0,83/0,92/0,100/1,108/1,116/2,125/2,134/2,146/2,150/3,0/0,0/0,0/0,0/0,0/0,0/0,0/0,0/0,0/0,0/0,0/0,0/0,0/0,0/0,0/0,0/0,0/0,0/0,0/0,0/0,unknown,2020
3/0,8/1,9/1,15/1,20/1,35/1,39/2,48/3,49/3,58/3,70/3,83/3,92/3,94/5,102/5,104/6,107/7,112/8,117/8,119/10,6/0,8/1,10/1,23/1,29/2,46/2,49/2,57/2,59/2,70/2,74/2,97/2,99/3,103/3,106/3,112/4,114/5,119/5,120/5,120/5,chased,2020
3/0,8/0,13/0,22/0,25/0,28/1,32/1,39/1,46/1,52/1,58/2,67/2,71/2,79/2,95/2,103/2,111/3,121/4,122/6,128/6,6/1,8/1,11/1,15/1,19/1,26/1,29/1,32/1,35/2,39/2,43/2,49/2,57/2,60/3,71/4,84/4,94/4,99/5,103/6,105/7,defend,2020
3/0,7/1,18/1,24/1,26/2,33/2,37/2,42/2,50/3,56/3,63/3,73/3,81/3,83/5,91/5,93/5,109/5,122/5,128/6,138/6,5/0,7/0,14/0,24/0,28/1,32/1,35/1,39/1,43/2,51/2,58/2,64/2,67/3,78/3,86/3,93/3,104/3,106/5,115/5,121/7,defend,2020
3/1,6/1,6/2,8/2,13/2,15/2,18/3,22/3,27/3,28/3,41/3,50/3,57/3,64/4,66/5,69/5,77/5,80/6,81/8,82/9,0/0,2/0,6/0,9/1,10/2,16/3,25/3,28/3,30/3,35/3,41/3,42/4,44/5,52/5,54/6,58/6,61/6,69/6,78/6,83/7,chased,2026
3/1,5/1,9/1,13/1,19/1,22/1,26/1,27/1,28/2,34/3,37/3,43/3,44/4,45/5,51/5,53/6,58/6,60/8,61/9,64/10,5/0,8/0,11/0,21/0,24/0,25/1,31/1,35/1,43/1,46/1,55/1,61/1,65/2,65/2,65/2,65/2,65/2,65/2,65/2,65/2,chased,2026
3/1,9/1,14/1,22/1,25/2,31/2,38/3,43/3,46/3,51/4,57/4,61/5,64/5,69/5,70/6,74/6,83/6,94/6,99/7,105/7,5/0,10/1,13/2,16/3,19/3,25/3,29/3,35/4,42/4,47/4,50/4,53/5,57/5,62/5,64/7,74/7,80/8,83/9,89/10,89/10,defend,2026
3/1,6/1,13/1,16/1,19/1,26/1,34/1,47/1,53/1,60/1,67/1,82/1,90/1,99/2,107/2,113/2,127/3,138/3,153/3,164/3,2/0,5/1,10/1,16/1,24/1,26/1,32/2,37/3,45/3,49/3,54/3,60/3,70/3,76/5,79/6,80/7,80/9,81/10,81/10,81/10,defend,2026
3/1,7/1,11/1,12/2,12/2,15/2,24/2,26/3,37/3,40/3,43/3,48/3,52/3,66/3,74/3,80/4,84/4,90/4,94/4,106/4,10/0,17/0,22/0,23/1,23/3,24/3,25/3,29/3,32/4,34/4,47/4,53/4,56/5,62/5,62/6,66/6,74/6,82/6,87/6,94/7,defend,2026
3/1,8/1,12/1,21/1,25/1,33/1,40/2,40/2,46/3,53/4,56/4,62/4,66/4,69/4,76/4,85/4,96/4,106/4,110/6,113/7,5/0,14/1,20/1,30/1,36/1,39/1,42/2,49/2,52/2,57/2,61/2,70/2,79/2,83/2,86/3,95/3,100/3,112/3,117/3,117/3,chased,2025
3/1,9/2,20/2,24/2,29/2,29/2,36/2,44/2,53/2,55/2,65/3,71/3,78/3,87/3,95/3,112/4,117/4,128/4,143/4,157/4,3/0,15/0,17/1,23/1,28/1,36/2,41/2,43/3,49/3,51/3,60/4,71/4,86/4,99/5,101/5,107/5,111/5,121/6,130/6,137/7,defend,2025
3/1,7/1,15/1,15/1,18/2,23/2,27/2,32/2,44/2,48/2,51/3,56/3,58/4,62/4,66/4,73/5,77/6,82/6,85/6,86/8,2/0,5/0,8/1,12/1,15/2,21/2,24/2,32/2,43/2,47/3,49/4,50/5,55/5,57/6,63/6,66/7,69/7,73/7,75/8,78/8,defend,2025
3/1,9/1,20/1,27/2,30/3,33/3,34/3,39/4,45/4,47/4,57/5,58/7,63/7,66/7,72/7,77/8,78/10,78/10,78/10,78/10,2/0,7/0,14/0,18/0,28/0,33/1,39/1,47/1,50/1,53/1,55/1,57/1,62/1,68/1,77/1,79/1,79/1,79/1,79/1,79/1,chased,2025
3/1,7/2,13/2,20/2,23/2,32/2,34/2,41/2,44/2,51/2,59/2,67/2,72/3,82/3,89/4,96/4,99/5,100/7,102/7,104/8,12/0,21/0,26/0,28/0,31/0,33/0,33/0,36/0,45/0,52/0,57/1,62/1,69/1,75/1,77/2,81/2,86/3,94/4,102/4,105/4,chased,2025
3/1,4/1,11/1,12/2,17/2,24/3,25/3,27/4,28/5,29/6,32/6,38/6,44/6,46/6,53/6,56/6,64/7,64/7,67/7,71/9,1/1,4/1,7/1,12/1,13/1,16/1,28/1,30/2,39/2,44/2,45/2,49/2,52/2,60/2,69/2,72/2,72/2,72/2,72/2,72/2,chased,2025
3/1,5/2,8/2,10/2,13/2,16/2,20/2,31/2,35/3,41/3,44/3,50/3,55/3,62/3,66/3,70/4,74/5,81/5,87/6,103/6,4/0,6/1,8/2,13/2,16/2,20/2,20/2,23/2,33/2,40/3,41/6,42/6,45/8,47/8,48/8,50/8,51/8,53/10,53/10,53/10,defend,2025
3/1,8/2,11/3,12/4,15/5,16/5,18/5,24/5,28/5,35/5,41/5,47/5,56/5,63/6,64/7,75/7,80/7,86/7,93/7,98/10,4/0,5/0,7/0,11/1,15/1,17/2,20/3,26/3,28/3,32/3,32/5,32/5,38/6,40/7,48/7,52/7,56/7,63/9,63/10,63/10,defend,2025
3/1,4/1,6/1,13/1,17/2,18/2,21/4,21/4,21/5,23/5,31/5,31/5,33/7,38/7,41/9,42/9,43/9,47/9,49/9,53/9,3/0,10/1,18/2,27/2,36/2,45/2,51/2,54/2,54/2,54/2,54/2,54/2,54/2,54/2,54/2,54/2,54/2,54/2,54/2,54/2,chased,2025
3/1,6/1,6/1,9/1,13/2,14/2,15/2,16/3,16/5,17/6,18/8,19/8,20/9,20/10,20/10,20/10,20/10,20/10,20/10,20/10,2/0,9/0,14/0,22/0,22/0,22/0,22/0,22/0,22/0,22/0,22/0,22/0,22/0,22/0,22/0,22/0,22/0,22/0,22/0,22/0,chased,2025
3/1,14/1,16/1,23/1,30/1,39/2,52/2,59/2,64/2,77/2,84/2,91/2,102/3,110/4,116/5,120/5,133/5,139/5,148/6,157/7,0/0,2/1,11/2,15/2,20/3,23/3,23/3,32/3,39/3,46/3,51/3,61/3,65/4,70/4,82/4,87/4,96/4,100/5,109/6,114/8,defend,2025
3/1,9/1,14/1,19/1,38/1,50/1,57/1,62/2,73/2,82/2,88/2,96/2,108/2,115/2,123/2,137/2,144/3,149/3,169/3,175/4,11/1,13/1,15/1,16/1,19/2,25/3,30/3,32/3,38/3,42/4,47/4,52/5,56/5,58/5,66/5,71/5,75/7,76/8,78/9,81/9,defend,2025
3/1,5/1,11/1,17/1,19/2,22/2,26/2,31/2,41/2,47/2,53/2,56/2,57/4,59/5,62/5,73/5,74/5,83/5,87/5,100/6,2/2,5/2,7/2,11/2,15/4,16/4,20/4,22/4,25/5,30/5,30/5,40/5,44/5,53/5,57/6,72/6,80/7,82/8,82/10,82/10,defend,2025
3/1,11/1,14/1,28/1,33/2,40/2,49/2,56/2,61/3,66/4,76/4,82/5,91/6,100/6,109/6,119/6,126/6,141/6,147/7,155/7,5/0,9/0,14/1,20/1,27/1,31/2,36/2,42/2,54/2,62/2,64/3,75/3,79/3,87/3,100/3,104/4,111/4,117/6,128/7,135/8,defend,2024
3/1,10/1,14/2,27/2,33/3,43/3,47/3,50/4,56/4,58/4,61/4,69/4,79/4,82/5,85/7,86/8,87/8,93/8,95/8,101/9,6/0,15/0,23/0,33/0,37/0,48/0,51/0,59/0,63/0,72/0,84/0,104/0,104/0,104/0,104/0,104/0,104/0,104/0,104/0,104/0,chased,2024
3/1,8/2,9/2,10/3,11/4,11/5,21/5,23/5,31/5,33/5,42/7,47/7,50/7,53/7,56/7,56/8,57/8,61/8,63/9,63/10,9/0,13/0,21/0,26/0,31/0,36/0,39/0,43/0,48/0,59/0,60/0,64/1,64/1,64/1,64/1,64/1,64/1,64/1,64/1,64/1,chased,2024
3/1,4/1,8/1,10/2,21/2,22/2,29/2,41/2,49/3,50/4,53/5,61/5,65/5,73/5,80/5,85/5,86/6,92/6,100/6,106/7,4/0,10/0,10/0,11/0,12/1,14/1,14/3,16/4,16/4,19/6,20/6,28/6,29/7,32/7,33/7,43/7,46/7,50/7,55/9,62/9,defend,2024
3/1,7/1,12/1,17/2,22/2,27/2,32/2,37/2,42/2,47/2,50/2,65/2,68/2,74/3,79/3,88/3,92/3,96/4,104/4,116/4,3/0,9/1,9/1,11/1,11/1,18/1,23/1,26/2,27/2,31/3,33/4,33/5,40/5,44/6,45/6,56/6,61/6,64/8,70/8,73/8,defend,2024
3/1,8/2,11/2,13/3,14/3,19/3,25/3,27/3,33/3,36/5,38/5,42/6,43/7,47/7,50/7,51/7,55/7,57/7,63/7,64/9,4/0,9/0,15/0,22/0,29/0,38/0,46/0,52/0,60/1,67/1,67/1,67/1,67/1,67/1,67/1,67/1,67/1,67/1,67/1,67/1,chased,2024
3/1,7/1,14/1,25/1,32/2,37/2,41/2,42/3,44/4,45/4,53/4,55/4,58/4,61/4,69/4,74/4,79/5,85/5,89/6,98/6,5/0,7/0,15/0,17/0,18/1,24/1,28/1,32/2,35/3,37/3,42/3,43/4,50/5,53/7,58/9,58/10,58/10,58/10,58/10,58/10,defend,2024
3/1,14/1,16/1,24/1,24/2,32/3,36/3,44/3,47/3,52/3,64/3,67/4,69/4,71/5,81/5,91/5,98/5,106/5,112/5,118/6,1/0,9/0,13/1,20/1,24/1,32/2,38/3,40/3,44/3,59/3,72/3,76/5,78/6,79/8,84/9,87/9,89/10,89/10,89/10,89/10,defend,2024
3/1,10/1,14/2,24/2,29/3,37/3,40/3,49/3,61/3,72/3,80/4,84/4,86/4,92/4,106/4,117/4,120/5,127/5,144/5,151/7,4/0,11/0,27/0,29/1,36/1,40/1,43/1,50/1,57/1,62/2,64/3,75/3,84/3,87/3,93/3,105/4,109/4,118/4,121/5,140/5,defend,2023
3/1,8/1,10/2,16/2,19/2,26/2,32/2,37/3,39/5,44/5,49/6,49/6,49/6,49/6,49/6,49/6,49/6,49/6,49/6,49/6,3/0,10/0,15/0,20/0,32/0,40/0,52/1,52/1,52/1,52/1,52/1,52/1,52/1,52/1,52/1,52/1,52/1,52/1,52/1,52/1,chased,2023
3/1,8/1,9/1,14/1,20/1,22/2,24/2,27/2,33/2,33/2,42/2,44/3,47/3,47/4,52/4,56/5,57/6,58/7,66/7,70/9,3/0,11/0,14/0,16/0,19/1,19/1,22/2,23/3,29/3,41/4,44/5,45/5,52/6,56/6,58/6,59/7,62/7,64/9,64/9,64/9,defend,2023
3/1,19/1,24/2,25/2,26/2,32/3,34/3,45/3,50/3,62/3,67/3,69/5,70/7,75/7,76/8,85/8,90/8,104/8,113/8,126/10,6/0,11/0,12/1,15/1,22/1,31/1,41/1,44/1,53/1,56/1,67/1,69/2,70/2,82/2,93/2,102/3,112/4,116/4,130/5,130/5,chased,2023
3/1,3/1,15/1,20/1,26/1,30/2,35/2,38/2,41/2,47/2,50/4,50/4,55/4,59/4,71/4,76/4,78/7,84/7,84/10,84/10,1/0,3/1,10/1,15/1,20/1,23/1,31/1,35/2,36/2,41/2,43/3,50/3,54/4,62/4,63/4,69/4,69/5,75/5,82/5,86/5,chased,2023
3/1,10/1,10/2,12/3,14/3,21/3,23/4,26/4,29/4,35/5,45/5,46/6,53/7,55/7,57/9,58/9,60/9,62/9,65/9,71/9,2/1,7/1,15/1,31/1,41/1,43/1,45/2,46/2,55/3,59/3,67/3,72/3,72/3,72/3,72/3,72/3,72/3,72/3,72/3,72/3,chased,2022
3/1,4/1,7/1,10/1,14/1,18/1,24/1,25/2,26/2,39/2,41/3,43/3,50/4,54/4,61/4,65/5,74/5,77/5,85/5,88/6,8/1,13/2,25/2,26/2,32/2,33/2,34/2,43/2,49/2,53/3,56/3,58/3,59/4,69/4,75/4,77/4,83/5,86/5,89/5,89/5,chased,2022
3/1,6/2,8/2,10/2,13/2,16/2,19/2,24/3,24/3,26/4,27/4,33/5,34/5,46/8,47/8,48/9,50/9,53/9,54/9,57/9,6/0,19/0,21/0,32/0,41/0,45/1,46/1,50/1,61/1,61/1,61/1,61/1,61/1,61/1,61/1,61/1,61/1,61/1,61/1,61/1,chased,2022
3/1,9/1,15/1,17/2,23/3,27/3,43/3,51/3,57/3,65/3,71/3,84/3,95/3,106/3,118/3,128/3,135/3,149/4,163/5,178/5,1/1,5/3,12/3,20/3,21/3,23/3,24/3,27/3,30/3,31/3,33/3,36/3,39/3,47/3,53/3,56/3,63/3,65/4,71/4,74/4,defend,2022
3/1,7/1,13/1,21/1,32/1,44/1,49/1,54/1,57/2,65/2,69/2,76/3,79/4,83/4,93/4,99/4,106/4,119/5,126/6,131/7,3/1,3/1,8/2,17/2,21/2,33/2,42/3,46/3,53/3,58/3,67/3,77/3,88/3,93/4,102/5,114/5,122/6,128/7,132/8,132/8,chased,2022
4/0,14/1,24/1,27/1,36/2,40/2,47/2,53/3,57/3,65/3,69/3,76/4,82/5,92/5,99/5,113/6,116/7,122/8,127/8,139/8,3/0,8/0,18/0,27/0,40/0,47/0,58/0,67/2,72/2,77/2,82/3,85/4,94/4,101/4,109/4,115/4,121/4,128/4,137/4,141/4,chased,2026
4/0,13/0,22/0,32/0,36/2,45/2,50/2,60/2,67/2,80/2,82/2,88/2,91/2,91/2,108/3,113/3,119/6,123/6,138/6,144/6,7/0,14/0,21/1,26/1,28/1,30/1,36/1,49/1,52/1,58/1,60/2,66/3,75/3,85/4,96/4,108/5,115/5,132/5,143/6,145/6,chased,2026
4/0,18/0,24/0,30/0,42/0,47/0,59/0,67/1,69/2,78/2,86/3,93/3,98/3,111/3,122/3,127/3,145/3,158/3,180/3,191/5,4/1,9/1,12/2,18/2,27/2,35/4,39/5,44/5,49/5,57/5,62/5,64/6,70/6,71/7,74/7,78/8,79/9,85/9,95/9,101/9,defend,2026
4/0,5/1,8/1,13/2,18/2,23/2,33/2,40/2,44/2,47/2,56/2,60/2,63/2,72/2,81/2,88/3,94/4,99/6,106/6,111/7,3/0,6/0,18/0,20/1,22/1,30/1,35/1,38/1,48/1,58/1,62/1,65/1,78/1,85/1,93/1,102/1,112/1,112/1,112/1,112/1,chased,2026
4/0,12/0,18/1,28/2,31/3,42/3,47/3,49/3,52/3,58/3,61/3,64/3,68/3,71/3,74/3,76/4,80/5,83/5,104/5,119/5,12/0,24/0,29/0,33/0,39/0,48/0,49/1,54/1,58/1,67/1,73/1,78/1,81/1,90/1,95/1,103/1,112/1,121/1,121/1,121/1,chased,2026
4/0,14/0,27/1,33/1,39/1,47/2,52/2,55/2,68/2,77/2,101/2,105/3,116/4,122/5,129/5,140/5,150/5,159/5,167/5,185/5,14/0,23/0,31/0,32/1,42/1,59/1,65/1,72/1,77/2,92/2,94/3,106/3,117/3,119/4,127/5,135/6,141/7,147/7,151/9,171/9,defend,2026
4/0,19/0,25/1,33/1,45/3,55/3,65/3,74/4,81/4,93/4,104/4,118/4,122/4,135/4,152/4,159/4,164/6,179/7,193/7,202/8,2/0,2/3,8/3,8/7,9/7,13/9,13/10,13/10,13/10,13/10,13/10,13/10,13/10,13/10,13/10,13/10,13/10,13/10,13/10,13/10,defend,2026
4/0,12/1,16/1,16/1,19/2,21/3,22/4,29/4,29/5,30/5,31/6,32/7,32/8,33/8,34/8,37/8,37/9,40/10,40/10,40/10,3/0,7/0,10/0,12/0,17/1,29/1,39/1,41/1,41/1,41/1,41/1,41/1,41/1,41/1,41/1,41/1,41/1,41/1,41/1,41/1,chased,2026
4/0,8/0,18/0,24/0,28/0,37/0,39/0,41/0,47/1,57/1,68/1,72/1,77/1,90/1,96/1,107/2,116/2,128/3,136/4,139/4,1/1,2/1,3/2,8/3,8/3,14/3,18/3,22/4,25/5,27/5,28/7,31/7,37/8,47/8,51/8,58/8,58/10,58/10,58/10,58/10,defend,2026
4/0,6/0,10/1,13/2,17/3,22/3,24/3,29/3,33/3,36/3,42/3,48/3,52/3,56/3,59/4,66/5,76/5,84/6,89/6,96/7,4/0,6/0,7/0,9/0,13/0,15/0,18/0,21/0,26/0,29/0,29/0,31/0,34/1,37/1,37/1,39/1,40/1,42/1,43/3,48/3,defend,2026
4/0,5/0,14/0,16/1,22/2,24/2,26/3,31/3,34/4,37/4,38/5,42/5,50/5,50/5,55/5,63/5,66/8,70/8,76/8,83/8,3/0,12/0,13/1,17/1,21/3,25/4,28/4,32/4,35/4,40/5,41/6,46/6,47/8,52/9,55/9,65/9,68/9,68/10,68/10,68/10,defend,2026
4/0,11/1,13/3,17/4,27/4,36/4,44/4,47/5,47/5,47/5,47/5,47/5,47/5,47/5,47/5,47/5,47/5,47/5,47/5,47/5,0/0,0/0,0/0,0/0,0/0,0/0,0/0,0/0,0/0,0/0,0/0,0/0,0/0,0/0,0/0,0/0,0/0,0/0,0/0,0/0,unknown,2026
4/0,6/0,10/0,13/1,17/1,20/2,23/2,26/2,32/2,35/4,41/4,45/5,55/5,55/5,55/5,55/5,55/5,55/5,55/5,55/5,8/0,12/2,13/3,18/3,20/3,22/3,27/5,34/5,40/5,43/5,45/6,53/7,55/9,55/9,55/9,55/9,55/9,55/9,55/9,55/9,defend,2026
4/0,13/0,22/0,29/0,38/1,41/1,45/1,47/2,52/2,55/2,61/2,70/2,78/2,87/3,91/3,93/3,98/4,100/6,105/6,114/6,2/1,8/1,8/2,14/2,21/2,35/2,39/2,49/2,57/2,61/2,64/3,64/4,72/4,75/4,80/5,87/5,93/5,95/6,108/6,115/6,chased,2026
4/0,10/1,12/2,17/2,23/3,27/4,32/4,38/4,48/4,55/4,58/4,61/4,68/4,69/4,76/6,78/6,84/6,87/7,95/7,103/7,2/1,6/2,11/2,14/2,18/2,18/2,20/2,22/2,23/3,31/3,36/3,39/4,42/4,45/7,46/8,55/8,64/8,65/10,65/10,65/10,defend,2026
4/0,7/0,16/1,19/1,26/1,26/2,33/2,38/2,46/3,54/3,57/3,62/3,72/3,83/3,89/4,99/4,110/4,119/4,122/5,133/5,1/0,15/0,25/0,32/0,36/1,42/1,48/1,55/1,68/1,77/1,80/2,90/2,106/2,111/2,126/2,134/2,134/2,134/2,134/2,134/2,chased,2026
4/0,7/1,8/3,15/3,26/5,41/5,50/5,50/5,50/5,50/5,50/5,50/5,50/5,50/5,50/5,50/5,50/5,50/5,50/5,50/5,16/0,23/0,24/3,27/4,30/4,36/4,45/5,45/5,45/5,45/5,45/5,45/5,45/5,45/5,45/5,45/5,45/5,45/5,45/5,45/5,chased,2026
4/0,5/0,6/0,8/0,11/0,15/0,16/1,25/2,31/2,37/2,37/4,40/4,43/4,45/4,49/5,54/5,58/7,59/7,62/8,64/9,4/0,13/0,21/0,32/0,45/0,59/1,66/1,66/1,66/1,66/1,66/1,66/1,66/1,66/1,66/1,66/1,66/1,66/1,66/1,66/1,chased,2026
4/0,9/1,17/1,19/1,22/1,27/1,33/1,37/1,40/1,44/1,54/1,58/2,62/3,67/3,74/3,79/4,81/6,87/6,90/6,99/7,8/0,16/0,26/0,27/0,33/0,41/1,45/2,49/2,50/3,54/3,57/3,61/3,67/3,75/3,79/5,86/5,91/5,96/5,100/5,100/5,chased,2026
4/0,12/0,15/0,16/0,18/1,19/1,24/1,27/1,29/1,36/1,44/1,52/1,62/2,70/2,72/3,75/3,83/3,90/3,99/3,109/3,3/1,3/2,3/3,7/3,8/4,19/4,19/5,21/5,33/5,34/7,34/8,35/8,38/9,40/10,40/10,40/10,40/10,40/10,40/10,40/10,defend,2026
4/0,5/0,15/0,16/0,19/0,22/0,26/0,32/0,41/0,46/1,51/1,57/1,62/2,71/3,76/3,86/3,96/3,101/3,109/4,117/5,3/0,11/0,14/1,16/2,19/2,29/2,35/2,48/2,52/3,65/3,68/3,73/3,75/3,83/3,87/3,94/3,102/3,113/3,120/3,120/3,chased,2026
4/0,12/0,30/0,35/0,43/0,49/0,56/0,61/0,67/0,76/0,82/0,89/0,93/0,104/0,108/0,126/1,129/4,140/4,152/4,155/5,9/0,12/0,18/0,22/0,23/1,34/1,38/1,39/1,40/2,45/2,47/3,50/3,51/4,53/5,57/5,65/5,71/5,75/6,81/6,87/7,defend,2026
4/0,18/0,28/0,36/0,47/1,54/1,62/1,67/2,74/2,78/4,83/4,89/4,104/4,114/4,122/5,132/5,137/5,154/5,172/5,185/5,4/0,15/0,25/0,35/0,41/0,48/1,50/1,62/1,74/1,82/1,92/1,98/1,99/3,102/3,115/3,125/3,142/3,154/3,164/4,168/4,defend,2025
4/0,11/1,25/1,37/1,40/2,42/2,49/2,52/4,59/4,64/5,69/5,72/5,77/5,83/6,86/6,89/7,91/8,100/8,101/10,101/10,8/0,15/0,23/0,30/0,36/0,46/0,48/1,52/1,54/2,60/2,66/3,74/3,91/3,101/3,102/3,102/3,102/3,102/3,102/3,102/3,chased,2025
4/0,12/0,20/0,22/0,34/0,44/0,50/0,61/0,71/0,82/0,91/0,100/0,115/0,126/0,136/0,146/1,149/4,153/5,166/7,171/9,5/0,15/0,27/0,36/0,49/0,61/0,65/0,77/0,85/1,97/1,99/1,110/1,123/1,125/2,130/2,136/3,142/3,152/3,160/4,166/5,defend,2025
4/0,8/0,15/0,21/1,23/1,27/2,33/2,40/2,42/2,51/2,55/2,63/2,73/2,78/2,82/2,89/2,98/3,111/3,117/3,123/3,2/0,6/1,11/1,16/2,22/2,29/2,35/2,35/6,37/7,42/7,43/8,45/9,45/10,45/10,45/10,45/10,45/10,45/10,45/10,45/10,defend,2025
4/0,7/0,9/1,10/1,12/1,16/1,21/1,29/1,31/1,38/1,49/2,57/2,66/2,74/2,79/2,87/2,95/2,100/2,106/2,110/3,3/0,6/1,7/2,15/2,18/3,22/3,26/4,29/4,31/4,33/5,36/6,42/6,43/6,46/6,49/8,53/8,60/8,65/9,72/9,74/10,defend,2025
4/0,7/1,12/2,18/2,21/2,27/2,31/2,35/3,37/3,43/3,49/3,54/4,64/4,71/5,73/5,86/5,95/5,105/5,111/5,119/7,7/0,9/0,10/2,11/3,12/4,16/5,21/5,22/5,29/5,33/6,33/7,38/7,40/8,45/9,45/10,45/10,45/10,45/10,45/10,45/10,defend,2025
4/0,4/0,4/0,5/0,9/0,9/2,10/2,13/2,15/2,16/2,19/4,22/4,26/5,26/6,27/7,28/7,32/7,34/7,36/8,44/8,1/0,3/0,7/1,12/2,15/3,16/3,26/3,31/3,39/4,45/4,45/4,45/4,45/4,45/4,45/4,45/4,45/4,45/4,45/4,45/4,chased,2025
4/0,8/0,11/1,12/1,19/1,24/1,27/1,31/1,35/1,39/1,44/1,49/1,53/2,55/3,56/3,61/3,63/4,70/5,75/5,80/5,4/0,11/0,15/1,22/1,22/2,27/2,31/2,36/2,38/3,40/3,44/3,49/3,53/4,57/5,63/6,66/6,68/7,72/9,74/10,74/10,defend,2025
4/0,15/0,32/0,37/0,53/1,60/1,75/1,81/2,87/2,89/2,91/2,95/2,104/2,111/3,119/3,125/3,135/4,137/4,147/5,154/5,0/1,2/1,7/1,8/1,9/1,11/1,12/2,12/2,22/2,28/2,31/2,40/2,45/2,48/3,51/4,58/4,63/4,65/5,68/5,73/6,defend,2025
4/0,5/0,10/0,15/0,15/0,15/0,15/0,15/0,15/0,15/0,15/0,15/0,15/0,15/0,15/0,15/0,15/0,15/0,15/0,15/0,0/0,0/0,0/0,0/0,0/0,0/0,0/0,0/0,0/0,0/0,0/0,0/0,0/0,0/0,0/0,0/0,0/0,0/0,0/0,0/0,unknown,2025
4/0,8/0,11/0,13/0,21/0,28/0,33/0,40/0,43/0,52/0,58/0,58/1,60/1,65/2,70/2,74/3,78/3,86/3,89/4,94/7,5/0,6/0,9/0,12/0,13/1,16/1,19/1,22/1,25/2,28/3,36/3,42/3,47/3,52/3,56/5,61/7,64/8,67/8,69/8,70/10,defend,2025
4/0,6/0,10/0,11/1,17/2,18/2,22/2,28/2,35/2,37/2,45/2,48/3,56/3,60/3,67/3,71/3,74/3,78/3,80/5,84/7,0/0,8/0,10/0,15/1,16/1,22/1,26/1,30/1,36/1,43/1,50/1,56/2,59/2,69/2,82/3,85/3,85/3,85/3,85/3,85/3,chased,2025
4/0,16/0,20/0,28/0,31/0,34/0,41/0,47/0,52/0,59/0,70/0,73/0,82/1,90/1,98/1,111/2,123/2,135/2,145/2,158/2,11/0,14/1,16/1,16/2,19/2,26/2,30/2,30/3,31/4,34/4,41/4,45/4,48/4,52/5,55/5,64/5,68/5,74/5,75/8,80/9,defend,2025
4/0,8/0,12/0,20/0,24/0,29/0,37/0,40/0,49/0,51/0,52/1,57/2,68/2,76/3,78/4,82/4,89/5,94/5,101/5,107/5,6/0,16/1,26/2,28/2,28/2,31/2,43/2,45/2,48/2,56/2,65/2,66/3,66/5,68/5,70/6,72/7,81/7,84/9,84/10,84/10,defend,2025
4/0,8/0,14/0,16/0,19/1,24/2,25/2,28/3,31/3,34/3,38/3,40/3,47/3,51/3,58/4,63/6,68/6,73/7,77/7,80/9,0/0,8/0,17/0,19/1,22/1,35/1,39/1,48/1,52/2,62/2,72/3,80/3,81/3,81/3,81/3,81/3,81/3,81/3,81/3,81/3,chased,2025
4/0,7/0,9/0,10/0,17/0,19/0,21/1,31/1,37/1,39/1,47/1,56/1,60/1,65/2,72/3,77/3,85/3,89/4,94/4,102/6,0/0,11/0,14/0,22/1,33/1,43/1,44/1,53/1,59/1,69/1,69/1,75/2,77/3,83/3,86/4,86/5,87/7,92/8,93/10,93/10,defend,2025
4/0,7/1,21/2,30/2,40/2,49/2,57/2,63/2,65/3,70/4,70/4,70/4,70/4,70/4,70/4,70/4,70/4,70/4,70/4,70/4,4/1,10/3,15/3,21/3,25/4,25/4,25/4,25/4,25/4,25/4,25/4,25/4,25/4,25/4,25/4,25/4,25/4,25/4,25/4,25/4,defend,2025
4/0,17/1,26/1,28/1,34/1,43/2,46/4,59/5,69/7,74/7,75/8,84/8,89/9,101/9,111/9,114/9,118/9,120/9,122/10,122/10,8/0,15/0,23/0,27/0,36/0,39/0,40/0,48/1,52/2,57/2,68/3,74/3,79/5,85/5,89/6,96/8,102/8,111/8,120/8,123/9,chased,2025
4/0,10/0,17/0,28/0,38/0,48/0,54/0,64/0,69/0,78/1,83/1,92/3,99/3,104/3,105/3,113/3,122/3,123/4,133/4,141/5,3/0,3/1,4/1,7/1,8/2,12/2,21/2,24/2,29/2,38/2,41/3,43/4,45/6,51/7,56/8,60/9,64/9,64/10,64/10,64/10,defend,2025
4/0,5/0,9/1,10/1,13/1,19/1,21/1,24/2,29/3,36/3,38/3,43/3,51/3,59/3,68/4,70/6,82/7,86/8,88/9,99/9,3/0,7/0,9/1,12/1,17/1,17/2,18/2,22/2,26/2,28/2,30/2,35/3,40/3,49/3,52/5,57/5,60/6,61/8,63/9,64/9,defend,2025
4/0,10/1,23/1,28/1,34/2,35/2,39/2,42/3,46/3,56/3,64/3,70/3,79/3,85/3,89/4,99/5,103/6,109/7,110/9,114/10,5/1,11/1,11/1,16/1,17/1,27/2,28/2,34/2,42/2,50/2,60/2,66/2,81/2,89/2,97/2,112/2,116/2,116/2,116/2,116/2,chased,2025
4/0,15/0,21/1,30/1,34/1,41/1,46/2,58/2,59/3,66/3,67/3,71/3,82/3,86/4,89/4,97/4,99/4,103/5,109/5,119/7,4/0,10/0,20/0,30/0,30/0,41/0,45/0,46/0,53/1,56/1,57/1,61/2,69/2,73/3,79/3,88/4,116/4,120/5,120/5,120/5,chased,2025
4/0,13/0,25/0,33/0,35/1,45/1,48/1,55/1,62/1,70/1,79/3,87/3,91/3,94/3,109/3,120/4,128/4,137/5,147/5,162/5,7/0,8/0,14/0,19/0,23/0,34/1,36/2,46/2,46/3,48/3,51/3,56/4,58/5,65/5,72/6,83/6,88/6,93/6,104/6,112/6,defend,2025
4/0,23/1,33/1,44/1,45/2,56/2,61/2,65/2,67/2,73/2,79/2,84/2,93/2,101/2,107/2,120/2,131/2,141/3,150/4,164/4,3/0,16/0,19/0,25/0,31/0,33/1,44/1,51/1,55/1,58/2,62/3,69/4,75/4,76/6,79/7,82/8,83/8,90/9,90/10,90/10,defend,2025
4/0,6/1,13/1,16/1,25/1,28/1,32/1,34/2,38/2,51/2,59/3,70/4,75/4,80/4,82/4,87/5,94/5,101/6,105/6,114/6,0/0,8/0,13/0,18/0,31/0,40/0,46/0,50/0,54/0,58/0,70/0,74/0,82/0,85/0,91/1,98/1,111/1,115/1,115/1,115/1,chased,2025
4/0,5/1,14/1,27/1,36/1,40/1,46/1,48/1,62/1,72/1,78/1,80/1,81/1,85/1,92/1,104/1,110/1,117/1,124/2,131/2,1/0,7/0,10/0,18/0,25/0,25/0,36/0,40/0,45/0,55/1,65/1,74/3,79/3,89/3,95/3,103/3,104/4,113/5,113/8,121/8,defend,2025
4/0,10/0,16/0,24/0,26/0,33/1,36/1,44/1,48/1,51/1,62/2,69/2,73/2,81/2,91/2,98/2,103/3,119/3,127/3,133/5,6/0,14/0,20/0,21/2,22/3,23/4,27/5,33/5,43/7,44/8,53/8,54/9,57/9,62/10,62/10,62/10,62/10,62/10,62/10,62/10,defend,2025
4/0,8/2,15/2,26/2,31/2,32/2,37/2,39/2,62/2,68/2,81/2,85/3,95/3,103/4,110/4,118/4,128/4,132/5,135/5,143/6,4/1,8/1,13/3,16/3,20/3,20/4,25/4,29/4,42/4,49/4,57/5,60/5,65/5,69/5,75/6,81/7,90/7,94/8,100/9,101/10,defend,2025
4/0,22/0,23/0,29/0,36/0,41/0,53/0,57/1,72/1,83/1,89/1,94/1,101/1,120/1,127/1,131/2,135/3,150/3,164/4,174/4,2/0,4/1,13/1,22/1,31/1,38/1,41/1,52/1,57/1,65/2,69/2,78/2,82/2,86/2,90/2,92/3,95/3,101/4,107/4,112/6,defend,2025
4/0,13/1,22/1,32/1,45/1,53/1,69/1,85/1,102/1,108/2,108/2,108/2,108/2,108/2,108/2,108/2,108/2,108/2,108/2,108/2,9/0,15/0,29/0,41/0,49/0,60/0,71/0,79/0,93/0,103/0,103/0,103/0,103/0,103/0,103/0,103/0,103/0,103/0,103/0,103/0,defend,2025
4/0,11/0,16/1,25/1,32/1,33/1,33/1,40/1,43/1,50/2,55/2,59/3,60/3,69/3,73/3,75/3,78/3,81/4,85/4,101/4,8/0,8/2,13/2,14/3,14/4,18/4,22/4,25/4,34/4,37/5,42/5,46/5,49/5,52/5,61/5,66/5,72/5,79/5,87/6,90/10,defend,2025
4/0,11/0,18/0,21/1,26/1,29/1,36/1,41/2,45/2,50/2,51/2,57/2,59/2,64/2,68/2,75/2,86/3,91/4,101/4,110/6,1/0,4/0,8/0,8/2,16/2,16/4,20/5,23/5,27/5,28/6,31/6,31/8,33/8,33/8,41/8,43/8,45/9,53/9,59/10,59/10,defend,2025
4/0,6/1,13/1,14/1,18/1,26/2,30/2,38/2,44/3,52/3,55/4,62/4,63/4,67/4,74/4,79/4,84/4,91/4,92/5,111/6,10/1,15/2,17/2,31/2,41/2,50/2,54/2,55/3,66/3,72/3,85/3,87/3,97/3,100/4,112/4,112/4,112/4,112/4,112/4,112/4,chased,2025
4/0,8/0,10/1,15/1,18/1,25/1,26/2,26/2,30/2,36/3,38/4,39/5,41/7,44/8,49/8,52/9,54/9,56/9,60/9,62/9,5/0,9/0,20/0,26/1,38/2,40/2,50/2,59/2,63/2,63/2,63/2,63/2,63/2,63/2,63/2,63/2,63/2,63/2,63/2,63/2,chased,2025
4/0,13/0,25/0,40/0,55/0,67/0,79/0,89/0,103/0,110/0,121/1,131/2,137/2,147/2,156/2,166/2,174/3,183/3,195/3,203/3,2/1,5/1,12/1,18/1,21/1,22/1,22/2,23/3,24/4,27/4,27/5,29/5,29/5,31/5,31/7,32/8,34/8,35/9,36/10,36/10,defend,2025
4/0,16/0,25/0,31/0,36/0,40/1,46/1,52/1,60/2,69/2,89/2,101/2,111/2,120/3,129/5,141/5,149/6,160/6,168/7,176/10,7/0,14/0,32/0,34/0,40/0,45/0,52/0,56/0,60/1,67/2,69/3,74/4,80/4,92/4,102/4,107/4,112/4,126/4,137/4,142/4,defend,2024
4/0,9/0,16/0,25/0,29/0,33/0,39/2,40/3,43/4,46/4,52/4,53/5,59/5,62/5,72/5,80/5,84/7,87/7,96/7,103/8,9/0,24/0,36/0,47/0,54/0,64/1,73/2,76/3,82/3,90/3,96/3,104/3,104/3,104/3,104/3,104/3,104/3,104/3,104/3,104/3,chased,2024
4/0,7/1,17/1,28/1,34/2,43/3,55/4,65/5,65/5,65/5,65/5,65/5,65/5,65/5,65/5,65/5,65/5,65/5,65/5,65/5,13/0,20/0,28/0,34/1,41/1,51/1,57/1,70/1,70/1,70/1,70/1,70/1,70/1,70/1,70/1,70/1,70/1,70/1,70/1,70/1,chased,2024
4/0,8/0,11/0,19/0,22/2,24/2,27/2,33/2,36/2,43/2,49/3,51/4,58/5,63/5,68/5,74/5,81/6,86/6,91/7,98/7,1/1,6/1,13/1,19/1,23/1,34/1,43/1,51/2,53/3,60/3,63/3,71/3,83/3,89/3,94/5,99/5,99/5,99/5,99/5,99/5,chased,2024
4/0,5/0,8/1,11/2,15/4,17/5,18/6,20/6,22/7,22/7,23/7,25/7,27/9,30/9,30/9,32/9,32/10,32/10,32/10,32/10,4/0,10/0,17/0,24/0,34/0,34/0,34/0,34/0,34/0,34/0,34/0,34/0,34/0,34/0,34/0,34/0,34/0,34/0,34/0,34/0,chased,2024
4/0,7/0,8/1,12/2,17/3,21/3,24/4,25/4,27/4,30/4,34/4,41/4,44/4,45/5,47/6,54/6,60/6,65/7,71/7,76/8,8/0,8/2,8/3,9/3,12/3,13/3,16/3,20/3,25/3,32/3,38/3,42/3,47/3,48/3,55/3,58/4,60/6,67/6,70/7,78/7,chased,2024
4/0,9/0,15/0,23/0,25/1,33/1,40/1,44/2,49/2,53/2,60/2,65/2,72/2,77/2,83/3,87/3,91/4,93/5,99/5,110/5,1/1,4/1,7/1,9/1,11/2,13/2,20/2,28/2,31/2,34/2,41/2,55/2,69/2,72/2,78/2,84/2,96/2,110/2,111/2,111/2,chased,2024
4/0,8/0,12/0,16/0,18/2,21/2,22/2,25/3,28/3,33/3,37/3,40/4,44/4,54/5,55/6,61/6,62/8,62/10,62/10,62/10,1/0,7/0,10/0,12/0,21/0,27/0,31/1,35/1,40/1,48/1,57/1,64/1,64/1,64/1,64/1,64/1,64/1,64/1,64/1,64/1,chased,2024
4/0,10/1,19/1,26/2,27/2,37/2,40/2,41/3,46/3,53/3,57/3,60/4,61/6,67/6,81/6,87/6,92/6,94/9,108/9,108/10,6/0,12/0,23/0,33/0,42/0,57/0,58/0,79/0,84/0,86/1,98/1,101/2,104/3,108/3,112/3,112/3,112/3,112/3,112/3,112/3,chased,2024
4/0,12/0,20/0,30/0,38/0,44/0,49/1,56/2,58/2,66/2,72/2,79/2,83/2,86/4,89/4,91/4,97/4,106/4,112/6,117/8,6/0,15/0,26/0,38/0,46/0,59/0,63/0,70/0,81/0,84/0,88/0,91/0,97/1,100/1,104/2,110/3,111/3,115/3,121/3,121/3,chased,2024
4/0,5/1,14/1,29/1,41/2,52/2,59/2,66/3,70/3,78/3,91/3,104/4,114/4,122/6,122/6,122/6,122/6,122/6,122/6,122/6,7/0,14/0,17/0,21/1,27/1,30/1,36/1,39/3,47/4,47/5,54/6,60/6,66/6,68/7,68/7,68/7,68/7,68/7,68/7,68/7,defend,2024
4/0,11/0,19/0,25/0,37/1,51/1,59/1,62/2,66/2,71/2,78/2,92/2,106/2,112/2,122/3,124/5,129/5,136/5,147/5,156/5,2/0,16/0,25/1,28/2,33/2,36/2,40/2,47/2,48/4,52/5,64/5,71/5,82/5,90/5,96/5,105/5,114/6,120/6,125/6,135/6,defend,2024
4/0,6/1,14/1,19/2,29/2,32/3,38/3,45/3,47/3,57/4,64/4,70/4,73/5,76/7,84/8,89/8,97/8,101/8,111/8,116/10,4/0,9/0,14/1,20/1,23/1,26/2,29/2,35/3,39/3,44/3,48/4,51/4,52/5,55/5,61/5,67/5,72/6,80/6,83/8,85/9,defend,2024
4/0,11/0,13/0,22/0,36/0,47/0,50/1,53/2,58/2,62/2,71/2,76/3,81/4,85/4,87/4,91/5,95/5,97/5,106/6,118/7,3/0,7/0,16/0,17/1,17/2,20/2,24/2,27/2,37/2,42/2,45/2,54/3,55/4,60/4,67/4,79/4,83/5,87/6,91/7,97/7,defend,2024
4/0,7/0,20/0,27/0,34/0,39/0,41/1,45/1,50/2,54/2,58/2,60/3,63/3,67/3,75/3,82/3,89/3,96/4,102/5,110/6,7/0,13/1,21/2,21/2,23/4,28/5,34/5,41/5,48/5,54/6,55/7,56/10,56/10,56/10,56/10,56/10,56/10,56/10,56/10,56/10,defend,2024
4/0,11/0,21/0,29/1,32/2,34/2,38/3,46/3,54/3,61/3,72/3,79/3,84/4,93/4,96/5,104/5,110/6,124/6,128/7,141/8,14/0,26/0,36/0,44/0,55/0,67/0,70/0,77/0,81/0,89/0,98/0,102/0,104/1,108/2,112/2,128/2,136/3,144/4,144/4,144/4,chased,2024
4/0,6/0,15/0,20/0,24/0,38/0,40/1,47/1,49/2,58/2,64/2,74/2,81/2,88/2,95/3,107/3,119/3,129/3,136/5,140/6,2/0,4/1,6/1,8/2,12/2,15/3,21/3,26/3,29/3,33/3,37/3,41/3,41/4,43/4,43/4,48/4,51/5,51/5,54/5,69/5,defend,2024
4/0,9/0,18/0,23/0,29/0,35/0,37/1,46/1,51/2,57/2,65/2,70/2,74/3,79/4,81/5,85/5,90/6,97/7,102/7,106/8,0/0,6/0,19/0,19/1,19/2,22/2,24/3,28/3,31/3,33/3,38/3,42/3,48/4,48/6,50/6,55/6,60/6,64/6,68/7,74/7,defend,2024
4/0,11/1,16/1,22/1,33/1,43/1,56/1,66/1,72/1,83/2,87/2,93/2,98/2,103/2,105/3,107/5,113/5,136/5,157/5,171/6,5/0,9/1,13/1,17/1,25/1,31/1,35/1,40/1,42/2,45/2,47/3,51/3,53/3,55/3,61/3,63/4,68/4,72/4,78/4,89/5,defend,2024
4/0,11/0,19/0,22/0,27/0,36/0,37/0,44/1,52/1,58/2,61/2,63/2,71/2,76/4,84/4,89/4,89/4,89/4,89/4,89/4,3/0,11/0,18/0,26/0,35/0,42/0,45/1,50/1,58/1,68/2,73/2,78/3,85/4,98/4,99/4,99/4,99/4,99/4,99/4,99/4,chased,2024
4/0,19/0,27/0,36/0,46/0,54/0,64/1,74/1,82/1,93/1,105/1,113/1,128/1,140/1,147/1,157/1,163/1,173/1,180/1,191/1,7/0,12/1,17/1,21/1,26/1,31/1,44/1,50/1,64/1,66/2,68/4,73/4,79/4,92/5,94/5,97/5,100/6,109/6,112/6,120/6,defend,2024
4/0,13/0,17/0,23/0,30/0,35/0,37/0,39/0,40/1,46/1,47/1,49/1,53/2,54/3,55/3,58/3,58/4,65/4,76/4,87/4,4/0,10/0,10/1,12/1,15/1,19/2,24/2,30/2,37/2,38/3,42/4,49/4,56/4,61/4,65/4,71/4,73/4,79/4,87/5,88/6,chased,2024
4/0,8/0,14/1,18/1,19/1,22/2,26/3,32/3,39/3,47/3,50/3,59/3,63/3,68/3,82/3,91/4,95/6,99/6,108/6,117/7,6/1,8/1,14/1,21/2,28/4,38/4,38/4,46/4,50/4,55/5,61/5,63/5,73/5,74/5,79/6,81/7,87/7,95/7,98/9,101/10,defend,2024
4/0,11/0,21/0,26/0,28/0,31/0,36/1,41/1,47/2,51/3,64/3,72/3,77/3,92/3,100/3,104/5,111/5,124/6,132/7,141/8,5/0,14/0,21/0,35/0,38/1,39/3,43/3,51/3,66/3,71/3,81/3,94/3,104/3,118/3,124/3,132/3,140/3,142/3,142/3,142/3,chased,2024
4/0,17/1,26/1,32/1,39/1,52/1,62/1,71/1,80/1,85/2,98/2,106/2,115/2,124/2,130/3,139/3,155/3,160/3,166/4,179/4,3/0,9/1,11/2,15/2,17/2,20/2,22/2,28/2,30/2,33/2,36/3,39/3,40/5,41/6,45/6,55/6,61/7,64/8,64/10,64/10,defend,2024
4/0,6/0,9/0,12/1,15/2,21/3,25/4,26/4,28/5,39/5,40/5,46/5,49/7,53/7,56/7,59/7,67/7,71/7,72/7,75/7,4/1,8/1,17/2,22/2,31/2,36/2,40/2,46/2,60/2,67/2,76/3,76/3,76/3,76/3,76/3,76/3,76/3,76/3,76/3,76/3,chased,2024
4/0,10/0,17/0,21/0,33/0,44/0,50/0,61/0,67/0,73/1,79/1,93/1,97/1,103/1,109/1,119/1,126/1,134/2,138/2,146/2,1/1,6/1,7/2,8/2,13/2,15/2,22/2,28/2,29/2,35/2,42/2,44/3,49/3,53/4,54/4,58/4,63/4,68/7,72/7,76/7,defend,2024
4/0,14/0,16/0,21/1,22/2,26/2,27/2,33/2,35/2,42/3,47/3,55/3,63/3,65/4,72/4,74/5,75/6,82/7,89/7,95/7,5/0,10/0,15/0,15/0,17/0,22/1,28/2,35/2,38/2,40/3,43/4,46/4,48/4,51/5,60/5,67/7,72/8,73/10,73/10,73/10,defend,2024
4/0,10/0,19/0,28/0,33/0,34/1,42/1,48/1,48/2,53/2,61/2,73/2,77/3,82/3,90/3,101/3,107/3,114/4,125/5,134/5,3/0,11/1,17/1,18/2,19/3,22/4,30/4,41/4,48/4,53/4,59/4,66/4,71/5,77/5,80/6,84/7,87/9,87/10,87/10,87/10,defend,2024
4/0,9/0,13/1,13/1,20/1,35/1,36/1,44/1,49/2,54/2,70/2,81/3,84/3,87/4,89/5,90/6,95/6,99/6,102/6,108/8,6/1,11/1,14/1,16/2,17/2,33/2,42/2,50/3,56/4,67/4,81/4,87/5,89/5,93/5,101/7,104/7,109/8,109/8,109/8,109/8,chased,2024
4/0,9/0,9/0,21/0,29/0,33/0,34/0,37/0,42/1,49/1,53/2,60/3,67/3,71/4,72/4,74/4,80/6,85/6,88/7,94/7,6/0,6/1,14/1,19/1,19/2,22/3,24/3,33/3,39/3,42/4,51/4,61/4,66/4,67/4,74/4,80/4,87/4,95/4,95/4,95/4,chased,2024
4/0,10/0,16/0,28/0,34/1,42/1,46/1,49/1,60/1,70/1,73/1,75/1,85/2,94/2,102/2,106/3,114/3,118/4,123/4,128/4,6/0,11/1,16/1,24/1,42/1,48/1,52/3,60/3,63/3,66/3,70/3,80/4,87/4,92/5,99/5,106/6,115/6,125/6,131/6,131/6,chased,2024
4/0,5/0,10/1,16/1,18/1,25/1,30/1,34/1,41/1,43/1,49/1,53/1,58/1,67/1,73/1,80/1,83/1,93/1,96/1,102/2,8/0,10/0,13/0,23/0,27/0,33/0,36/0,40/0,46/1,54/1,58/1,67/1,78/1,82/1,85/3,86/4,92/5,98/5,104/5,104/5,chased,2024
4/0,7/0,12/1,21/1,27/1,30/1,37/1,40/2,46/2,49/2,59/2,63/2,67/2,71/2,77/2,79/3,83/3,88/4,92/4,98/7,3/0,6/1,12/2,16/2,24/2,30/2,33/3,38/3,47/3,51/3,54/4,59/4,68/4,71/5,79/5,87/5,93/5,98/6,99/6,99/6,chased,2024
4/0,4/1,10/1,15/1,27/1,29/1,34/1,40/1,48/1,53/1,59/1,66/1,75/1,78/3,82/4,88/4,100/4,107/4,114/5,118/6,14/0,28/0,31/0,34/1,35/2,41/2,43/2,44/3,60/3,64/3,70/3,79/3,84/3,92/3,98/3,105/3,115/3,115/4,119/4,119/4,chased,2023
4/0,11/0,16/0,27/0,30/0,42/0,46/0,53/0,60/0,63/1,71/1,78/1,86/1,95/1,105/1,115/3,126/3,140/3,145/5,155/6,5/2,9/2,14/2,23/2,33/2,44/2,48/2,53/2,54/2,54/2,54/2,54/2,54/2,54/2,54/2,54/2,54/2,54/2,54/2,54/2,defend,2023
4/0,8/0,9/0,14/0,28/0,37/0,44/0,50/0,58/0,67/0,72/0,83/0,90/0,98/1,116/1,125/1,135/1,143/2,146/4,164/4,11/0,21/0,30/0,40/0,53/0,55/2,67/2,75/2,81/2,84/2,88/3,92/3,102/3,107/3,117/3,131/3,137/4,140/7,152/7,158/8,defend,2023
4/0,12/0,18/0,18/2,27/2,31/2,31/2,35/2,39/3,46/3,53/3,53/4,55/4,55/4,58/4,69/4,73/4,80/5,85/5,94/6,6/0,10/1,21/1,30/1,35/1,36/1,41/1,47/2,55/2,65/2,74/2,78/2,90/2,95/2,95/2,95/2,95/2,95/2,95/2,95/2,chased,2023
4/0,11/0,20/0,29/0,48/0,53/0,58/0,66/1,76/1,87/1,95/1,105/1,110/1,116/1,120/2,128/2,136/2,143/3,150/3,158/3,3/0,5/0,7/0,9/0,10/1,11/1,13/2,14/2,15/2,18/3,20/4,21/5,31/6,32/7,36/7,41/7,41/10,41/10,41/10,41/10,defend,2023
4/0,11/0,15/0,21/0,23/0,29/0,35/0,39/0,41/0,44/1,48/1,50/2,56/2,69/2,80/2,87/2,100/2,115/2,131/3,142/3,7/0,12/0,16/0,21/0,28/0,36/1,43/1,47/1,53/1,60/1,72/1,78/1,82/1,88/1,94/1,100/2,109/3,114/3,132/3,143/3,chased,2023
4/0,15/0,16/0,25/1,36/1,41/3,45/3,47/3,57/3,66/3,72/3,78/3,86/4,96/4,104/4,121/4,132/4,142/4,149/4,169/4,4/1,10/1,13/2,17/2,21/2,25/2,28/3,36/4,36/6,41/6,41/8,41/10,41/10,41/10,41/10,41/10,41/10,41/10,41/10,41/10,defend,2023
4/0,14/0,19/0,28/1,37/2,41/2,45/3,48/3,53/3,56/3,61/3,67/3,74/3,78/4,83/5,86/5,88/5,97/5,106/5,112/7,7/0,11/1,13/1,20/1,22/1,29/1,32/1,38/1,42/2,47/2,51/2,54/2,60/3,69/3,78/5,84/5,93/5,99/6,106/7,113/8,chased,2023
4/0,9/0,19/0,26/0,37/0,43/0,46/1,49/1,53/1,65/1,73/2,78/3,83/3,99/3,104/4,115/4,126/4,135/5,138/7,140/9,11/0,26/0,41/0,49/0,59/0,64/0,72/0,78/0,85/0,96/0,105/0,115/0,124/0,130/0,143/0,143/0,143/0,143/0,143/0,143/0,chased,2023
4/0,9/0,12/0,23/0,32/0,34/1,39/1,47/2,54/2,60/3,63/3,67/3,73/3,80/4,90/4,91/5,100/5,106/5,116/5,127/6,2/0,8/0,9/0,18/0,23/0,30/0,33/0,39/0,45/1,60/1,67/1,84/1,91/2,95/3,102/3,106/3,116/3,125/3,132/3,132/3,chased,2023
4/0,6/0,6/1,8/1,12/1,12/2,14/5,18/5,21/5,23/5,26/5,27/5,32/5,36/5,40/5,41/5,43/5,44/7,46/8,51/9,6/0,6/0,11/0,20/0,28/0,33/0,37/0,41/0,44/1,48/1,52/1,52/1,52/1,52/1,52/1,52/1,52/1,52/1,52/1,52/1,chased,2023
4/0,8/1,12/1,13/1,20/1,21/4,24/4,25/6,29/7,31/8,35/10,35/10,35/10,35/10,35/10,35/10,35/10,35/10,35/10,35/10,12/0,15/0,25/0,31/1,39/1,39/1,39/1,39/1,39/1,39/1,39/1,39/1,39/1,39/1,39/1,39/1,39/1,39/1,39/1,39/1,chased,2023
4/0,8/0,13/0,16/0,22/0,24/0,27/0,31/0,34/1,37/2,39/3,41/3,45/5,50/5,53/5,57/5,58/6,61/6,66/6,69/6,3/0,5/0,15/0,24/0,35/0,36/0,49/0,52/0,58/0,61/0,66/0,70/0,70/0,70/0,70/0,70/0,70/0,70/0,70/0,70/0,chased,2023
4/0,7/1,7/2,8/3,11/3,16/3,16/3,22/3,23/4,25/6,25/7,27/7,31/8,31/9,31/9,31/10,31/10,31/10,31/10,31/10,11/0,24/0,32/0,32/0,32/0,32/0,32/0,32/0,32/0,32/0,32/0,32/0,32/0,32/0,32/0,32/0,32/0,32/0,32/0,32/0,chased,2023
4/0,5/0,11/0,15/0,23/0,25/1,27/1,32/1,34/1,39/1,43/3,44/5,49/5,51/5,56/5,58/6,62/8,70/8,74/8,85/8,1/0,7/1,8/1,16/1,23/1,24/1,25/2,29/2,32/3,37/3,44/3,47/4,48/4,50/5,52/7,54/7,56/8,59/9,65/9,65/10,defend,2023
4/0,9/0,13/0,27/0,36/0,44/0,48/0,54/0,60/0,68/0,72/0,80/0,97/0,100/0,102/1,112/1,122/1,128/1,138/1,144/3,0/0,1/0,5/0,15/0,20/1,30/2,33/5,37/5,41/5,48/6,51/6,57/6,59/6,59/8,61/8,65/9,72/9,75/9,77/9,78/9,defend,2023
4/0,13/0,19/0,28/0,39/0,47/1,55/1,60/1,69/1,79/1,83/1,91/1,96/1,106/1,118/1,123/1,124/3,126/3,139/4,150/4,10/1,14/2,18/3,30/3,41/4,46/6,47/8,48/10,48/10,48/10,48/10,48/10,48/10,48/10,48/10,48/10,48/10,48/10,48/10,48/10,defend,2023
4/0,9/1,13/1,24/1,26/1,34/1,45/1,47/1,54/1,62/1,70/1,73/2,84/2,89/2,96/3,104/3,118/3,123/5,128/5,134/7,5/1,6/1,13/2,15/2,20/2,27/2,35/3,40/4,47/4,51/5,56/6,60/7,62/7,67/7,70/7,76/7,79/7,94/7,99/10,99/10,defend,2023
4/0,9/1,17/2,23/2,34/2,40/2,50/2,60/3,71/3,79/3,94/3,100/3,121/3,132/3,146/3,156/3,160/4,177/4,192/4,200/6,10/0,14/0,17/1,21/1,24/2,30/2,32/2,34/2,37/2,44/2,48/3,53/3,56/5,61/5,64/5,64/6,70/8,72/9,82/9,83/10,defend,2023
4/0,8/1,18/1,19/3,23/3,33/3,37/4,42/4,44/4,46/5,52/5,55/5,58/6,63/7,68/7,77/7,80/7,84/8,88/8,97/8,1/0,5/0,13/0,21/0,25/0,27/0,31/0,36/0,45/0,50/0,57/1,62/1,65/1,73/1,76/1,87/1,91/1,93/1,99/1,99/1,chased,2023
4/0,9/1,18/1,23/1,25/2,29/2,32/2,39/2,51/2,54/2,58/2,59/3,62/3,71/3,75/4,81/6,90/6,99/6,111/6,117/7,1/0,3/0,5/1,10/2,16/2,17/2,21/2,33/2,37/2,46/2,54/2,61/2,69/2,80/2,84/2,90/2,107/2,111/2,117/2,121/2,chased,2023
4/0,12/0,14/1,15/1,21/1,24/2,29/2,34/2,39/3,40/3,45/3,48/3,52/3,60/3,61/5,66/6,71/6,79/6,86/6,88/9,1/1,5/1,8/1,16/1,16/2,30/2,31/3,34/3,40/4,44/4,49/4,49/4,49/4,49/4,49/4,49/4,49/4,49/4,49/4,49/4,chased,2023
4/0,9/1,10/1,15/1,18/1,22/2,31/2,39/2,49/2,58/2,66/2,69/2,76/2,83/2,93/2,102/2,112/2,127/2,148/2,160/2,2/1,8/2,12/2,18/2,23/2,32/2,38/2,44/2,46/3,49/4,51/4,55/4,62/5,71/5,79/5,81/5,81/7,91/7,104/8,116/8,defend,2022
4/0,7/0,12/0,18/1,20/2,23/2,26/2,26/3,34/3,35/3,36/3,44/3,53/3,61/3,68/3,71/4,78/5,81/5,83/6,87/6,7/0,19/0,28/0,35/0,41/0,57/0,61/0,79/0,83/1,89/1,89/1,89/1,89/1,89/1,89/1,89/1,89/1,89/1,89/1,89/1,chased,2022
4/0,11/0,24/0,30/1,36/1,41/1,51/2,51/2,57/3,65/3,78/3,84/4,89/5,93/5,101/5,103/5,105/6,110/6,120/7,132/7,6/0,19/0,25/0,37/0,43/0,56/0,62/1,71/1,86/1,103/1,113/1,124/1,134/1,134/1,134/1,134/1,134/1,134/1,134/1,134/1,chased,2022
4/0,11/0,11/1,15/2,18/2,20/3,22/4,27/4,32/4,35/5,39/5,44/5,52/6,58/6,69/6,75/6,79/7,95/7,107/8,122/8,5/0,8/0,15/0,27/0,38/0,45/0,51/0,55/0,60/0,71/1,71/1,76/2,79/3,85/3,92/3,103/3,113/3,118/3,126/3,126/3,chased,2022
4/0,6/0,8/0,12/0,16/0,25/0,28/0,36/0,41/0,47/0,55/0,60/1,66/1,78/1,84/2,88/3,94/4,106/4,114/5,124/6,6/0,16/0,27/0,33/0,36/0,45/0,49/0,53/0,60/0,65/0,72/0,78/0,84/0,88/1,91/1,95/1,100/1,110/1,115/2,120/3,defend,2022
4/0,12/0,13/0,16/0,24/0,39/0,46/0,50/0,54/0,61/0,75/0,79/0,84/0,89/0,95/1,99/1,112/1,117/1,124/2,128/4,8/1,11/2,15/2,18/2,20/2,33/2,39/2,40/2,45/3,45/3,52/3,53/4,60/5,67/5,70/6,76/6,81/9,81/10,81/10,81/10,defend,2022
4/0,6/0,15/0,20/0,26/0,28/0,35/1,46/1,52/1,55/1,60/1,68/1,74/1,84/1,93/1,100/2,110/2,119/3,125/3,130/3,11/0,21/0,23/1,23/1,25/1,34/1,40/1,40/1,45/1,53/1,61/1,66/1,74/1,85/1,86/2,102/2,103/3,116/3,121/3,131/3,chased,2022
4/0,6/0,13/0,19/0,24/0,31/0,37/0,44/0,51/0,62/0,69/0,70/2,72/3,72/3,80/4,82/5,84/7,91/7,99/7,107/8,10/0,14/0,16/1,21/1,25/1,28/1,31/1,32/2,35/2,45/2,50/2,54/3,58/3,65/4,73/4,78/5,87/5,93/6,100/6,108/6,chased,2022
4/0,8/0,10/1,13/1,15/1,19/1,23/1,28/1,33/2,36/3,38/4,49/4,51/5,54/6,59/6,59/7,61/8,62/9,62/10,62/10,6/0,18/0,24/0,27/0,29/0,32/1,42/1,55/1,64/1,64/1,64/1,64/1,64/1,64/1,64/1,64/1,64/1,64/1,64/1,64/1,chased,2022
4/0,9/0,9/0,17/0,19/2,23/2,26/2,33/2,38/2,41/2,45/2,54/2,60/3,64/3,69/3,76/3,84/3,92/5,99/5,106/6,7/0,12/0,16/0,19/0,26/0,34/1,37/1,39/1,48/1,59/1,66/2,74/2,74/3,80/4,87/5,99/5,103/5,108/5,108/5,108/5,chased,2022
4/0,22/1,32/1,40/1,50/1,56/1,62/1,66/1,78/1,103/1,106/1,115/1,126/1,137/1,143/2,148/2,153/3,156/4,159/4,171/4,6/0,7/1,10/1,15/1,16/1,17/1,19/2,22/3,25/4,31/5,33/5,34/5,45/6,48/7,50/8,53/8,53/9,54/10,54/10,54/10,defend,2022
4/0,8/1,18/1,22/1,27/3,30/3,37/3,41/3,55/3,60/3,71/3,73/4,84/4,91/4,94/4,98/4,111/4,113/5,118/8,130/8,4/0,11/1,13/1,17/1,31/1,33/1,40/1,50/1,61/1,65/2,71/2,71/2,71/2,71/2,71/2,71/2,71/2,71/2,71/2,71/2,chased,2022
4/0,9/0,12/1,19/2,19/3,26/3,26/5,28/5,30/5,32/5,36/5,39/5,44/5,46/5,48/6,56/6,61/6,72/6,80/6,86/6,7/0,18/0,33/0,42/0,47/0,49/0,51/0,54/1,58/1,61/1,66/2,71/2,72/2,73/3,78/4,83/4,87/4,87/4,87/4,87/4,chased,2022
4/0,13/0,17/0,19/0,24/0,27/0,38/1,43/1,45/1,50/1,51/1,53/2,58/2,64/2,68/3,74/3,81/4,90/4,104/4,113/5,1/0,4/0,7/1,13/1,13/3,13/3,14/3,16/3,20/3,27/3,32/3,42/3,45/4,50/4,52/5,56/5,63/5,79/5,92/5,102/7,defend,2022
4/0,14/0,18/0,20/1,21/2,21/3,21/4,25/4,27/4,29/4,32/4,38/4,43/5,46/5,49/7,52/7,54/7,65/8,69/9,76/9,6/0,8/1,16/1,21/1,33/1,45/1,53/2,55/2,61/2,66/2,77/3,77/3,77/3,77/3,77/3,77/3,77/3,77/3,77/3,77/3,chased,2022
4/0,11/0,16/0,16/0,25/0,25/1,30/1,35/1,42/1,51/1,55/1,62/1,68/2,73/2,81/2,85/2,88/3,95/3,104/3,117/3,2/0,14/0,18/0,25/0,37/0,42/0,45/0,50/0,52/1,54/1,61/1,66/2,72/2,77/2,84/3,87/4,95/4,101/4,107/5,118/5,chased,2022
4/0,6/0,16/0,20/0,25/1,29/1,34/1,37/1,42/2,51/2,57/2,64/2,66/3,76/3,79/3,81/3,90/3,98/3,104/3,111/4,36/0,40/0,42/0,54/0,56/0,61/2,70/2,80/2,85/2,92/4,100/4,105/5,110/5,112/5,116/5,120/5,124/7,128/7,141/7,144/9,unknown,2022
4/0,16/0,23/0,25/1,27/1,35/1,40/1,44/2,53/2,57/2,59/3,63/3,68/4,74/4,79/4,83/4,86/5,90/5,101/7,109/9,8/0,13/0,17/1,20/1,23/2,24/2,30/2,37/3,41/3,44/6,54/7,54/7,54/7,54/7,54/7,54/7,54/7,54/7,54/7,54/7,defend,2022
4/0,11/0,14/0,17/1,27/1,34/1,40/1,41/3,43/3,51/3,59/3,67/3,72/3,78/4,88/5,99/5,112/5,119/5,136/5,145/5,1/0,5/0,16/0,17/1,19/1,21/1,21/2,22/2,28/2,31/2,38/2,39/3,43/3,44/3,52/3,56/3,61/4,66/4,70/5,74/5,defend,2022
4/0,6/1,8/1,14/1,22/1,23/1,28/1,31/2,34/3,36/3,40/3,47/3,53/3,56/3,61/4,68/4,72/4,79/5,83/5,83/5,3/0,10/1,15/2,21/2,27/2,30/6,37/7,37/7,37/7,37/7,37/7,37/7,37/7,37/7,37/7,37/7,37/7,37/7,37/7,37/7,defend,2022
4/0,9/0,18/0,23/1,35/1,39/2,44/2,47/2,48/2,63/2,68/2,74/2,79/2,82/2,87/2,92/3,97/3,102/4,112/5,122/6,11/0,17/0,31/0,37/1,43/1,46/1,47/2,55/2,58/2,62/2,66/3,74/3,78/3,84/3,89/3,100/3,105/3,110/4,114/5,121/6,defend,2022
4/0,11/0,14/0,18/1,32/2,35/2,37/2,41/2,48/2,52/2,58/2,59/3,64/3,68/3,75/3,79/4,85/5,88/5,91/7,101/7,16/2,20/2,22/2,25/2,28/3,32/3,34/4,37/4,41/4,47/4,54/4,62/4,63/5,76/6,79/8,95/8,99/8,100/9,102/9,110/9,unknown,2022
4/0,5/2,5/2,5/2,8/2,12/2,15/2,22/2,28/2,30/2,36/3,41/3,44/3,49/3,53/4,56/5,62/5,68/6,73/7,73/7,0/0,6/0,14/0,20/0,23/0,26/0,33/0,37/0,40/0,43/0,44/1,46/2,55/2,56/2,61/3,67/3,70/3,73/5,74/5,74/5,chased,2022
4/0,11/0,15/0,18/2,24/2,35/2,55/2,63/3,67/3,71/4,77/4,81/4,84/5,90/5,97/6,104/6,109/6,119/6,120/8,126/8,2/0,9/1,18/1,25/1,26/1,30/1,37/1,43/1,47/1,49/1,54/2,62/2,63/3,66/4,71/4,78/4,82/5,89/6,91/6,95/6,defend,2022
4/0,9/1,14/1,14/1,14/1,14/1,14/1,14/1,14/1,14/1,14/1,14/1,14/1,14/1,14/1,14/1,14/1,14/1,14/1,14/1,0/0,0/0,0/0,0/0,0/0,0/0,0/0,0/0,0/0,0/0,0/0,0/0,0/0,0/0,0/0,0/0,0/0,0/0,0/0,0/0,unknown,2021
4/0,15/0,26/0,47/0,49/0,49/0,54/0,66/0,72/1,73/2,75/2,83/2,91/2,97/2,102/2,114/3,116/3,125/4,139/4,148/4,5/0,13/1,31/2,38/2,47/2,52/2,54/2,64/2,74/2,80/2,90/2,92/2,105/2,106/4,116/4,122/5,125/6,131/6,135/7,140/8,defend,2021
4/0,4/0,7/0,8/0,11/1,11/1,17/3,24/3,26/3,27/4,30/4,31/5,34/6,39/7,41/7,42/8,44/8,46/8,48/8,52/8,2/0,10/0,16/0,23/1,29/1,34/2,38/2,44/2,52/2,56/2,56/2,56/2,56/2,56/2,56/2,56/2,56/2,56/2,56/2,56/2,chased,2021
4/0,9/0,13/0,19/1,27/1,33/1,41/1,46/1,54/1,60/1,70/1,74/2,82/2,95/2,97/2,102/2,113/2,130/2,142/2,156/2,1/0,2/0,5/0,5/0,11/0,12/0,15/1,18/1,24/2,25/3,27/3,35/3,36/3,39/3,42/4,46/5,49/5,51/6,57/7,65/8,defend,2021
4/0,11/0,18/0,19/0,24/1,28/1,35/2,41/2,44/3,46/4,49/4,50/4,50/4,54/4,55/6,56/6,58/7,61/8,69/8,76/9,9/0,13/0,17/0,23/0,31/0,35/1,36/3,42/3,48/3,54/3,57/3,65/3,68/3,75/3,77/4,77/4,77/4,77/4,77/4,77/4,chased,2021
4/0,8/0,14/1,18/1,28/2,29/2,37/2,47/2,59/2,68/2,76/3,81/3,83/3,84/4,87/5,92/5,102/5,107/5,119/5,129/6,1/0,1/2,5/2,7/3,10/3,14/3,15/3,21/4,24/4,30/4,38/4,42/4,48/4,51/5,51/6,57/6,63/6,65/7,68/8,68/10,defend,2021
4/0,12/0,14/0,25/0,26/1,29/1,32/1,36/2,39/3,41/3,53/3,62/3,69/3,82/3,90/3,99/3,115/3,123/3,136/3,156/4,27/0,36/1,41/1,48/1,53/1,65/1,72/1,81/1,86/2,89/3,97/3,100/3,107/3,114/3,122/5,131/5,135/7,152/7,163/8,174/8,unknown,2020
4/0,4/0,11/0,21/1,25/1,30/1,40/1,48/1,54/1,64/1,69/1,80/1,84/1,94/1,104/1,122/1,135/1,147/1,157/1,172/1,6/0,8/1,18/1,27/1,33/2,36/3,36/4,41/4,45/4,47/5,51/7,53/8,55/8,57/10,57/10,57/10,57/10,57/10,57/10,57/10,defend,2020
4/0,12/0,20/0,26/0,28/0,31/0,34/0,34/1,34/1,37/1,41/1,48/2,53/3,58/3,62/4,71/4,76/4,84/5,91/7,99/8,1/0,2/1,11/1,18/1,20/1,25/1,31/1,38/2,46/3,55/3,61/4,67/4,70/4,74/4,77/4,82/4,88/4,102/4,102/4,102/4,chased,2020
4/0,9/0,15/0,21/0,29/0,36/0,48/0,62/0,68/0,73/0,78/1,87/1,99/1,107/1,115/1,120/1,130/1,136/2,149/2,165/2,6/1,9/1,10/2,14/2,19/2,19/2,21/3,25/4,28/4,36/4,39/5,43/6,47/6,54/6,56/6,58/7,59/8,72/9,83/10,83/10,defend,2020
4/1,6/3,9/3,13/4,25/4,29/4,35/4,40/4,53/4,67/4,75/4,85/4,92/4,97/4,110/4,114/4,130/4,146/4,155/4,170/5,2/0,17/0,27/0,32/1,41/1,49/1,59/1,68/1,74/1,76/2,82/2,89/2,98/2,107/2,116/2,120/4,134/4,141/4,147/5,156/6,defend,2026
4/1,5/1,5/2,5/4,10/4,14/6,14/9,19/10,19/10,19/10,19/10,19/10,19/10,19/10,19/10,19/10,19/10,19/10,19/10,19/10,13/1,19/1,20/1,20/1,20/1,20/1,20/1,20/1,20/1,20/1,20/1,20/1,20/1,20/1,20/1,20/1,20/1,20/1,20/1,20/1,chased,2026
4/1,14/2,25/2,29/3,33/3,40/3,51/4,57/4,64/4,74/4,81/4,83/5,86/6,89/7,94/7,101/7,111/7,111/7,111/7,111/7,0/0,0/0,0/0,0/0,0/0,0/0,0/0,0/0,0/0,0/0,0/0,0/0,0/0,0/0,0/0,0/0,0/0,0/0,0/0,0/0,unknown,2026
4/1,7/2,10/2,13/2,19/2,30/2,35/2,42/4,49/4,56/4,58/4,60/4,61/5,70/5,75/5,82/5,88/5,94/6,104/6,108/6,4/0,7/0,11/1,22/1,29/1,32/2,34/3,38/3,38/4,45/4,46/4,48/5,50/5,55/5,60/5,62/6,67/8,69/8,74/9,74/10,defend,2026
4/1,6/1,11/1,16/1,20/1,23/1,23/2,26/2,35/2,38/4,44/4,46/5,51/5,58/5,58/6,64/6,65/7,65/7,68/7,77/8,8/0,13/0,28/0,36/0,40/0,51/0,56/0,64/0,73/0,78/0,78/0,78/0,78/0,78/0,78/0,78/0,78/0,78/0,78/0,78/0,chased,2025
4/1,12/1,19/1,30/1,33/2,38/2,43/2,50/2,53/2,56/3,58/3,60/3,64/3,67/4,73/4,78/5,84/5,91/6,95/7,114/7,8/0,11/1,12/3,12/4,13/5,24/5,30/5,32/5,36/5,42/5,47/5,51/5,53/6,58/7,59/8,64/8,74/8,74/10,74/10,74/10,defend,2025
4/1,10/1,11/1,14/2,17/2,17/3,19/3,20/3,21/3,27/3,30/3,38/4,45/4,49/5,52/7,55/8,61/8,62/8,62/10,62/10,10/0,16/0,22/0,31/0,40/0,54/0,61/0,63/0,63/0,63/0,63/0,63/0,63/0,63/0,63/0,63/0,63/0,63/0,63/0,63/0,chased,2025
4/1,4/1,5/2,5/2,14/2,16/2,18/2,21/2,27/2,33/2,39/4,40/4,44/5,53/5,57/5,64/6,66/7,69/8,70/10,70/10,5/1,15/1,19/1,25/1,31/1,40/1,43/2,53/2,60/2,71/2,71/2,71/2,71/2,71/2,71/2,71/2,71/2,71/2,71/2,71/2,chased,2025
4/1,11/2,12/3,14/3,15/4,26/4,28/5,28/5,30/5,33/6,43/6,46/6,50/7,54/8,54/9,57/9,60/9,62/9,64/9,68/9,6/0,10/0,12/0,13/0,14/0,16/0,17/0,20/0,32/0,34/2,42/2,52/2,60/2,69/2,69/2,69/2,69/2,69/2,69/2,69/2,chased,2025
4/1,9/1,13/2,22/2,26/4,35/5,42/5,47/6,57/6,63/6,63/6,63/6,63/6,63/6,63/6,63/6,63/6,63/6,63/6,63/6,7/0,18/0,22/0,31/0,36/0,44/0,49/0,57/0,60/1,64/2,64/2,64/2,64/2,64/2,64/2,64/2,64/2,64/2,64/2,64/2,chased,2025
4/1,6/1,16/1,22/1,26/1,27/1,33/1,39/1,42/1,44/2,45/2,48/2,52/2,58/3,61/3,66/3,70/3,79/3,84/4,91/4,1/2,3/2,14/2,21/2,27/2,31/2,34/2,39/2,44/3,50/3,57/3,67/3,74/3,80/4,85/4,88/4,93/4,93/4,93/4,93/4,chased,2025
4/1,5/1,5/2,12/3,13/3,18/3,28/3,32/3,36/3,37/4,42/4,48/4,56/4,57/5,61/5,63/5,67/5,74/5,77/6,89/6,2/0,14/0,17/0,21/0,35/0,41/0,55/0,59/0,64/0,67/0,69/0,72/0,85/0,92/0,92/0,92/0,92/0,92/0,92/0,92/0,chased,2024
4/1,9/1,18/1,29/1,30/3,30/3,32/3,34/3,40/3,43/4,47/4,54/4,56/4,65/5,68/5,74/5,84/5,86/5,99/5,108/6,10/0,17/0,25/0,33/0,39/0,52/0,60/0,73/0,79/0,92/0,104/0,110/1,110/1,110/1,110/1,110/1,110/1,110/1,110/1,110/1,chased,2024
4/1,5/1,7/1,16/1,23/1,30/1,37/1,43/1,55/1,58/2,66/2,78/2,88/2,92/3,100/4,104/5,112/5,120/5,133/6,141/7,5/0,16/0,20/0,27/0,41/0,47/0,55/0,60/1,70/1,75/1,82/1,92/1,95/1,100/1,111/1,115/2,127/2,133/3,136/4,142/4,chased,2024
4/1,7/1,12/1,18/1,23/1,30/1,35/1,41/1,49/1,52/1,56/2,60/2,65/3,69/3,75/4,84/4,103/4,110/4,111/4,125/4,3/0,9/1,13/1,18/1,22/1,27/1,35/1,40/1,43/2,49/3,54/3,60/3,64/3,67/4,72/6,75/7,81/7,87/8,92/8,98/10,defend,2024
4/1,10/2,10/2,10/2,13/2,15/2,19/3,21/3,26/4,27/4,35/5,36/6,37/6,38/7,40/7,41/7,42/7,45/8,49/9,50/10,2/0,3/0,7/0,14/0,23/0,31/0,36/1,37/1,45/1,51/1,51/1,51/1,51/1,51/1,51/1,51/1,51/1,51/1,51/1,51/1,chased,2024
4/1,13/1,17/1,29/1,37/1,47/1,58/1,69/1,78/1,83/2,90/2,99/2,105/2,115/2,132/2,145/2,150/2,159/2,162/3,171/4,0/0,1/0,6/0,17/2,25/2,31/3,44/3,52/3,53/3,57/4,59/5,61/5,70/5,71/5,77/5,77/9,91/9,99/9,102/10,102/10,defend,2024
4/1,7/2,9/2,14/2,21/2,28/2,32/2,36/3,40/3,46/3,55/4,57/4,59/5,65/5,68/5,73/6,76/6,80/7,84/7,93/8,2/0,2/0,6/0,8/1,10/1,12/1,12/1,14/1,17/1,19/2,22/4,25/4,28/4,31/4,33/6,38/7,40/8,42/8,42/8,50/8,defend,2024
4/1,12/1,15/1,27/2,32/3,36/4,48/4,48/4,50/4,62/4,68/4,80/4,85/4,91/4,98/4,100/6,104/6,109/6,119/7,130/9,4/1,9/1,15/1,22/1,31/1,33/1,35/1,43/2,46/3,51/3,61/3,70/3,74/5,79/5,83/5,90/5,94/6,97/7,102/7,110/7,defend,2024
4/1,10/1,20/1,33/1,38/1,47/1,54/1,56/1,69/1,73/2,83/3,89/3,103/3,119/3,126/3,139/4,152/5,158/7,165/8,173/9,7/2,7/2,9/2,14/2,25/2,29/3,37/3,50/4,53/5,61/5,64/6,66/8,69/8,76/10,76/10,76/10,76/10,76/10,76/10,76/10,defend,2023
4/1,8/1,14/2,22/2,32/2,44/2,50/3,55/3,56/4,62/4,66/4,72/4,80/5,87/5,97/5,104/5,111/5,118/5,125/6,132/6,1/1,7/1,8/2,13/3,18/4,19/4,23/4,25/4,31/4,34/5,41/5,43/5,47/5,49/7,53/8,60/8,65/8,66/9,67/10,67/10,defend,2023
4/1,5/1,6/2,7/4,7/4,7/6,7/7,15/8,20/8,22/9,26/9,26/10,26/10,26/10,26/10,26/10,26/10,26/10,26/10,26/10,8/0,14/0,19/0,22/0,22/1,22/1,28/1,28/1,28/1,28/1,28/1,28/1,28/1,28/1,28/1,28/1,28/1,28/1,28/1,28/1,chased,2023
4/1,14/1,19/1,26/1,32/1,35/2,39/3,43/3,46/3,49/3,55/3,58/3,65/3,70/3,74/3,82/3,87/3,93/3,100/3,105/4,4/0,5/1,7/1,9/2,10/3,12/4,13/5,17/8,19/8,19/9,24/9,25/9,27/10,27/10,27/10,27/10,27/10,27/10,27/10,27/10,defend,2023
4/1,20/1,34/1,41/1,47/2,53/2,61/2,68/2,75/2,80/2,86/3,88/4,92/4,100/4,108/4,115/5,128/5,141/6,150/6,176/6,5/1,11/1,19/1,25/1,39/1,44/1,48/1,54/1,57/2,67/2,71/2,75/2,84/2,88/3,97/3,102/3,109/4,116/5,129/5,138/6,defend,2022
4/1,8/1,13/2,20/2,23/2,29/2,34/2,37/2,51/2,52/3,58/3,58/4,61/4,65/5,74/6,77/6,87/6,94/7,100/7,106/8,5/1,7/1,16/1,23/1,26/1,30/2,34/2,40/2,46/3,48/3,51/3,60/3,65/3,75/3,85/3,94/3,97/4,100/4,107/4,107/4,chased,2022
4/1,13/1,16/1,18/2,20/3,20/3,29/3,31/4,39/4,42/5,50/6,56/6,62/6,66/6,68/7,74/7,76/8,83/10,83/10,83/10,8/0,16/0,22/0,33/0,37/0,45/0,46/0,49/0,58/1,59/1,61/1,67/1,69/1,78/1,87/2,87/2,87/2,87/2,87/2,87/2,chased,2022
4/1,22/1,34/2,46/2,47/4,53/4,69/4,75/5,85/5,99/5,107/5,118/5,128/5,136/5,146/5,159/5,166/5,189/5,195/5,204/5,8/0,9/0,11/0,12/1,12/2,12/3,15/4,18/6,19/10,19/10,19/10,19/10,19/10,19/10,19/10,19/10,19/10,19/10,19/10,19/10,defend,2021
4/1,9/1,11/1,14/2,16/2,21/2,32/2,37/2,44/2,47/2,55/2,60/2,72/2,79/2,83/3,85/3,98/3,100/4,104/6,109/8,2/0,5/0,7/0,12/0,14/1,20/1,27/1,31/1,36/3,39/3,43/3,45/3,53/3,56/3,63/4,65/4,67/6,75/6,81/7,89/7,defend,2021
4/1,12/1,13/1,15/1,24/1,30/1,37/1,44/1,48/1,55/1,62/2,63/2,68/2,78/2,89/2,95/2,106/2,111/3,120/4,127/5,7/0,16/0,17/1,24/1,28/1,36/2,38/2,42/3,44/4,52/4,53/4,58/4,59/6,61/6,63/7,66/8,69/8,74/9,79/9,79/10,defend,2021
4/1,6/1,15/1,17/1,17/2,23/2,29/2,39/2,48/2,54/3,59/3,63/3,68/4,76/4,82/4,91/4,103/5,107/5,122/5,136/6,5/0,8/0,18/0,18/1,20/2,22/2,27/3,33/3,41/3,49/3,56/4,62/4,66/4,70/4,79/5,85/5,93/5,100/5,108/5,119/5,defend,2020
4/1,9/1,13/2,22/2,29/2,37/2,41/3,45/3,55/3,59/4,62/4,71/4,81/4,95/4,105/4,109/4,121/4,136/5,140/7,147/7,6/0,22/0,26/0,37/1,46/1,52/1,62/1,65/2,72/2,80/2,85/3,89/3,98/3,107/3,110/4,118/4,122/5,131/5,142/5,150/5,chased,2020
4/2,11/3,12/4,14/4,16/4,20/4,22/5,24/7,29/7,32/8,35/8,36/8,36/9,45/9,48/9,50/10,50/10,50/10,50/10,50/10,12/1,16/2,23/2,30/2,43/2,51/2,51/2,51/2,51/2,51/2,51/2,51/2,51/2,51/2,51/2,51/2,51/2,51/2,51/2,51/2,chased,2025
4/2,5/2,7/2,13/2,15/2,17/2,22/2,27/3,29/3,34/3,35/3,46/3,48/4,53/5,56/5,61/5,63/6,65/6,69/8,75/8,6/0,15/0,17/1,19/1,22/2,27/2,32/2,40/2,48/2,58/2,59/2,66/2,68/2,77/2,77/2,77/2,77/2,77/2,77/2,77/2,chased,2025
4/2,5/2,5/2,7/2,8/3,14/3,19/5,24/5,27/6,27/7,30/8,34/9,40/9,40/10,40/10,40/10,40/10,40/10,40/10,40/10,3/2,14/2,19/2,30/2,35/2,42/3,42/3,42/3,42/3,42/3,42/3,42/3,42/3,42/3,42/3,42/3,42/3,42/3,42/3,42/3,chased,2023
4/2,13/4,15/5,17/6,20/6,24/8,26/8,32/8,35/8,40/9,46/9,49/9,52/10,52/10,52/10,52/10,52/10,52/10,52/10,52/10,2/1,8/1,13/2,25/2,26/2,29/3,32/4,36/5,38/6,47/6,48/7,52/8,53/8,53/8,53/8,53/8,53/8,53/8,53/8,53/8,chased,2021
5/0,15/0,25/0,36/0,42/0,46/1,53/1,61/1,72/1,89/1,103/1,109/1,116/1,125/1,133/1,155/1,170/1,182/1,193/1,202/1,5/1,9/2,17/2,23/2,30/2,38/2,43/3,44/3,51/3,55/3,62/3,66/3,70/3,75/3,82/3,91/3,93/4,99/4,105/4,110/4,defend,2026
5/0,13/0,29/0,36/0,47/0,52/1,54/1,58/1,64/1,70/1,71/1,76/1,83/1,93/2,95/3,96/4,105/5,115/6,117/8,122/10,4/0,14/0,16/0,26/0,32/0,37/0,45/0,55/0,66/0,68/1,78/1,80/1,89/1,98/1,107/1,114/2,125/2,125/2,125/2,125/2,chased,2026
5/0,20/0,26/1,33/2,36/2,45/2,49/2,53/2,60/2,66/2,74/2,77/3,81/4,92/4,105/4,115/4,129/4,130/6,143/6,157/6,5/0,7/1,15/1,18/1,36/1,49/1,52/1,56/1,62/1,69/2,77/2,88/2,97/2,109/2,114/2,119/3,127/3,134/4,147/5,150/5,defend,2026
5/0,7/0,13/1,21/1,30/1,34/1,48/1,55/1,64/1,71/1,79/1,86/2,92/2,96/2,105/3,116/3,128/4,130/5,134/6,153/7,3/0,16/0,20/0,26/0,40/0,43/0,50/0,58/0,63/0,68/0,71/2,72/2,86/2,91/2,99/2,111/2,115/2,119/3,134/4,144/4,defend,2026
5/0,10/0,15/0,29/0,30/0,36/0,40/0,43/1,52/1,57/1,67/1,79/1,81/3,88/3,91/3,98/4,102/4,104/4,108/4,113/6,9/0,19/0,19/0,24/0,33/0,43/0,48/0,50/1,51/1,52/2,55/2,58/2,65/2,70/2,78/2,90/2,98/2,110/2,114/2,114/2,chased,2026
5/0,20/0,41/0,48/0,57/1,61/1,65/2,66/3,73/3,84/3,102/3,114/3,122/4,125/5,135/5,150/5,160/5,167/5,182/5,199/6,6/1,12/2,21/2,28/3,34/3,52/4,60/4,65/4,69/4,83/4,91/5,99/5,109/5,112/6,117/6,138/6,141/7,150/7,168/7,174/8,defend,2026
5/0,8/0,15/0,17/1,18/1,26/1,32/2,35/2,40/2,51/2,62/2,75/2,81/2,87/2,97/2,103/3,109/3,116/4,126/4,133/5,3/0,7/0,19/0,22/1,26/1,29/1,35/1,47/1,53/1,56/1,65/1,68/1,78/1,84/1,90/2,95/2,103/3,111/3,120/3,130/3,defend,2026
5/0,14/0,16/0,24/0,28/0,36/0,40/0,43/1,49/1,53/1,61/1,69/1,85/1,89/1,97/1,101/1,104/3,109/4,121/4,136/4,0/0,1/1,4/1,9/1,14/2,18/3,24/4,25/4,30/4,36/4,42/4,46/4,52/5,54/5,65/5,72/5,84/5,88/5,98/5,105/5,defend,2026
5/0,11/0,23/0,27/0,34/0,43/0,50/0,57/0,61/1,71/1,76/1,84/1,93/1,104/1,110/1,117/3,127/3,142/4,149/4,162/5,3/0,10/0,13/1,19/2,25/2,35/2,43/2,47/2,53/3,58/3,67/3,73/4,87/4,95/4,108/4,117/4,122/5,133/5,145/5,154/8,defend,2026
5/0,13/0,18/0,27/1,34/1,34/2,41/2,42/2,48/3,52/3,56/3,69/3,74/3,79/3,84/3,86/5,89/6,92/6,96/6,103/6,5/1,14/1,16/2,19/2,27/3,31/3,34/3,40/4,42/4,45/5,48/5,52/5,56/6,56/7,61/7,63/8,67/8,69/9,69/10,69/10,defend,2026
5/0,7/0,8/1,8/3,11/3,12/3,13/3,15/4,19/4,20/4,22/7,24/8,26/8,27/8,27/8,27/10,27/10,27/10,27/10,27/10,30/0,30/0,30/0,30/0,30/0,30/0,30/0,30/0,30/0,30/0,30/0,30/0,30/0,30/0,30/0,30/0,30/0,30/0,30/0,30/0,chased,2026
5/0,10/0,20/0,25/1,33/1,35/3,38/3,40/4,42/4,45/5,47/5,54/5,57/5,61/5,64/6,72/6,73/6,75/6,80/6,82/7,8/1,15/1,20/1,24/1,35/1,43/1,43/2,50/2,52/2,72/2,83/2,83/2,83/2,83/2,83/2,83/2,83/2,83/2,83/2,83/2,chased,2026
5/0,8/0,11/0,17/0,24/0,33/1,37/1,46/1,48/2,55/2,62/3,71/3,73/3,77/4,86/4,92/4,95/4,107/6,119/6,126/6,8/1,9/1,10/1,11/2,13/2,15/2,23/2,26/2,27/3,33/3,35/4,42/4,49/4,52/4,59/5,66/6,73/6,80/7,82/8,84/10,defend,2026
5/0,11/0,15/0,22/0,24/0,28/0,31/0,37/0,48/0,58/0,71/1,76/1,79/2,84/2,89/2,92/2,105/2,123/2,131/2,138/2,1/1,7/1,7/1,14/1,15/2,21/3,27/3,27/4,29/4,33/4,39/4,44/4,51/4,55/4,63/4,64/4,68/4,72/4,79/4,86/5,defend,2026
5/0,9/1,12/1,14/1,21/2,21/3,24/3,25/4,28/4,31/4,33/4,36/4,43/4,52/4,52/5,58/6,68/6,71/7,79/8,86/10,4/0,6/0,12/1,20/3,21/4,32/4,38/4,42/4,53/4,55/6,55/7,62/7,62/7,66/8,69/8,69/10,69/10,69/10,69/10,69/10,defend,2025
5/0,12/0,19/0,26/0,35/0,38/0,46/1,51/1,59/1,66/1,72/1,83/1,89/1,96/1,108/1,114/2,119/2,127/2,133/3,141/3,3/0,8/0,14/0,16/0,19/0,29/0,34/0,36/1,37/1,40/1,44/2,48/2,51/2,54/2,56/2,59/2,65/2,67/4,72/4,75/7,defend,2025
5/0,10/0,16/1,18/1,22/1,28/1,31/1,38/2,43/2,52/2,57/2,65/2,71/2,77/2,81/2,90/2,101/2,107/2,112/3,129/3,5/0,9/0,11/0,16/1,21/1,23/2,28/3,31/4,36/5,40/6,41/7,42/7,44/8,45/8,46/8,53/8,54/10,54/10,54/10,54/10,defend,2025
5/0,8/0,18/0,23/1,26/1,36/1,39/1,40/2,44/2,55/2,60/2,69/2,73/2,78/2,89/2,95/3,108/3,120/3,129/3,136/5,8/0,23/0,27/0,34/1,35/1,46/2,52/2,57/2,58/2,67/2,70/3,74/3,79/3,83/4,90/4,96/4,108/5,113/5,122/5,135/6,defend,2025
5/0,10/0,22/0,25/0,31/0,43/0,48/0,60/0,62/1,68/2,72/3,76/3,85/3,93/3,98/3,113/3,126/3,139/3,144/4,153/4,12/0,13/0,17/0,19/0,26/0,31/0,34/0,43/0,51/1,57/2,62/3,69/4,73/4,76/4,79/5,82/5,83/5,84/7,86/8,87/8,defend,2025
5/0,8/0,18/0,25/0,31/0,36/0,43/0,47/1,52/1,59/2,65/3,74/3,85/3,85/3,85/3,85/3,85/3,85/3,85/3,85/3,2/0,5/0,7/0,10/1,14/1,16/2,19/2,22/3,29/4,31/4,38/4,42/5,50/6,50/6,50/6,50/6,50/6,50/6,50/6,50/6,defend,2025
5/0,8/0,15/0,19/0,23/0,23/0,30/0,34/0,40/0,45/1,54/1,61/1,70/2,76/2,77/3,87/3,90/4,101/4,108/5,114/7,2/0,8/0,17/0,18/0,26/0,28/1,32/1,38/2,41/3,45/3,54/3,58/3,63/4,68/4,80/4,88/4,94/4,101/5,111/5,115/5,chased,2025
5/0,7/0,10/1,11/1,19/1,19/3,20/3,23/4,29/4,35/4,44/4,47/4,52/4,59/5,61/5,66/5,79/5,84/5,88/5,99/6,5/0,6/0,14/0,22/1,27/1,37/2,60/2,69/2,78/2,85/2,95/2,99/3,100/3,100/3,100/3,100/3,100/3,100/3,100/3,100/3,chased,2025
5/0,6/0,9/0,11/0,18/1,22/1,34/1,44/1,51/1,62/2,67/2,71/2,76/3,88/3,92/3,95/3,105/3,113/4,119/4,131/4,4/0,11/0,18/1,20/2,28/2,42/3,52/3,54/3,60/3,77/3,83/3,90/3,96/3,106/3,115/3,126/3,132/3,132/3,132/3,132/3,chased,2025
5/0,19/1,25/2,40/2,46/2,48/3,53/3,62/3,64/4,65/5,69/5,70/6,74/7,77/7,79/7,81/7,82/8,85/8,87/9,87/10,8/0,23/0,35/0,37/0,42/0,44/1,57/2,57/5,66/5,66/5,71/5,75/5,82/5,90/5,90/5,90/5,90/5,90/5,90/5,90/5,chased,2025
5/0,20/0,27/0,34/0,39/0,47/0,54/0,64/0,67/0,71/2,74/2,87/2,90/2,104/2,114/3,125/3,137/3,150/3,160/3,162/5,2/1,7/1,12/1,17/1,24/1,27/1,29/1,32/1,36/1,43/1,53/1,64/1,69/3,69/3,74/3,78/4,85/4,91/4,100/5,105/5,defend,2025
5/0,10/0,14/1,22/1,30/1,35/1,42/1,48/2,49/2,55/2,59/3,60/4,64/4,67/4,70/4,79/4,83/4,86/5,89/5,94/7,11/0,21/0,32/0,39/1,50/1,64/1,66/1,74/2,80/2,92/2,95/3,95/3,95/3,95/3,95/3,95/3,95/3,95/3,95/3,95/3,chased,2025
5/0,12/0,27/0,30/0,36/0,37/1,43/1,48/1,56/1,59/1,64/1,68/1,75/2,82/2,88/2,92/3,97/3,103/3,112/4,118/5,13/0,30/0,45/0,52/0,67/0,77/0,90/0,92/0,97/0,105/0,114/0,120/0,120/0,120/0,120/0,120/0,120/0,120/0,120/0,120/0,chased,2025
5/0,7/1,8/2,9/2,11/2,15/4,21/4,32/4,37/4,42/5,44/5,45/6,59/6,63/7,69/7,71/8,73/9,79/9,86/9,86/10,5/0,8/0,11/0,20/0,23/0,33/0,42/0,46/0,52/1,63/1,68/1,74/1,79/1,79/1,82/2,87/2,87/2,87/2,87/2,87/2,chased,2025
5/0,10/0,18/0,21/2,29/2,32/2,42/2,48/2,53/2,57/2,66/4,70/5,79/5,84/5,91/6,96/6,102/7,109/7,115/8,121/9,3/0,10/1,13/1,18/3,24/3,26/3,33/3,35/3,38/3,40/4,43/4,45/4,48/5,50/5,55/5,60/5,66/5,80/5,86/6,92/6,defend,2025
5/0,9/1,12/1,14/2,30/2,34/2,44/3,54/3,60/3,70/4,73/4,80/4,84/4,95/4,101/4,108/4,111/5,116/5,124/6,134/7,14/0,20/0,22/0,24/0,29/0,33/0,40/0,51/0,54/0,64/0,69/0,75/0,79/0,89/0,92/0,99/0,103/3,107/4,116/5,117/6,defend,2025
5/0,12/0,17/0,26/0,31/0,39/1,43/1,50/1,71/1,79/1,84/1,90/1,96/2,99/3,107/3,111/3,123/3,131/3,139/3,152/4,2/1,3/1,9/2,11/2,13/2,14/2,16/2,19/2,21/4,27/4,28/5,32/5,35/5,35/6,37/8,40/8,46/8,47/10,47/10,47/10,defend,2025
5/0,12/0,22/0,24/0,31/0,37/0,41/0,46/0,52/0,54/2,57/2,62/2,69/4,75/4,78/5,82/5,86/5,88/6,94/6,99/6,2/0,9/0,13/0,18/0,25/0,27/0,30/1,37/2,39/2,47/2,49/3,53/4,56/5,62/6,64/7,69/7,76/8,79/10,79/10,79/10,defend,2025
5/0,7/1,14/2,16/2,19/2,25/2,26/2,26/2,29/4,31/4,31/4,31/4,31/4,31/4,31/4,31/4,31/4,31/4,31/4,31/4,0/0,0/0,0/0,0/0,0/0,0/0,0/0,0/0,0/0,0/0,0/0,0/0,0/0,0/0,0/0,0/0,0/0,0/0,0/0,0/0,unknown,2025
5/0,14/0,24/0,28/0,36/0,54/0,67/0,75/0,86/0,93/0,96/0,109/0,120/0,125/0,130/1,137/1,144/1,150/2,166/2,176/2,9/0,15/0,18/0,27/0,33/0,40/0,42/0,53/0,61/0,62/0,71/0,78/0,89/0,97/0,108/0,113/0,116/0,120/2,128/3,132/4,defend,2025
5/0,11/0,16/0,23/0,26/1,35/1,45/1,50/1,70/1,78/1,84/1,91/1,98/2,106/2,115/2,122/3,133/3,143/4,151/4,170/4,8/0,10/1,10/1,11/1,12/1,18/1,19/2,25/2,25/2,30/2,33/2,41/2,41/2,47/2,47/2,47/2,55/4,58/6,58/7,59/8,defend,2025
5/0,15/0,31/0,38/0,42/0,44/2,57/2,62/2,69/2,75/3,77/6,80/6,84/6,89/6,91/7,92/7,107/7,108/7,114/8,117/10,10/0,18/0,30/0,38/0,46/0,51/1,69/1,77/1,84/2,94/2,99/2,102/3,106/3,110/3,114/3,119/3,119/3,119/3,119/3,119/3,chased,2025
5/0,7/1,9/2,19/2,21/2,27/2,29/2,32/2,40/2,48/2,51/3,54/3,63/4,65/5,74/5,81/5,85/6,87/6,92/8,95/9,4/0,23/0,33/0,40/0,43/0,50/0,57/0,65/0,68/0,74/0,79/0,84/1,88/1,96/1,96/1,96/1,96/1,96/1,96/1,96/1,chased,2025
5/0,5/0,8/1,9/2,13/2,13/2,19/2,22/2,27/2,27/3,31/3,33/4,37/5,39/6,46/8,49/9,54/10,54/10,54/10,54/10,1/0,3/0,4/0,6/0,12/0,19/0,25/0,34/0,42/0,47/0,55/0,55/0,55/0,55/0,55/0,55/0,55/0,55/0,55/0,55/0,chased,2025
5/0,9/0,13/1,18/1,28/1,35/2,45/2,57/3,65/3,77/3,89/3,96/3,103/4,110/4,121/4,129/4,134/4,138/5,141/7,148/7,1/1,8/2,15/3,15/5,19/5,24/6,26/6,28/6,29/8,30/9,32/9,32/9,34/9,34/10,34/10,34/10,34/10,34/10,34/10,34/10,defend,2025
5/0,11/0,16/0,28/0,32/1,37/1,44/1,50/1,56/1,65/1,79/1,93/1,98/1,106/1,116/2,123/2,136/2,146/2,158/3,171/4,0/0,9/0,9/1,12/1,13/1,19/1,23/2,25/2,35/2,40/3,42/3,43/3,43/3,46/3,47/3,51/4,65/4,67/5,69/5,69/7,defend,2025
5/0,19/0,24/1,29/1,39/1,47/1,58/1,61/2,72/2,74/2,82/2,96/3,104/3,105/4,110/4,119/4,125/4,142/4,155/4,166/4,3/1,10/1,13/1,19/2,25/3,38/3,40/3,46/3,54/3,59/3,69/3,70/5,75/5,80/5,86/5,87/6,91/6,91/6,97/7,103/7,defend,2025
5/0,18/0,18/0,32/0,34/0,35/0,39/1,43/1,53/1,58/2,64/2,69/2,79/4,89/4,97/4,106/4,114/4,117/4,122/5,133/5,1/0,10/0,12/0,16/1,18/1,27/1,37/1,46/1,50/1,55/2,59/2,61/3,63/3,71/4,71/5,79/6,79/8,88/8,92/8,101/8,defend,2025
5/0,12/0,17/1,19/1,24/2,28/2,37/2,41/2,49/2,56/2,63/2,67/2,70/3,75/3,77/3,80/3,86/4,99/4,106/4,109/5,6/0,10/0,18/0,26/1,27/1,36/1,47/1,50/2,55/2,59/2,60/3,62/3,69/3,72/3,85/3,89/4,91/5,94/6,99/8,103/10,defend,2025
5/0,8/0,8/0,11/0,16/0,17/0,27/0,29/0,37/0,39/0,43/0,47/0,58/0,63/0,67/0,78/1,82/2,84/3,91/4,95/4,9/0,18/0,19/1,24/1,33/1,45/1,50/1,52/1,57/1,62/1,67/2,77/2,90/2,92/3,99/3,99/3,99/3,99/3,99/3,99/3,chased,2025
5/0,12/0,21/1,29/1,32/1,36/1,46/2,52/2,62/2,66/2,71/4,73/5,79/5,82/5,88/5,99/5,106/5,112/6,125/7,131/7,5/0,7/2,13/2,14/3,19/5,21/5,25/6,32/6,32/6,38/7,39/7,43/7,49/7,49/8,50/8,56/8,59/9,67/9,67/10,67/10,defend,2025
5/0,15/0,18/1,27/1,32/1,49/1,60/1,79/1,83/1,98/1,101/2,109/2,113/2,117/3,122/3,133/4,138/4,144/4,149/5,153/5,2/2,8/2,15/2,17/2,22/3,25/3,26/4,27/4,32/7,32/9,36/9,38/9,38/10,38/10,38/10,38/10,38/10,38/10,38/10,38/10,defend,2025
5/0,19/1,23/1,26/1,34/1,46/1,52/1,57/1,63/1,65/1,67/1,75/1,78/1,80/1,88/1,96/1,103/1,106/1,112/1,118/1,7/0,16/0,28/0,29/0,38/0,56/0,61/0,63/1,83/1,85/2,99/2,102/2,110/2,115/2,118/3,122/3,122/3,122/3,122/3,122/3,chased,2025
5/0,12/0,17/0,23/0,34/0,43/0,59/0,66/0,72/1,79/1,85/1,88/2,94/3,108/3,120/3,130/3,138/3,152/3,161/3,170/4,4/0,7/0,9/1,17/2,22/3,27/3,32/4,34/6,36/6,40/6,43/8,49/8,50/9,50/10,50/10,50/10,50/10,50/10,50/10,50/10,defend,2025
5/0,11/0,13/0,22/0,32/0,40/0,52/0,60/0,70/0,82/0,85/0,91/0,97/1,105/1,111/1,118/1,128/1,138/1,147/1,156/1,8/0,14/0,18/1,18/2,25/2,38/2,41/3,48/3,52/3,61/3,67/3,71/4,77/5,83/5,93/5,97/6,103/6,109/6,123/6,134/6,defend,2025
5/0,9/0,14/0,20/1,23/2,31/2,37/2,44/2,51/3,57/4,61/4,66/4,72/4,74/4,82/4,87/5,99/5,110/5,118/6,125/7,2/0,3/1,12/1,19/2,28/2,38/2,43/2,45/2,52/2,65/2,74/2,77/2,85/2,93/2,106/2,123/2,128/2,128/2,128/2,128/2,chased,2025
5/0,6/1,7/2,10/2,11/2,17/2,18/2,25/2,28/3,32/4,35/6,36/7,37/10,37/10,37/10,37/10,37/10,37/10,37/10,37/10,5/0,18/0,28/0,40/0,40/0,40/0,40/0,40/0,40/0,40/0,40/0,40/0,40/0,40/0,40/0,40/0,40/0,40/0,40/0,40/0,chased,2025
5/0,16/1,21/1,24/1,25/2,28/3,37/3,44/3,55/4,62/4,75/4,79/4,85/4,94/4,99/5,112/5,119/5,130/5,137/5,145/6,3/1,9/3,11/3,14/5,15/5,23/6,24/6,31/7,34/7,37/7,37/8,39/9,40/10,40/10,40/10,40/10,40/10,40/10,40/10,40/10,defend,2025
5/0,10/0,15/1,17/1,27/1,35/1,40/1,42/2,47/2,48/2,54/2,57/3,61/4,64/5,67/5,70/5,75/5,75/5,77/7,81/8,7/0,15/0,21/0,31/0,39/1,41/2,47/2,56/2,65/2,77/2,82/2,82/2,82/2,82/2,82/2,82/2,82/2,82/2,82/2,82/2,chased,2025
5/0,5/1,11/1,15/1,15/1,25/1,31/1,34/1,37/1,42/1,48/1,49/1,52/2,60/2,67/2,76/2,84/2,91/3,98/4,104/5,5/0,14/0,21/0,22/0,23/1,23/2,27/2,29/3,31/3,35/3,39/3,46/3,53/4,58/4,70/4,77/4,83/5,90/6,98/7,101/7,defend,2025
5/0,13/0,24/0,27/0,29/0,33/0,38/1,47/1,52/1,62/1,66/1,74/1,78/1,83/1,86/1,90/1,98/1,104/1,112/2,120/4,4/0,5/0,9/0,14/0,21/0,35/0,38/0,40/0,43/1,48/1,52/1,58/2,64/3,70/3,75/5,84/5,90/6,95/6,101/7,107/8,defend,2025
5/0,16/0,26/0,27/1,39/2,45/2,49/4,57/5,65/6,65/7,69/7,71/7,71/8,71/10,71/10,71/10,71/10,71/10,71/10,71/10,4/0,10/0,18/0,23/1,28/1,35/2,43/3,48/4,60/4,73/4,73/4,73/4,73/4,73/4,73/4,73/4,73/4,73/4,73/4,73/4,chased,2025
5/0,7/0,13/1,18/1,20/1,22/1,23/2,27/2,31/3,34/3,39/4,40/4,43/4,48/4,52/4,55/4,63/4,73/4,78/5,82/6,3/0,6/2,7/3,13/3,19/3,24/3,29/4,32/4,40/4,42/4,45/4,52/4,59/4,64/5,69/5,74/5,77/6,79/6,82/6,84/6,chased,2025
5/0,10/0,12/0,25/0,27/1,32/1,38/1,46/1,51/1,57/1,61/1,70/1,74/2,80/2,86/2,89/3,96/3,105/3,109/4,117/4,2/0,6/0,8/0,13/1,15/1,21/1,22/1,25/1,30/1,36/1,50/1,52/2,65/3,68/3,84/3,93/3,98/5,100/6,105/6,113/7,defend,2025
5/0,5/2,10/2,14/3,18/3,19/4,21/4,23/5,24/5,29/5,30/5,36/5,40/5,41/6,43/6,46/6,48/6,51/7,54/8,55/10,9/0,10/1,18/1,26/1,32/1,40/1,46/1,50/1,58/2,58/2,58/2,58/2,58/2,58/2,58/2,58/2,58/2,58/2,58/2,58/2,chased,2025
5/0,10/0,13/0,19/0,22/0,34/0,43/0,51/0,63/0,68/0,76/0,84/0,93/0,113/0,116/1,118/1,126/1,137/1,140/2,153/3,3/2,8/2,15/2,18/2,23/2,24/3,29/3,32/3,38/3,40/4,44/4,46/5,54/5,60/5,63/7,73/7,85/7,100/7,110/7,125/7,defend,2025
5/0,7/1,16/1,27/1,34/2,40/2,48/3,62/3,67/4,74/4,79/5,83/5,86/5,98/5,109/5,124/5,139/6,143/7,155/7,175/7,3/0,8/1,18/1,29/1,36/1,48/1,56/1,65/1,69/1,75/1,86/1,94/2,99/2,102/3,112/4,121/4,132/5,142/7,151/7,160/7,defend,2025
5/0,13/0,14/1,21/1,30/2,36/2,41/3,47/3,54/3,57/4,65/4,70/4,83/4,89/4,94/4,97/5,103/6,106/9,109/9,115/9,1/0,10/1,15/1,15/1,17/1,18/3,19/3,26/3,34/3,39/4,42/4,46/4,46/5,52/6,58/6,64/7,65/8,70/8,74/9,76/10,defend,2024
5/0,7/0,13/0,18/0,24/0,29/1,39/1,48/1,49/3,61/3,63/4,70/5,78/6,84/6,88/6,93/6,103/6,107/7,114/7,125/8,5/2,9/2,22/2,28/2,41/2,44/2,48/4,50/5,54/5,57/5,61/5,62/5,63/7,66/7,70/7,75/7,80/7,84/8,89/8,98/8,defend,2024
5/0,17/0,20/0,29/1,37/1,47/1,60/1,66/1,76/2,84/2,95/2,104/2,116/2,125/2,136/2,150/2,153/3,161/3,174/3,188/3,4/0,4/0,9/0,9/2,11/2,17/2,24/3,34/3,35/4,40/4,44/4,45/5,47/5,47/9,48/9,53/9,62/10,62/10,62/10,62/10,defend,2024
5/0,8/0,10/0,12/1,16/1,19/1,26/1,33/1,38/1,42/1,49/1,53/1,63/1,66/2,69/2,75/2,78/2,86/2,93/2,101/3,0/0,2/1,7/1,10/1,10/1,16/1,19/1,22/3,27/3,29/4,39/4,45/4,52/4,54/4,56/4,61/4,65/4,73/5,76/6,85/7,defend,2024
5/0,8/0,18/0,20/0,24/1,33/1,38/1,40/1,45/2,51/2,56/2,60/3,70/3,74/4,79/5,83/5,88/5,99/5,107/5,122/5,7/1,14/1,15/1,18/1,24/1,29/1,30/1,31/2,35/3,38/4,40/4,40/5,44/5,46/8,49/8,51/9,55/10,55/10,55/10,55/10,defend,2024
5/0,20/1,24/1,30/1,37/1,44/1,48/1,53/1,61/1,66/2,67/3,70/3,76/4,76/6,77/7,83/7,90/7,96/7,97/9,105/9,8/0,13/0,22/0,33/0,44/0,52/1,54/1,60/1,63/3,68/3,73/4,75/4,78/4,85/4,89/4,102/4,106/4,106/4,106/4,106/4,chased,2024
5/0,7/0,9/1,14/1,16/1,24/1,28/1,37/1,44/1,53/1,55/1,62/2,64/3,68/3,72/4,75/4,76/5,79/7,84/8,88/9,7/0,12/0,21/0,29/0,42/0,53/0,62/0,67/0,71/0,75/0,82/0,86/1,89/1,89/1,89/1,89/1,89/1,89/1,89/1,89/1,chased,2024
5/0,13/0,21/0,25/1,30/1,33/1,38/1,46/1,51/1,53/2,58/2,69/2,74/2,81/2,88/2,94/3,102/4,110/4,116/4,121/7,5/0,12/0,21/0,27/1,38/1,44/1,48/1,54/1,63/1,72/1,75/1,84/1,88/2,93/2,99/3,102/3,110/3,120/3,124/3,124/3,chased,2024
5/0,9/1,13/1,20/1,27/1,41/1,50/1,56/1,65/1,71/2,85/2,91/2,106/2,111/2,116/2,128/2,134/2,153/2,173/2,184/4,1/1,7/1,12/1,15/2,17/2,21/3,25/4,26/4,29/4,31/4,32/5,33/5,33/5,33/6,36/6,37/7,38/9,39/9,40/9,40/10,defend,2024
5/0,7/0,12/0,18/0,19/0,24/0,29/1,36/1,39/2,44/2,52/2,59/3,65/3,73/3,78/4,82/5,87/6,91/7,98/7,103/8,9/0,17/0,26/0,31/0,34/0,42/0,46/0,59/0,69/0,79/0,84/0,91/0,96/0,103/0,107/0,107/0,107/0,107/0,107/0,107/0,chased,2024
5/0,10/0,17/0,21/1,30/1,34/1,47/1,57/2,62/2,71/2,77/2,86/2,93/2,100/2,107/2,112/3,117/5,124/5,133/5,136/5,1/1,1/3,4/3,4/3,5/3,6/3,9/3,14/4,20/4,26/5,27/5,34/5,36/7,42/7,44/7,45/8,48/10,48/10,48/10,48/10,defend,2024
5/0,16/0,27/0,34/0,41/0,50/0,56/0,62/0,70/0,74/1,82/1,89/2,94/2,100/2,106/2,112/2,119/2,130/3,142/3,152/3,0/1,1/2,1/2,6/2,10/2,12/2,20/2,22/2,25/4,26/5,36/5,36/5,36/5,40/6,43/7,45/7,47/7,50/7,52/8,52/8,defend,2024
5/0,12/0,20/0,25/0,26/1,35/1,38/1,42/1,49/1,55/1,60/1,68/2,72/3,77/3,86/3,91/4,97/4,103/6,112/6,119/7,6/0,12/0,14/1,19/1,28/1,31/2,34/2,38/2,46/2,49/3,59/3,65/3,68/4,70/4,72/5,78/5,82/5,89/6,94/7,103/7,defend,2024
5/0,10/0,18/0,24/0,30/0,41/0,51/0,61/0,71/0,78/0,83/0,93/0,98/2,107/2,113/2,126/2,133/3,146/3,158/3,172/3,3/1,5/2,6/3,15/3,21/3,28/3,40/3,43/4,46/4,54/4,56/4,58/6,61/7,64/7,69/8,72/8,82/8,86/8,88/9,90/10,defend,2024
5/0,7/0,14/0,16/0,25/0,29/0,34/0,38/1,46/1,49/1,51/2,53/2,64/2,71/2,76/3,82/4,89/5,94/6,103/6,109/6,12/0,15/0,18/0,36/0,51/0,66/0,77/0,89/0,100/0,113/0,113/0,113/0,113/0,113/0,113/0,113/0,113/0,113/0,113/0,113/0,chased,2024
5/0,7/0,10/0,16/0,23/0,32/0,41/0,48/0,50/1,54/1,63/1,69/2,81/3,93/3,98/4,102/5,104/7,113/7,122/7,128/9,4/0,8/0,16/1,20/1,22/2,25/2,28/2,31/2,42/3,48/3,52/4,54/4,61/4,65/5,72/5,95/5,96/6,106/7,114/7,120/8,defend,2024
5/0,6/0,22/0,24/0,32/0,44/0,50/0,59/1,67/1,78/1,92/1,101/1,114/1,118/1,131/1,145/1,159/2,177/2,183/2,189/4,8/0,18/0,28/0,43/0,54/0,61/1,66/1,74/1,86/1,87/2,90/3,99/3,103/3,110/3,125/3,131/3,143/3,151/3,169/3,177/4,defend,2024
5/0,14/0,16/2,18/2,32/2,47/2,57/2,60/3,69/3,74/3,81/3,91/3,95/3,104/3,110/4,123/4,133/4,147/5,163/5,180/6,4/0,14/0,15/0,17/1,21/1,21/2,23/2,28/2,33/2,39/2,42/3,44/3,50/4,56/4,60/4,68/4,71/4,78/4,86/4,90/6,defend,2024
5/0,11/0,12/0,23/1,29/1,34/2,42/2,44/2,52/2,64/2,67/3,81/3,85/3,91/3,100/3,105/3,112/3,119/4,128/4,141/4,4/0,9/0,11/0,14/0,15/0,17/0,23/1,27/1,33/1,39/1,40/2,42/2,46/3,57/3,62/4,70/4,72/5,74/7,75/7,87/7,defend,2024
5/0,10/1,12/2,16/2,16/2,19/2,19/3,22/4,24/5,27/6,31/7,32/7,35/7,36/8,40/8,42/9,43/9,45/9,45/10,45/10,3/0,8/0,11/0,14/0,20/0,22/0,22/0,22/0,22/0,22/0,22/0,22/0,22/0,22/0,22/0,22/0,22/0,22/0,22/0,22/0,chased,2024
5/0,8/0,18/0,23/0,28/0,39/0,43/0,52/0,62/1,72/1,79/1,83/1,89/1,101/1,102/1,109/1,117/1,122/1,133/1,142/1,3/0,9/0,12/1,16/1,16/1,20/1,23/1,24/1,28/1,28/2,29/3,30/4,34/5,34/7,38/7,39/8,43/8,47/8,56/9,56/10,defend,2024
5/0,18/1,20/1,31/1,37/1,46/2,60/2,72/2,88/2,94/2,103/2,116/2,118/3,131/3,133/4,143/5,145/7,149/8,157/10,157/10,1/0,3/0,4/0,7/1,10/2,13/2,15/2,19/3,21/4,24/4,27/5,33/5,37/6,40/6,47/6,50/6,51/8,53/9,53/9,53/10,defend,2024
5/0,13/0,17/1,23/1,36/1,40/1,47/2,51/2,58/2,61/3,63/4,72/4,80/4,83/5,90/5,94/7,100/8,103/8,107/8,116/8,1/0,7/0,11/0,12/1,12/1,13/2,16/3,18/3,19/3,22/4,25/4,33/5,42/5,49/7,53/8,55/8,58/8,62/8,63/8,68/9,defend,2024
5/0,15/0,21/2,24/2,34/2,37/2,40/2,41/3,43/3,47/3,53/3,64/3,71/3,77/3,80/3,94/3,103/3,106/4,112/4,132/4,0/1,1/1,6/2,10/2,15/3,18/3,20/3,24/4,30/4,40/4,43/4,46/4,50/5,62/5,73/5,79/5,83/5,89/5,103/5,122/5,defend,2024
5/0,9/1,12/1,22/1,29/1,34/1,44/1,50/1,53/1,60/1,72/1,81/1,84/2,94/2,99/2,109/3,113/4,126/4,136/4,145/5,8/0,14/2,24/2,29/2,30/2,39/2,45/2,49/2,56/2,66/2,69/2,73/2,78/2,90/2,96/2,105/2,117/2,127/2,133/3,148/5,chased,2024
5/0,15/0,26/0,33/0,46/0,53/0,57/0,59/1,65/1,67/1,77/1,84/1,88/3,91/4,98/4,103/4,105/6,110/6,120/6,126/7,2/0,14/0,27/0,34/0,36/0,40/0,44/0,55/0,59/1,64/1,68/1,73/1,75/2,81/3,88/3,99/4,108/4,120/4,125/5,129/6,chased,2024
5/0,14/0,19/0,22/1,33/1,38/1,52/1,60/1,72/1,85/1,99/1,103/1,120/1,123/1,132/1,148/1,160/1,177/1,184/2,206/2,3/2,9/2,17/2,26/2,29/2,34/3,41/4,46/5,51/6,52/6,55/6,60/7,65/9,68/10,68/10,68/10,68/10,68/10,68/10,68/10,defend,2024
5/0,15/0,18/0,19/0,25/0,27/0,37/0,50/0,52/1,57/1,62/1,65/1,71/1,76/1,84/1,88/1,97/2,103/2,110/3,126/6,6/0,7/0,14/0,17/0,18/0,21/0,25/1,27/1,36/1,47/1,52/1,54/3,56/3,66/3,75/3,80/3,86/3,88/4,92/5,98/5,defend,2024
5/0,8/0,12/0,16/0,18/1,20/2,24/3,27/3,34/3,36/4,38/5,45/5,50/5,53/5,58/5,61/5,62/5,64/6,66/6,71/7,4/0,5/1,11/1,18/1,20/2,22/3,27/4,31/4,36/4,37/4,46/4,46/5,50/5,51/6,51/6,54/7,56/8,57/9,66/9,67/10,defend,2024
5/0,18/0,30/0,38/0,39/0,50/0,51/1,63/1,75/1,84/1,95/1,106/1,125/1,132/2,139/2,155/2,160/3,169/3,182/3,195/4,2/0,8/1,20/1,29/1,32/1,35/1,46/2,64/2,74/2,83/3,92/3,97/3,107/3,113/4,126/5,129/6,135/6,139/6,142/7,146/7,defend,2024
5/0,9/0,11/0,16/0,17/1,19/2,27/2,31/2,32/2,37/3,40/3,44/3,46/3,51/3,56/3,62/4,66/4,69/4,76/4,81/6,2/0,8/0,13/0,19/1,21/1,22/2,27/2,30/3,31/4,40/4,43/4,48/4,50/4,54/4,67/4,71/4,82/4,82/4,82/4,82/4,chased,2024
5/0,9/1,13/1,19/2,27/2,33/2,38/2,44/2,52/2,58/2,64/2,71/2,82/2,87/2,95/2,101/2,108/3,114/3,117/4,126/5,2/1,8/1,13/1,17/1,20/1,31/1,36/1,40/2,49/2,51/2,55/2,68/2,76/2,86/2,87/4,92/4,97/5,110/5,115/7,118/7,defend,2024
5/0,8/1,14/1,18/1,24/1,27/1,32/1,39/1,46/1,50/1,58/1,64/1,67/3,74/3,79/3,84/3,96/3,97/4,107/4,110/6,8/0,11/1,18/1,18/1,26/2,27/2,31/2,36/2,41/3,47/3,53/3,64/3,74/3,84/3,96/3,109/3,111/3,111/3,111/3,111/3,chased,2024
5/0,12/0,18/0,25/0,36/1,36/1,41/1,53/1,66/1,73/1,79/1,83/2,92/2,103/2,110/3,118/3,122/3,134/4,144/4,156/6,4/0,6/0,8/0,13/0,17/1,22/1,31/1,40/1,46/2,52/2,55/3,59/3,73/3,88/3,98/3,104/3,114/4,122/6,130/6,137/6,defend,2023
5/0,6/0,14/0,17/0,25/0,37/1,42/1,47/1,54/2,60/2,72/2,79/2,88/2,92/2,103/2,117/2,126/2,144/2,155/2,167/2,7/0,11/1,18/1,23/2,24/2,25/2,27/3,30/3,36/3,39/3,56/3,63/3,67/3,79/3,81/3,87/3,96/3,101/4,109/4,111/4,defend,2023
5/0,10/0,14/1,14/2,23/2,35/2,46/2,52/2,57/2,64/2,67/2,70/2,78/2,81/3,86/3,92/4,94/5,102/5,109/5,120/6,4/0,7/0,11/0,24/0,26/1,28/1,34/1,36/1,39/1,39/2,42/3,46/3,52/4,54/7,58/7,63/8,66/9,68/9,70/10,70/10,defend,2023
5/0,15/0,17/1,18/1,34/1,47/1,53/1,58/1,69/2,71/2,74/2,77/2,88/2,93/2,103/2,109/3,114/5,124/6,133/6,145/6,3/0,7/1,10/1,21/1,24/2,38/2,41/2,45/2,52/2,63/2,74/2,78/3,83/3,94/3,99/3,105/3,111/3,121/3,138/3,146/4,chased,2023
5/0,7/0,16/0,22/1,36/1,40/1,44/2,46/2,56/2,59/3,63/3,74/3,80/3,83/3,89/3,98/3,105/3,122/3,134/3,158/3,2/0,3/1,6/1,14/1,22/1,32/1,36/2,40/2,49/2,52/3,57/3,62/3,70/3,77/3,82/3,87/4,97/5,103/5,106/6,114/7,defend,2023
5/0,15/0,16/0,23/0,25/0,30/0,32/1,39/1,45/1,48/1,51/1,59/1,61/1,66/1,67/2,70/2,76/2,83/3,86/4,97/5,2/0,9/0,9/0,14/0,28/0,30/0,33/1,39/1,43/1,48/1,55/1,64/2,66/2,72/2,81/2,88/3,96/3,103/3,103/3,103/3,chased,2023
5/0,7/0,17/0,27/0,32/1,38/1,48/1,60/1,76/1,78/2,82/2,84/2,91/3,96/3,108/3,112/3,117/3,121/4,130/5,148/6,6/0,17/0,25/0,33/1,42/2,46/3,48/3,49/5,54/6,61/6,63/7,68/7,71/7,76/7,76/9,82/10,82/10,82/10,82/10,82/10,defend,2023
5/0,12/1,19/1,25/1,28/2,33/2,39/2,43/3,53/3,61/5,61/5,61/5,61/5,61/5,61/5,61/5,61/5,61/5,61/5,61/5,4/1,8/1,13/1,18/1,24/2,27/4,38/4,41/6,43/6,46/8,46/8,46/8,46/8,46/8,46/8,46/8,46/8,46/8,46/8,46/8,defend,2023
5/0,7/0,8/0,10/0,14/0,16/1,20/1,25/1,29/1,33/1,33/2,38/2,39/4,47/4,55/4,60/4,63/5,67/5,76/5,85/5,2/1,5/1,8/2,11/2,12/2,15/3,21/3,22/3,25/4,29/4,37/4,40/4,42/4,43/4,47/4,53/4,61/4,74/6,75/7,78/8,defend,2023
5/0,8/1,17/1,21/1,27/1,29/1,41/1,45/1,54/1,69/1,74/1,81/2,89/2,98/2,106/2,117/2,131/2,142/2,156/2,167/2,1/0,4/0,11/1,19/1,20/2,21/2,27/3,31/3,40/3,44/3,46/3,48/4,51/5,54/5,57/6,58/7,60/7,60/7,63/9,67/10,defend,2023
5/0,15/0,25/0,42/0,44/0,59/0,63/0,66/2,72/2,78/2,82/3,94/3,102/3,113/3,120/3,124/3,128/3,137/3,143/3,152/3,12/0,17/0,20/0,22/0,28/0,33/0,41/0,47/0,52/0,59/0,67/2,73/3,75/4,77/4,83/4,83/5,87/5,95/6,100/7,104/8,defend,2023
5/0,5/0,6/2,13/2,14/3,23/3,25/3,29/5,31/5,31/5,33/6,35/6,36/6,37/7,41/7,45/7,48/8,52/8,56/8,62/8,1/0,5/0,10/0,12/0,25/0,28/1,37/1,45/1,51/2,56/3,63/3,63/3,63/3,63/3,63/3,63/3,63/3,63/3,63/3,63/3,chased,2023
5/0,13/0,23/1,39/3,42/3,54/3,59/3,67/3,76/3,78/3,83/3,87/3,95/3,103/3,111/4,118/4,123/4,141/4,152/4,156/5,0/0,5/1,11/1,12/4,13/4,14/5,17/7,29/7,30/7,30/7,30/7,32/8,35/8,36/8,38/10,38/10,38/10,38/10,38/10,38/10,defend,2023
5/0,17/0,25/0,35/0,46/1,51/1,54/2,61/2,67/3,75/3,89/3,96/3,108/4,114/4,122/4,128/4,135/5,145/5,157/5,162/5,0/0,2/0,2/1,5/1,10/1,14/1,16/1,18/1,25/1,36/1,36/2,36/4,38/5,40/6,43/7,44/9,45/9,47/10,47/10,47/10,defend,2023
5/0,8/0,13/2,18/2,21/2,23/2,25/2,27/3,32/3,35/3,44/3,48/4,53/4,55/5,59/5,62/5,64/5,73/5,77/7,82/10,3/0,9/0,12/0,23/0,28/0,31/0,37/0,43/0,48/1,58/1,60/1,62/1,66/1,77/1,84/1,84/1,84/1,84/1,84/1,84/1,chased,2023
5/0,6/0,10/0,18/0,25/0,34/0,37/0,38/1,43/1,44/2,45/2,58/2,64/3,68/4,73/4,80/4,86/4,93/5,94/6,102/7,5/0,9/0,17/0,24/0,26/1,32/1,37/1,44/2,46/2,50/2,54/2,56/2,60/3,64/3,65/3,74/4,78/5,83/5,86/6,91/8,defend,2023
5/0,12/0,17/0,25/1,30/1,35/1,44/1,51/1,68/1,75/2,92/2,94/3,97/3,105/3,115/3,117/5,124/5,136/5,147/6,154/8,7/1,20/1,21/3,34/3,38/4,41/4,47/4,55/5,57/5,66/5,77/5,91/5,100/6,110/6,112/7,119/7,134/7,146/7,157/7,157/7,chased,2022
5/0,12/1,24/1,38/1,39/1,50/1,63/1,68/1,76/2,78/3,82/3,84/3,92/4,95/4,104/4,117/4,125/4,137/4,144/4,162/4,1/1,10/1,11/2,16/2,19/4,20/4,25/4,31/4,32/5,34/5,39/5,41/5,44/5,45/6,50/7,54/7,57/7,59/8,61/8,62/8,defend,2022
5/0,10/1,15/2,24/2,32/2,41/2,46/3,48/3,53/4,57/5,61/5,65/6,69/6,77/6,83/6,92/6,98/6,100/7,105/9,110/9,3/0,19/0,33/0,46/0,54/1,63/2,72/2,79/2,87/2,95/2,104/2,111/2,111/2,111/2,111/2,111/2,111/2,111/2,111/2,111/2,chased,2022
5/0,6/0,17/0,21/1,22/2,25/2,27/3,27/4,32/4,37/4,43/6,48/7,54/7,56/7,57/8,68/8,71/8,73/9,73/10,73/10,7/0,16/0,18/0,19/0,28/0,29/0,37/0,45/0,47/0,53/0,62/0,68/0,70/1,74/1,74/1,74/1,74/1,74/1,74/1,74/1,chased,2022
5/0,10/0,10/1,10/2,12/2,15/2,17/3,18/4,19/4,21/4,25/5,26/6,30/6,31/6,37/6,39/7,41/10,41/10,41/10,41/10,7/0,12/0,16/0,23/0,31/1,39/1,45/1,45/1,45/1,45/1,45/1,45/1,45/1,45/1,45/1,45/1,45/1,45/1,45/1,45/1,chased,2022
5/0,7/1,12/1,25/1,35/2,39/2,42/2,57/2,70/2,82/2,91/2,104/2,117/2,130/2,143/2,149/2,157/2,165/2,175/3,182/4,2/1,10/1,21/1,27/2,32/2,42/2,55/2,61/2,63/3,66/3,70/4,74/4,82/4,87/4,91/5,94/6,99/6,106/6,110/7,119/7,defend,2022
5/0,15/0,27/0,27/0,30/1,42/1,50/1,57/1,60/1,62/1,68/2,73/2,77/2,85/2,90/2,94/2,99/3,104/3,113/3,119/4,5/0,15/1,23/1,28/1,33/2,35/3,37/4,37/6,39/7,42/7,47/8,47/8,51/8,58/8,61/9,62/10,62/10,62/10,62/10,62/10,defend,2022
5/0,10/0,16/0,19/2,24/2,32/2,40/2,48/2,56/2,58/3,66/4,71/4,77/4,81/4,85/5,96/5,106/6,114/6,118/6,138/6,1/0,1/1,8/1,13/1,21/1,25/1,28/3,28/3,35/3,41/3,46/3,53/3,55/4,58/4,61/4,71/4,79/4,86/5,92/5,104/5,defend,2022
5/0,8/0,17/0,18/1,22/1,22/1,29/2,38/2,39/3,41/4,45/4,58/4,60/5,61/5,65/6,70/6,82/6,93/6,98/6,109/6,10/0,15/0,28/1,36/1,42/1,42/1,47/1,61/1,64/1,71/1,82/2,84/2,89/2,98/3,106/3,112/3,112/3,112/3,112/3,112/3,chased,2022
5/0,12/0,14/0,18/1,21/2,28/2,37/2,40/3,41/3,46/4,49/5,52/5,61/5,66/5,70/5,75/5,83/5,89/5,94/6,99/7,2/1,6/2,6/2,13/3,16/4,18/5,18/6,22/6,25/7,26/8,29/10,29/10,29/10,29/10,29/10,29/10,29/10,29/10,29/10,29/10,defend,2022
5/0,7/0,16/0,18/0,35/1,40/2,46/2,47/3,50/3,55/3,62/3,72/3,75/3,83/3,99/3,102/3,111/3,121/4,130/5,133/6,8/0,15/1,24/1,36/1,39/2,42/2,45/2,49/2,59/2,70/2,74/2,86/2,101/2,109/2,120/2,129/2,137/2,137/2,137/2,137/2,chased,2022
5/0,13/1,16/1,16/2,21/2,25/2,27/3,32/3,34/3,37/3,37/4,39/4,42/6,45/7,52/7,63/7,69/7,73/8,74/9,77/10,8/0,10/1,21/1,27/1,32/1,33/1,40/1,48/2,53/2,58/2,64/2,70/3,78/4,78/4,78/4,78/4,78/4,78/4,78/4,78/4,chased,2022
5/0,16/0,17/1,23/1,27/1,34/1,34/2,37/2,41/3,45/3,47/3,49/3,53/3,62/3,67/4,68/5,74/6,77/7,81/8,93/9,3/0,6/1,11/1,11/3,14/3,20/4,24/4,30/4,33/4,40/4,44/4,48/4,50/4,57/4,60/5,73/5,80/5,83/5,94/5,94/5,chased,2022
5/0,15/0,21/0,26/0,38/0,45/0,49/0,56/0,65/1,70/1,76/1,80/2,89/2,95/2,105/2,110/2,125/2,135/2,147/3,156/5,4/0,11/0,13/0,20/1,30/1,37/1,41/2,42/2,44/2,49/2,52/2,63/2,70/2,77/3,82/4,84/4,89/5,96/5,102/5,107/5,defend,2022
5/0,10/1,16/1,19/1,25/1,32/1,33/2,35/2,39/2,42/2,46/2,49/2,61/2,65/2,71/2,77/3,82/3,85/3,90/4,108/4,0/0,5/0,9/0,11/0,17/0,22/0,29/1,33/1,40/2,44/2,48/2,52/2,55/3,59/4,62/4,67/5,76/5,82/5,86/7,89/8,defend,2022
5/0,10/0,16/0,25/0,28/1,33/3,39/3,45/3,53/3,61/3,64/3,79/3,89/3,98/3,107/3,111/4,117/4,124/5,129/5,137/6,5/0,15/0,23/0,28/1,29/1,30/2,32/2,40/2,46/2,50/3,59/3,65/4,70/5,77/5,90/5,91/6,95/7,110/8,120/9,124/10,defend,2022
5/0,11/1,12/2,14/2,15/3,23/3,28/3,32/3,38/3,41/3,42/3,50/4,54/5,61/5,66/6,75/6,87/6,92/7,97/7,105/7,5/0,8/0,12/3,19/3,21/3,23/4,31/5,33/6,33/7,33/10,33/10,33/10,33/10,33/10,33/10,33/10,33/10,33/10,33/10,33/10,defend,2022
5/0,7/0,17/0,26/0,32/0,41/0,56/0,66/0,70/1,81/1,92/1,98/2,103/2,108/2,112/2,119/2,125/2,130/2,137/2,142/2,9/0,19/0,26/0,32/0,42/0,49/0,54/0,62/0,66/1,77/1,83/1,90/1,95/1,101/1,109/1,114/1,120/1,129/2,137/2,139/4,defend,2022
5/0,6/1,10/2,18/2,25/2,30/2,34/2,36/2,37/2,41/2,47/2,57/2,70/2,81/2,87/4,93/6,97/7,103/7,107/7,115/7,3/1,12/1,13/1,21/1,23/1,23/1,28/1,34/1,38/2,43/2,47/2,52/2,54/3,62/3,66/3,68/3,72/5,74/7,79/7,80/8,defend,2022
5/0,7/1,10/2,19/2,23/3,27/3,32/3,38/4,43/4,46/4,53/4,60/4,67/6,67/6,69/6,71/6,79/6,89/7,92/7,105/7,3/0,6/0,24/0,33/0,41/1,51/1,60/1,71/1,78/1,85/2,88/2,98/2,106/2,106/2,106/2,106/2,106/2,106/2,106/2,106/2,chased,2022
5/0,11/0,15/0,26/0,35/0,39/1,43/1,46/1,49/2,57/2,62/2,74/2,82/3,92/3,110/3,115/3,118/5,125/5,130/5,141/6,7/0,21/0,22/1,24/2,29/2,38/3,40/3,45/3,50/4,52/5,59/5,66/5,75/5,78/6,83/7,91/7,97/7,107/7,119/7,125/8,defend,2022
5/0,8/0,14/0,16/0,23/1,29/1,38/1,40/1,43/2,46/2,49/2,58/2,64/2,72/2,81/3,85/3,93/3,97/4,104/5,113/5,8/1,16/1,24/1,32/1,41/1,46/1,46/1,52/1,57/1,62/1,67/1,70/3,72/3,80/3,85/3,93/3,104/3,105/5,108/5,116/5,chased,2022
5/0,11/0,21/0,26/0,33/0,41/0,43/1,45/1,48/2,50/2,56/2,59/3,59/4,67/4,74/4,77/4,80/4,89/4,100/4,107/4,2/0,9/0,16/1,27/1,28/1,33/1,40/1,44/1,53/2,59/2,62/4,66/4,70/4,76/4,88/4,100/4,112/4,112/4,112/4,112/4,chased,2022
5/0,7/0,8/0,15/0,18/1,22/1,25/1,30/1,36/1,43/2,51/2,67/2,73/3,80/3,84/3,93/3,105/4,113/4,126/4,133/5,0/0,4/0,7/1,12/3,16/3,20/4,26/4,27/4,36/4,37/4,43/4,47/4,55/5,63/5,79/5,89/5,97/5,106/5,112/5,115/7,defend,2021
5/0,7/1,10/1,15/2,22/2,33/2,36/2,38/3,38/4,38/4,48/5,53/5,58/5,62/6,64/6,69/7,78/8,83/8,94/8,96/10,4/0,6/0,15/0,25/0,35/0,42/0,47/0,53/0,60/1,66/1,71/3,76/3,83/3,84/3,91/3,99/3,99/3,99/3,99/3,99/3,chased,2021
5/0,12/0,14/0,17/1,28/2,29/2,41/2,49/2,55/2,63/2,78/2,84/4,85/4,94/4,98/6,106/6,108/7,110/7,119/7,123/9,5/0,12/0,19/1,30/1,38/2,43/2,47/2,61/2,66/2,71/2,77/2,82/2,89/2,98/2,104/2,113/3,122/3,124/4,124/4,124/4,chased,2021
5/0,6/1,8/1,8/1,14/1,15/2,17/3,21/3,25/3,31/3,40/4,47/4,51/4,61/4,68/5,73/6,89/6,95/6,100/7,112/7,18/0,24/0,32/0,45/0,64/0,71/0,80/0,90/0,99/1,101/1,114/1,114/1,114/1,114/1,114/1,114/1,114/1,114/1,114/1,114/1,chased,2021
5/0,10/1,16/1,17/1,20/1,22/2,25/2,34/2,35/3,41/3,47/3,53/4,58/4,63/4,68/4,70/6,72/6,78/6,83/7,87/9,5/0,6/1,7/1,9/1,9/1,12/2,14/2,20/2,25/2,29/2,31/4,38/5,41/5,42/6,47/6,48/7,60/7,65/7,75/8,76/10,defend,2021
5/0,8/0,26/0,34/0,36/0,37/2,41/2,46/3,47/4,51/4,57/4,62/5,66/5,73/5,74/6,79/6,83/6,91/6,94/6,101/6,2/1,2/3,2/4,4/4,10/4,15/4,17/4,18/5,19/5,20/5,24/5,27/5,31/5,33/5,36/6,42/6,45/6,47/7,53/7,58/8,defend,2021
5/0,11/0,15/0,27/0,28/1,32/1,38/1,44/2,48/3,59/3,60/4,67/4,70/5,76/5,82/5,94/5,106/5,119/5,126/5,134/5,8/1,16/1,23/1,24/1,35/1,40/2,46/2,52/2,55/2,60/3,64/3,67/3,73/3,77/3,81/3,84/4,88/4,99/4,102/5,107/7,defend,2021
5/0,7/0,14/0,14/1,18/1,27/1,36/1,44/2,47/2,55/2,64/3,66/3,68/4,70/4,70/6,76/6,87/6,90/6,98/8,102/9,11/0,12/0,16/0,24/1,30/2,35/2,41/2,45/2,58/3,65/3,70/3,76/3,82/3,87/4,97/5,102/5,103/5,103/5,103/5,103/5,chased,2021
5/0,9/1,14/2,17/2,24/2,32/2,38/3,44/3,49/3,59/3,65/4,73/4,80/4,95/4,102/4,108/4,112/4,119/4,131/4,138/6,9/0,11/0,11/0,12/2,14/2,19/2,20/3,24/3,27/3,34/5,43/5,45/5,47/7,52/7,54/9,55/10,55/10,55/10,55/10,55/10,defend,2021
5/0,7/0,8/0,18/0,37/0,37/0,44/0,45/0,50/0,58/0,69/0,76/2,81/2,85/2,101/3,104/3,115/3,121/3,128/4,133/4,7/0,9/0,13/0,15/0,19/0,23/1,28/1,31/2,35/2,42/2,45/2,50/3,58/3,69/3,80/4,86/4,96/4,102/6,110/8,120/9,defend,2021
5/0,11/0,11/0,14/0,23/0,26/0,30/1,31/1,33/2,34/2,36/2,36/2,38/3,42/3,49/3,51/4,52/5,55/5,58/6,61/6,2/0,9/0,20/0,31/0,40/1,48/1,52/1,56/1,64/2,64/2,64/2,64/2,64/2,64/2,64/2,64/2,64/2,64/2,64/2,64/2,chased,2021
5/0,6/1,8/1,12/1,12/2,16/2,16/2,19/3,23/3,24/5,24/6,25/6,25/7,26/7,27/7,27/10,27/10,27/10,27/10,27/10,2/1,12/1,25/1,28/1,28/1,28/1,28/1,28/1,28/1,28/1,28/1,28/1,28/1,28/1,28/1,28/1,28/1,28/1,28/1,28/1,chased,2021
5/0,8/1,19/1,34/1,47/1,54/1,62/1,66/1,79/1,87/1,95/1,96/3,99/3,102/3,110/3,118/3,130/4,135/4,142/4,146/5,1/2,3/2,6/2,9/2,9/4,11/5,14/5,14/6,24/6,25/6,27/7,27/10,27/10,27/10,27/10,27/10,27/10,27/10,27/10,27/10,defend,2021
5/0,15/0,24/1,33/1,46/1,49/1,54/1,60/1,68/1,75/2,80/2,90/3,93/4,96/5,100/5,105/6,111/6,114/7,121/7,133/8,12/0,13/1,18/1,22/1,28/1,30/2,33/2,34/2,39/3,46/3,55/3,65/3,71/3,77/3,79/4,86/4,94/5,100/5,118/5,130/6,defend,2020
5/0,9/0,11/0,14/0,23/0,33/0,36/1,40/1,43/2,55/2,60/2,65/2,67/3,69/5,75/6,81/6,86/8,90/9,91/10,91/10,5/0,10/0,17/1,18/1,19/2,23/2,26/2,28/2,29/2,31/3,37/3,40/4,43/5,49/5,51/6,54/7,58/8,62/9,67/9,74/10,defend,2020
5/0,16/0,17/1,25/2,30/2,36/2,42/2,47/2,59/2,68/3,73/3,81/4,85/4,95/5,99/6,104/7,109/7,121/7,127/9,128/10,8/0,15/0,25/0,47/0,56/1,60/1,63/1,65/2,72/2,75/2,85/2,94/2,107/2,111/2,118/2,126/2,129/2,129/2,129/2,129/2,chased,2020
5/0,12/0,14/0,21/0,33/0,39/0,53/0,61/0,69/0,78/0,91/0,96/0,102/0,110/0,119/0,128/0,143/0,160/0,170/0,191/0,1/2,7/3,10/4,14/5,18/5,25/5,26/7,31/7,41/8,43/8,48/8,53/9,53/10,53/10,53/10,53/10,53/10,53/10,53/10,53/10,defend,2020
5/1,7/1,17/1,20/1,28/1,37/1,40/1,49/2,56/2,61/2,65/2,66/2,71/2,83/2,88/2,89/3,101/3,105/6,108/6,115/7,4/1,8/1,17/1,28/1,30/2,31/2,34/2,35/2,38/2,42/2,59/2,69/2,75/2,82/2,85/3,89/3,91/5,97/5,107/5,114/6,defend,2026
5/1,12/2,18/2,21/2,30/2,31/2,38/2,52/2,62/2,66/2,76/2,86/2,99/2,107/2,117/2,125/3,133/4,139/5,143/7,165/8,7/1,15/1,18/1,26/1,30/1,37/1,40/1,43/1,50/1,61/1,67/2,73/2,82/2,85/3,91/4,102/4,106/5,109/5,117/7,126/8,defend,2026
5/1,6/1,9/1,16/1,16/1,22/1,25/1,35/1,36/2,44/2,49/2,52/4,62/4,71/4,73/5,77/5,79/6,82/6,94/6,98/8,7/1,14/1,19/1,20/2,28/2,31/2,38/2,43/2,47/3,47/4,50/4,56/4,60/4,70/4,76/5,77/6,83/6,90/6,95/7,100/7,chased,2026
5/1,8/1,17/2,18/3,24/3,31/3,35/4,38/5,51/5,54/6,61/7,63/7,68/7,70/8,72/9,77/9,81/9,84/9,90/9,90/10,2/0,6/0,7/2,11/2,12/2,25/2,27/3,34/3,44/3,52/4,56/4,58/4,65/4,76/4,84/4,93/4,93/4,93/4,93/4,93/4,chased,2026
5/1,12/1,16/1,20/3,25/3,27/4,29/4,30/6,34/6,35/6,36/6,37/7,37/9,38/10,38/10,38/10,38/10,38/10,38/10,38/10,12/0,15/0,37/0,39/0,39/0,39/0,39/0,39/0,39/0,39/0,39/0,39/0,39/0,39/0,39/0,39/0,39/0,39/0,39/0,39/0,chased,2026
5/1,10/1,13/2,17/2,27/2,31/3,39/3,47/3,53/3,56/4,61/4,65/4,70/4,77/4,83/4,86/5,92/7,99/7,101/9,105/9,1/1,3/1,3/1,4/1,6/1,8/2,8/2,8/4,10/4,11/5,14/5,17/5,17/6,17/7,18/7,20/8,26/8,27/8,29/9,29/10,defend,2025
5/1,9/1,14/3,16/3,19/3,30/4,36/4,44/5,52/5,57/5,62/5,72/5,77/5,92/6,99/6,106/6,114/6,123/6,126/8,132/8,1/1,5/1,8/2,10/2,14/2,17/3,20/3,26/4,29/4,33/5,33/5,36/7,45/7,45/8,52/8,53/9,56/10,56/10,56/10,56/10,defend,2025
5/1,14/1,20/1,33/1,41/1,45/1,50/1,59/2,63/2,69/2,79/2,82/3,92/4,101/4,111/4,122/5,134/5,141/6,147/6,156/7,0/1,3/1,3/2,5/2,9/4,11/4,18/4,29/4,34/4,36/5,40/6,41/7,42/8,44/9,44/9,44/9,44/9,44/9,44/9,44/9,defend,2025
5/1,9/2,17/2,17/3,26/3,33/4,37/5,44/5,48/5,56/5,68/5,73/5,73/5,73/5,73/5,73/5,73/5,73/5,73/5,73/5,9/0,16/0,24/0,31/0,43/1,44/2,53/2,56/2,62/2,74/2,74/2,74/2,74/2,74/2,74/2,74/2,74/2,74/2,74/2,74/2,chased,2025
5/1,17/1,26/1,36/1,41/1,42/1,50/1,58/1,66/2,69/2,74/2,79/2,83/3,92/3,102/3,113/3,118/4,123/4,128/5,135/7,8/0,11/0,16/1,26/3,29/4,34/4,37/6,42/6,48/7,51/7,55/7,59/7,62/8,67/8,71/8,78/8,79/9,84/9,84/10,84/10,defend,2025
5/1,12/1,22/1,25/1,32/2,35/2,37/2,47/2,51/3,54/3,56/4,61/5,65/5,66/5,70/6,72/6,80/7,87/8,88/9,93/9,4/0,4/0,10/0,15/0,21/0,26/0,38/0,47/0,61/0,72/0,80/0,94/0,94/0,94/0,94/0,94/0,94/0,94/0,94/0,94/0,chased,2025
5/1,7/1,7/2,22/2,23/2,23/3,24/4,25/4,28/4,37/4,39/4,43/4,49/4,52/4,56/4,62/4,63/6,73/7,79/8,81/9,1/0,6/1,7/1,9/1,14/1,21/1,28/1,35/1,42/1,47/1,55/1,61/2,73/3,79/3,82/3,82/3,82/3,82/3,82/3,82/3,chased,2025
5/1,10/1,18/1,27/1,36/1,37/1,41/1,45/1,57/1,62/2,65/2,67/2,68/2,77/2,84/2,93/2,101/2,105/2,118/2,126/2,5/0,14/0,14/2,16/2,24/2,28/2,35/2,41/2,45/2,54/2,61/2,66/2,73/3,79/3,86/4,90/5,95/6,103/6,114/7,118/9,defend,2025
5/1,14/1,22/1,36/1,36/1,52/1,59/2,72/2,80/2,95/2,100/3,109/3,116/3,123/3,141/3,149/3,159/3,174/3,180/3,196/3,3/0,6/0,8/0,13/0,14/0,18/0,23/0,26/0,29/0,36/0,40/0,46/1,50/1,52/1,58/2,67/5,72/6,80/6,81/8,89/9,defend,2025
5/1,9/2,17/2,23/3,43/3,50/3,57/3,60/3,69/3,77/3,84/3,89/3,98/3,111/3,121/3,141/3,150/4,166/4,175/4,183/5,2/0,8/0,14/1,19/2,21/4,22/5,23/6,23/7,24/7,27/7,29/7,30/7,30/8,33/8,37/9,38/9,46/9,47/9,47/10,47/10,defend,2025
5/1,9/1,10/2,21/2,22/2,29/3,32/4,37/4,46/4,50/4,63/4,69/4,76/5,79/5,84/5,95/5,102/5,119/5,125/5,136/6,1/0,9/0,16/1,18/1,27/1,33/1,38/1,45/2,54/2,65/3,76/3,84/3,87/3,95/3,103/3,113/3,120/3,128/4,138/5,138/5,chased,2024
5/1,13/1,19/1,24/1,29/1,47/1,53/1,62/3,65/3,68/3,70/3,76/3,79/4,89/4,96/5,98/5,100/6,113/7,125/8,141/8,7/1,9/1,18/1,26/1,34/1,50/1,58/1,63/1,66/3,69/3,80/3,84/3,94/3,98/3,102/3,107/3,113/3,125/4,137/4,142/4,chased,2024
5/1,14/1,18/1,24/1,34/1,48/1,51/1,58/1,67/1,70/1,76/1,82/2,85/2,89/2,95/3,103/3,108/3,121/3,131/3,141/4,1/1,1/1,3/1,4/2,14/2,16/2,24/3,32/4,35/4,36/5,38/7,38/9,39/9,39/10,39/10,39/10,39/10,39/10,39/10,39/10,defend,2024
5/1,16/1,17/2,22/2,28/2,36/3,37/5,41/6,47/7,54/8,54/8,54/8,54/8,54/8,54/8,54/8,54/8,54/8,54/8,54/8,6/0,9/1,22/1,28/1,35/1,53/1,57/1,57/1,57/1,57/1,57/1,57/1,57/1,57/1,57/1,57/1,57/1,57/1,57/1,57/1,chased,2024
5/1,8/1,13/2,16/3,18/3,21/3,22/3,29/3,36/3,40/3,44/3,52/3,56/4,61/4,74/4,78/5,84/5,87/7,97/9,100/9,6/0,17/0,20/0,30/0,34/1,35/2,42/2,48/3,55/3,57/3,60/3,62/3,67/3,70/3,76/3,89/3,95/3,102/3,102/3,102/3,chased,2024
5/1,11/2,11/4,13/5,21/5,31/5,42/5,55/5,59/5,64/5,66/6,70/6,81/6,85/6,98/6,103/7,104/8,106/8,113/8,122/8,3/0,9/0,11/1,16/1,23/1,24/4,26/4,28/4,32/4,33/4,33/5,37/6,38/6,41/7,45/8,49/9,56/9,57/10,57/10,57/10,defend,2024
5/1,13/1,15/1,18/1,22/1,28/2,29/3,31/4,33/5,41/5,48/5,57/5,58/5,65/5,74/5,76/5,78/6,83/6,90/7,100/7,2/0,5/1,5/2,9/3,11/3,14/5,14/6,26/6,27/7,28/7,34/7,35/7,42/7,43/7,47/7,49/8,57/8,62/8,68/9,68/10,defend,2024
5/1,6/1,9/1,12/1,25/1,30/1,38/1,48/1,53/1,56/1,64/2,71/2,74/2,76/2,78/4,84/6,86/7,95/7,97/8,103/9,2/0,9/1,14/1,24/1,25/2,25/2,31/2,38/2,41/2,45/2,49/2,57/2,65/2,66/2,70/2,78/2,84/2,92/4,99/5,106/5,chased,2023
5/1,6/1,7/1,9/1,11/1,18/1,19/1,24/2,27/2,30/2,35/2,41/2,51/2,52/3,54/3,55/3,57/6,58/7,68/7,74/7,6/0,15/0,20/0,30/0,39/0,44/0,47/1,50/1,61/1,70/1,75/1,75/1,75/1,75/1,75/1,75/1,75/1,75/1,75/1,75/1,chased,2023
5/1,7/1,7/1,7/1,7/1,7/1,7/1,7/1,7/1,7/1,7/1,7/1,7/1,7/1,7/1,7/1,7/1,7/1,7/1,7/1,0/0,0/0,0/0,0/0,0/0,0/0,0/0,0/0,0/0,0/0,0/0,0/0,0/0,0/0,0/0,0/0,0/0,0/0,0/0,0/0,unknown,2023
5/1,10/1,14/1,21/1,39/1,45/2,51/3,56/3,58/4,63/5,67/5,77/5,81/5,83/6,88/6,93/7,97/7,99/8,102/10,111/10,6/1,6/2,13/2,15/3,16/4,19/5,21/6,21/7,23/8,29/8,32/8,40/8,47/9,48/9,49/9,49/10,49/10,49/10,49/10,49/10,defend,2023
5/1,7/3,11/4,15/4,32/4,32/6,33/6,37/6,40/7,43/7,44/8,48/8,48/10,48/10,48/10,48/10,48/10,48/10,48/10,48/10,2/0,16/0,23/0,29/1,33/2,33/2,38/3,44/3,49/3,49/3,49/3,49/3,49/3,49/3,49/3,49/3,49/3,49/3,49/3,49/3,chased,2022
5/1,12/1,16/1,29/1,30/1,36/1,38/1,44/1,48/1,49/1,53/2,53/2,56/2,65/2,67/3,71/3,78/3,88/5,93/6,97/7,2/1,5/1,10/1,13/1,22/1,27/2,29/3,34/4,40/4,45/5,49/5,50/5,54/5,60/5,68/5,75/5,79/5,86/5,95/6,95/7,defend,2022
5/1,9/2,17/2,26/2,32/2,43/2,54/2,68/2,72/3,79/3,89/4,93/4,101/4,115/4,127/4,144/4,153/5,163/6,167/7,172/8,9/0,15/0,17/1,31/1,33/2,41/2,51/2,63/2,75/2,79/2,82/2,95/2,101/2,107/3,113/5,122/5,126/6,129/6,146/6,151/7,defend,2022
5/1,9/1,12/2,14/2,24/2,25/3,28/3,43/3,50/4,53/5,60/5,61/6,65/6,71/6,75/6,78/8,81/9,99/9,102/9,118/9,4/1,4/1,8/1,16/1,24/1,33/1,35/2,38/3,46/3,53/4,56/4,62/4,71/4,76/5,82/5,88/5,94/6,105/6,118/6,119/6,chased,2021
5/1,9/3,12/4,24/4,29/4,30/4,36/4,39/5,42/5,43/5,46/5,50/5,57/5,60/6,65/7,68/7,70/8,73/8,74/9,80/9,9/0,13/1,16/1,31/1,36/1,53/1,61/1,64/2,73/2,74/3,77/4,81/5,81/5,81/5,81/5,81/5,81/5,81/5,81/5,81/5,chased,2021
5/1,13/1,17/1,21/1,29/1,35/1,47/1,52/1,58/2,65/2,77/2,86/2,96/2,104/2,108/3,109/4,114/4,127/5,136/5,155/6,10/0,11/1,20/1,30/1,31/1,38/1,51/1,54/1,61/2,69/3,72/3,85/3,99/3,111/3,117/4,119/6,125/7,129/8,141/8,144/10,defend,2020
5/2,9/2,14/2,16/4,18/4,21/5,23/5,27/6,32/7,35/7,44/7,50/7,58/7,60/7,65/7,68/8,70/9,70/9,72/10,72/10,7/0,9/0,9/1,12/1,13/2,14/3,21/3,22/4,22/5,25/6,27/6,29/6,36/7,39/9,40/9,42/9,42/10,42/10,42/10,42/10,defend,2024
5/2,6/2,12/2,17/2,18/3,21/4,23/4,25/6,29/6,30/6,34/7,34/7,39/8,43/8,46/8,50/8,50/9,51/10,51/10,51/10,8/0,10/0,14/0,19/1,23/1,34/1,39/1,46/2,52/2,52/2,52/2,52/2,52/2,52/2,52/2,52/2,52/2,52/2,52/2,52/2,chased,2023
6/0,15/0,23/0,32/0,46/0,51/0,69/0,82/0,86/0,101/0,113/0,122/0,132/0,138/1,146/1,160/1,168/1,175/1,193/1,219/1,9/0,14/0,22/1,28/2,37/2,39/3,52/3,58/4,69/5,77/5,84/5,90/5,92/8,99/8,105/8,110/8,114/8,124/8,127/8,132/10,defend,2026
6/0,16/0,22/0,34/0,43/0,55/0,64/0,73/0,82/0,99/0,107/0,121/0,131/0,146/0,157/0,163/0,174/1,182/1,192/1,196/1,6/1,9/1,14/1,15/2,20/2,30/2,35/2,43/3,45/4,49/4,61/4,63/5,69/6,69/7,76/8,79/9,82/9,82/9,86/10,86/10,defend,2026
6/0,9/1,12/2,21/2,27/2,39/2,47/2,60/3,65/3,79/3,84/3,88/4,94/4,100/4,103/5,107/5,114/6,120/7,130/7,149/7,8/0,13/1,20/1,26/1,35/2,42/2,48/2,53/2,65/2,68/4,76/4,85/4,89/4,101/4,109/4,119/4,136/4,142/4,152/4,152/4,chased,2026
6/0,20/0,26/1,39/1,43/1,54/1,59/1,62/2,66/2,68/3,72/3,78/3,82/3,91/3,109/3,127/3,136/4,146/4,150/5,159/5,2/0,4/0,11/0,20/0,30/0,37/0,42/1,47/1,55/1,57/3,66/3,69/4,75/5,79/6,90/6,102/6,117/6,123/9,131/9,137/9,defend,2026
6/0,14/0,15/0,16/1,21/1,28/1,36/1,47/1,53/1,67/1,72/1,78/2,83/2,89/2,103/2,119/2,136/2,161/2,169/4,174/5,6/0,7/0,17/0,23/0,28/0,37/1,38/2,44/2,46/2,49/2,52/4,61/4,68/4,78/4,86/4,95/4,101/4,105/4,107/5,110/7,defend,2026
6/0,20/0,31/0,42/0,56/0,73/0,81/0,95/1,102/1,119/1,124/1,131/1,137/1,141/1,147/2,154/2,163/2,167/2,184/2,191/4,2/1,8/1,10/1,13/1,20/1,25/1,28/1,31/2,35/3,36/4,41/4,44/4,50/4,56/4,60/5,68/5,75/5,76/5,78/6,82/7,defend,2026
6/0,14/0,29/0,35/0,50/1,62/1,73/1,79/1,83/1,90/1,95/1,103/1,109/1,112/1,115/2,138/2,145/2,157/2,172/3,185/3,2/1,10/1,19/1,19/1,25/1,38/1,43/2,44/2,51/3,55/5,62/7,65/7,67/7,73/7,80/7,84/8,85/8,93/8,96/8,100/9,defend,2026
6/0,9/0,19/0,26/0,35/0,38/0,46/0,57/1,70/1,80/1,83/2,91/2,102/2,107/2,110/3,119/4,122/5,130/5,144/5,150/6,6/0,11/0,19/0,25/1,32/1,39/2,43/2,55/2,60/2,64/2,68/2,77/2,83/2,93/2,100/2,110/3,120/4,127/4,141/5,143/6,defend,2026
6/0,14/0,18/0,22/0,23/1,28/2,32/2,34/4,41/4,47/4,51/4,54/5,60/5,64/6,66/7,70/7,74/7,80/7,83/8,86/10,2/0,7/1,11/2,14/2,18/3,18/5,20/5,21/5,22/6,23/6,25/8,28/9,29/9,33/10,33/10,33/10,33/10,33/10,33/10,33/10,defend,2026
6/0,11/0,14/0,15/0,16/0,22/1,25/1,27/1,39/1,49/1,51/1,54/1,63/1,69/1,72/2,75/2,77/2,89/3,90/4,97/5,2/0,4/1,11/2,17/2,24/2,28/3,37/3,45/3,48/4,54/5,59/5,63/5,68/7,70/8,75/9,75/10,75/10,75/10,75/10,75/10,defend,2026
6/0,10/1,16/1,17/1,18/1,23/1,23/1,28/1,33/1,39/1,43/1,45/3,52/3,61/3,61/4,62/4,62/4,62/4,62/4,62/4,0/0,0/0,0/0,0/0,0/0,0/0,0/0,0/0,0/0,0/0,0/0,0/0,0/0,0/0,0/0,0/0,0/0,0/0,0/0,0/0,unknown,2026
6/0,16/0,22/0,26/0,33/0,36/0,45/0,49/1,62/1,72/1,76/1,79/2,92/2,96/3,105/3,113/4,117/5,125/6,133/7,138/7,2/0,11/1,12/1,15/1,21/1,24/2,27/3,32/5,37/5,48/6,58/6,59/7,65/8,66/8,67/10,67/10,67/10,67/10,67/10,67/10,defend,2026
6/0,12/0,18/0,30/0,49/0,58/0,66/1,75/1,86/1,93/2,101/3,110/3,118/3,127/3,141/3,150/3,163/4,183/4,207/4,223/4,9/1,28/1,36/3,36/3,39/3,44/3,51/3,53/4,54/5,58/5,70/5,71/6,73/7,74/8,75/8,84/9,90/9,90/10,90/10,90/10,defend,2026
6/0,16/0,24/0,24/0,35/0,38/1,40/2,42/2,50/2,60/3,61/4,64/4,68/6,71/6,74/8,76/8,76/10,76/10,76/10,76/10,6/0,14/0,17/1,32/1,34/1,40/1,47/1,57/1,64/2,68/2,78/2,78/2,78/2,78/2,78/2,78/2,78/2,78/2,78/2,78/2,chased,2026
6/0,15/0,15/1,24/2,34/2,38/4,38/5,38/6,38/6,38/7,38/8,39/8,39/9,40/10,40/10,40/10,40/10,40/10,40/10,40/10,16/0,22/0,35/0,41/0,41/0,41/0,41/0,41/0,41/0,41/0,41/0,41/0,41/0,41/0,41/0,41/0,41/0,41/0,41/0,41/0,chased,2026
6/0,19/0,28/0,34/0,39/0,44/0,53/0,56/1,68/1,76/1,83/1,89/2,95/2,109/2,119/2,123/3,136/3,143/4,152/5,162/5,5/0,12/1,14/2,23/3,30/3,39/3,41/5,47/6,50/7,52/7,54/7,59/7,74/7,79/8,82/9,85/9,89/9,90/10,90/10,90/10,defend,2025
6/0,16/0,24/0,38/0,42/0,47/0,66/0,75/0,84/1,98/1,110/1,122/1,136/1,148/1,160/1,171/2,184/2,193/4,198/4,210/5,9/1,17/2,31/2,37/2,48/2,58/3,63/4,69/4,71/5,78/5,88/6,102/6,104/7,111/8,113/10,113/10,113/10,113/10,113/10,113/10,defend,2025
6/0,10/0,21/1,23/1,33/1,38/2,42/2,54/2,58/2,68/2,70/3,75/4,81/4,89/4,94/5,98/5,101/7,105/7,110/7,126/7,6/0,20/0,31/0,45/0,50/0,53/0,56/1,66/1,70/2,74/2,81/2,86/2,88/2,100/2,110/2,118/3,127/4,127/4,127/4,127/4,chased,2025
6/0,15/0,20/1,27/1,30/1,32/1,32/4,34/5,44/5,45/5,50/5,53/5,56/6,59/6,63/6,72/6,79/6,91/6,97/6,106/6,3/1,5/1,5/3,8/3,9/4,14/4,18/4,22/4,23/4,29/4,39/4,51/4,54/5,56/6,57/6,67/6,75/6,84/6,92/7,101/8,defend,2025
6/0,7/1,11/1,14/3,14/5,14/8,15/9,17/9,22/9,27/9,29/9,32/10,32/10,32/10,32/10,32/10,32/10,32/10,32/10,32/10,13/0,15/1,19/1,31/2,33/2,33/2,33/2,33/2,33/2,33/2,33/2,33/2,33/2,33/2,33/2,33/2,33/2,33/2,33/2,33/2,chased,2025
6/0,14/0,16/0,20/0,21/0,30/0,33/0,34/1,40/1,45/2,54/2,59/3,63/3,68/3,84/3,97/3,98/4,101/5,109/6,112/6,3/0,8/0,12/0,20/0,25/0,33/0,38/1,45/1,46/1,51/1,56/1,59/1,65/2,67/4,75/4,78/4,85/5,96/6,103/6,115/6,chased,2025
6/0,12/0,16/0,21/1,21/1,25/2,28/2,30/2,45/2,46/3,54/3,57/3,70/3,85/3,90/3,96/4,103/4,112/4,118/5,123/5,4/0,13/0,16/0,23/0,27/1,36/1,49/1,53/1,62/2,67/2,70/2,70/3,77/3,83/3,92/3,97/4,106/4,112/4,119/5,124/6,chased,2025
6/0,10/0,16/1,21/1,24/3,27/3,30/4,31/4,38/5,43/5,47/5,49/5,51/5,53/5,59/6,62/6,63/6,67/6,73/6,74/6,0/0,2/0,5/1,7/1,9/1,9/1,11/2,14/2,17/2,23/2,23/2,28/3,33/3,36/4,37/5,41/6,45/6,51/7,54/9,58/9,defend,2025
6/0,6/0,10/0,12/0,17/0,20/0,31/0,35/0,45/0,51/0,73/0,77/0,84/1,87/1,93/1,101/1,107/3,109/4,111/6,124/7,5/1,8/1,14/1,26/1,32/1,34/1,44/1,49/1,54/1,60/1,65/1,70/1,73/1,84/1,90/1,102/1,114/1,122/1,127/1,127/1,chased,2025
6/0,12/0,22/0,25/0,32/0,34/0,37/1,47/1,53/1,60/1,66/1,69/1,72/1,75/2,83/2,90/4,95/6,105/6,109/7,114/8,3/0,6/1,14/1,21/1,24/2,29/2,34/2,37/2,41/2,47/2,49/2,56/2,60/2,65/3,68/3,72/3,82/3,88/4,93/5,93/6,defend,2025
6/0,9/0,14/0,21/0,27/0,31/2,36/3,40/3,44/3,52/3,62/3,73/3,75/3,80/3,84/3,90/4,92/4,95/4,99/5,105/6,5/0,12/0,16/0,19/0,28/0,33/0,39/1,46/1,57/1,64/3,69/3,73/3,81/3,85/3,86/4,92/5,96/5,100/6,104/6,106/6,chased,2025
6/0,18/0,25/0,29/1,34/1,41/2,46/2,52/2,57/2,62/3,71/3,73/4,86/4,89/5,94/6,94/8,101/9,102/10,102/10,102/10,6/0,15/1,22/1,29/1,33/1,38/1,43/2,51/2,55/2,60/2,62/2,64/2,74/2,85/2,89/2,94/2,97/2,103/2,103/2,103/2,chased,2025
6/0,14/2,20/2,23/3,29/3,29/3,29/3,29/3,29/3,29/3,29/3,29/3,29/3,29/3,29/3,29/3,29/3,29/3,29/3,29/3,2/2,8/2,14/2,27/2,30/3,30/3,30/3,30/3,30/3,30/3,30/3,30/3,30/3,30/3,30/3,30/3,30/3,30/3,30/3,30/3,chased,2025
6/0,6/2,15/3,15/3,21/3,22/4,25/4,25/4,31/4,35/4,40/4,43/5,44/6,45/7,51/7,57/7,61/8,67/8,72/8,83/8,2/0,4/1,7/1,8/1,10/1,14/1,15/1,17/1,17/2,21/2,22/5,23/9,24/10,24/10,24/10,24/10,24/10,24/10,24/10,24/10,defend,2025
6/0,7/0,10/0,14/0,15/0,16/0,20/0,22/0,26/0,33/0,39/1,46/1,53/2,60/2,71/3,76/3,81/3,84/4,93/5,99/7,3/0,11/0,19/0,24/0,31/0,35/0,42/0,43/1,49/2,53/3,59/4,63/4,64/6,64/8,65/9,70/9,73/9,77/10,77/10,77/10,defend,2025
6/0,12/0,18/0,26/0,30/0,39/0,45/0,48/1,52/2,57/2,64/2,71/2,79/2,86/2,98/2,101/2,105/4,107/4,124/4,139/4,1/0,8/0,15/0,23/0,24/0,29/0,29/0,31/0,37/0,41/1,49/1,54/1,56/1,60/1,73/1,75/2,85/2,97/2,105/2,111/3,defend,2025
6/0,15/0,19/0,28/0,31/1,37/1,42/1,50/1,61/1,64/2,70/2,73/3,78/3,82/4,89/4,99/4,102/4,108/4,122/4,128/4,9/0,13/1,18/1,18/2,22/2,29/2,33/3,39/3,42/3,47/4,50/5,58/6,66/6,66/7,71/8,74/9,75/10,75/10,75/10,75/10,defend,2025
6/0,8/1,11/1,16/1,24/1,26/1,27/2,38/2,44/2,49/2,51/2,54/3,57/3,63/3,67/3,71/3,82/3,87/5,96/5,101/6,0/1,7/1,15/1,22/1,22/1,32/1,38/1,43/1,55/2,60/2,66/2,72/2,74/3,79/3,92/3,96/3,102/3,102/3,102/3,102/3,chased,2025
6/0,11/0,17/0,19/0,22/1,22/2,27/2,27/3,30/3,35/3,41/3,49/3,55/3,59/3,64/3,74/3,88/3,98/3,119/3,135/3,3/0,5/0,6/0,7/1,8/1,12/1,20/1,25/1,29/2,30/2,32/4,34/4,45/4,52/4,57/5,60/7,67/7,67/8,73/8,80/8,defend,2025
6/0,22/0,28/1,33/2,39/2,41/2,43/2,53/3,54/3,64/3,74/3,77/4,92/4,97/5,104/5,104/6,105/6,111/6,115/6,121/6,4/1,7/2,13/2,20/3,25/3,35/3,40/4,50/4,57/5,57/5,57/5,57/5,57/5,57/5,57/5,57/5,57/5,57/5,57/5,57/5,defend,2025
6/0,12/1,15/1,23/1,25/1,34/1,42/2,43/4,49/4,51/5,52/5,57/5,60/6,61/6,62/7,65/7,67/9,70/9,74/9,74/10,6/0,6/1,9/1,10/3,11/5,19/5,23/5,29/5,30/5,36/5,41/5,48/5,62/5,69/6,72/6,77/6,77/6,77/6,77/6,77/6,chased,2025
6/0,14/0,17/1,19/1,27/1,33/1,39/1,49/1,51/3,54/4,62/4,65/4,88/4,98/5,103/5,107/6,110/7,110/7,110/7,116/9,5/1,12/2,12/2,12/2,12/2,12/2,12/2,12/2,12/2,12/2,12/2,12/2,12/2,12/2,12/2,12/2,12/2,12/2,12/2,12/2,unknown,2025
6/0,11/0,12/0,25/1,25/2,27/3,28/3,32/3,39/3,42/4,45/4,45/4,47/4,55/5,55/6,63/7,64/10,64/10,64/10,64/10,6/0,18/1,24/2,26/2,28/2,38/2,44/3,51/3,53/4,57/5,58/6,64/6,65/6,65/6,65/6,65/6,65/6,65/6,65/6,65/6,chased,2025
6/0,14/0,25/0,30/0,32/0,34/0,43/0,46/0,48/1,56/1,67/2,74/2,79/2,82/2,88/2,92/3,102/4,109/5,125/6,138/6,2/0,4/1,10/1,14/3,18/3,27/4,35/5,38/5,41/6,44/6,44/10,44/10,44/10,44/10,44/10,44/10,44/10,44/10,44/10,44/10,defend,2025
6/0,7/0,9/0,12/0,18/1,19/1,24/1,30/1,32/1,41/2,46/3,57/3,64/3,69/3,70/3,78/3,83/3,91/4,101/4,111/5,10/0,12/2,13/4,20/5,23/5,27/7,31/7,40/7,45/8,48/8,53/8,60/8,64/8,65/8,66/9,67/9,69/9,73/10,73/10,73/10,defend,2025
6/0,17/0,27/0,34/0,43/1,53/1,62/1,72/1,77/1,85/1,90/2,99/2,110/2,117/3,127/3,136/3,147/4,161/4,171/5,190/6,1/0,1/1,3/1,4/2,4/2,6/3,7/3,9/3,14/3,16/3,16/4,16/4,16/4,18/6,25/6,30/6,38/6,39/7,40/8,41/8,defend,2025
6/0,12/0,13/0,16/1,16/1,28/1,34/1,45/2,57/2,64/2,70/2,83/2,90/2,100/2,115/2,121/2,126/2,138/2,149/3,152/4,4/0,7/2,12/3,19/3,32/4,41/4,44/4,55/5,59/6,61/7,66/7,70/7,71/8,73/8,76/10,76/10,76/10,76/10,76/10,76/10,defend,2025
6/0,12/0,17/1,24/1,37/1,44/1,50/1,63/1,72/1,81/1,90/1,98/1,104/1,116/1,126/1,137/1,145/1,156/2,163/4,175/6,2/0,6/0,12/1,23/1,36/1,39/1,51/1,68/1,78/1,83/1,92/2,98/2,110/2,118/3,125/5,129/6,131/7,134/8,142/9,142/9,defend,2025
6/0,17/0,23/0,31/0,40/0,54/0,60/0,67/0,86/0,95/0,104/1,117/1,124/2,135/3,143/3,156/3,159/3,161/3,170/3,182/3,11/0,18/0,21/0,25/0,28/0,32/0,34/0,38/1,45/1,49/3,55/3,58/4,59/4,60/4,63/5,72/5,76/6,77/6,85/7,86/8,defend,2025
6/0,8/0,13/0,21/1,26/1,29/2,37/2,40/2,41/3,53/3,56/5,58/5,61/6,65/7,66/10,66/10,66/10,66/10,66/10,66/10,3/0,7/1,13/1,20/1,22/1,30/1,36/2,42/4,43/5,51/5,51/5,51/6,54/6,55/8,58/9,61/9,63/9,66/9,67/9,67/9,chased,2025
6/0,13/0,18/1,19/1,30/1,41/1,46/1,53/1,68/1,73/1,80/1,83/1,83/2,91/2,96/2,101/3,102/4,107/5,114/7,120/9,8/0,14/0,15/1,15/2,26/2,28/2,30/3,37/4,38/5,48/6,56/6,65/7,67/8,76/8,84/8,88/8,93/8,96/9,103/9,107/10,defend,2025
6/0,16/0,21/1,22/1,26/2,37/2,41/2,47/2,59/2,64/3,70/3,72/4,77/4,79/4,90/5,99/5,104/5,111/5,125/5,130/7,6/0,8/0,14/0,24/0,29/1,29/2,30/2,38/2,42/2,52/2,61/2,66/2,70/3,72/4,91/4,95/5,105/5,111/6,116/6,122/8,defend,2025
6/0,11/0,18/0,27/0,31/0,38/0,40/0,43/0,48/0,54/1,59/1,67/1,74/1,78/2,91/3,101/3,102/4,110/4,115/4,118/5,6/0,13/0,17/0,26/0,35/0,38/0,44/0,53/0,63/1,66/2,69/2,77/2,85/2,91/2,97/2,107/2,119/2,119/2,119/2,119/2,chased,2025
6/0,9/0,11/1,11/1,13/2,16/3,22/3,24/3,24/4,27/4,32/4,39/4,41/5,44/5,46/5,49/5,52/6,59/7,60/9,62/10,3/0,12/0,17/1,21/1,25/1,29/1,31/1,35/3,41/3,43/3,49/3,58/3,63/3,63/3,63/3,63/3,63/3,63/3,63/3,63/3,chased,2025
6/0,14/0,19/0,23/0,25/0,27/1,31/2,34/2,38/4,39/5,45/5,45/5,53/5,54/5,56/6,58/7,62/7,70/7,75/8,75/8,6/0,14/0,20/0,30/0,39/0,50/0,56/0,72/0,76/0,76/0,76/0,76/0,76/0,76/0,76/0,76/0,76/0,76/0,76/0,76/0,chased,2025
6/0,8/1,11/1,11/1,13/1,17/1,19/1,21/3,24/3,34/3,40/4,41/4,43/5,44/6,46/6,52/8,53/9,53/9,53/9,54/10,5/0,12/0,14/0,20/0,24/0,25/0,27/1,35/1,44/2,46/2,49/2,51/3,55/3,55/3,55/3,55/3,55/3,55/3,55/3,55/3,chased,2025
6/0,18/0,24/1,30/1,34/1,37/2,39/2,42/3,48/3,56/3,57/3,57/4,62/4,64/5,68/5,71/5,83/5,86/6,87/8,92/9,12/0,19/0,29/0,38/1,39/1,40/1,53/1,55/1,63/2,68/2,73/2,82/2,88/2,92/2,93/2,93/2,93/2,93/2,93/2,93/2,chased,2025
6/0,12/0,15/0,20/0,28/0,35/0,37/2,40/2,41/3,48/3,57/3,62/3,65/3,77/3,82/3,86/4,90/4,96/4,102/4,114/6,2/0,3/0,9/0,12/0,15/1,27/1,33/1,36/1,38/1,41/1,45/1,49/1,53/1,61/2,65/3,68/3,76/3,80/3,93/3,103/3,defend,2025
6/0,10/0,19/1,23/1,31/1,31/1,34/1,42/1,49/1,55/2,63/2,70/2,73/2,77/2,85/2,91/3,95/3,104/4,111/5,121/6,12/0,19/1,26/1,30/1,39/1,55/1,59/1,67/1,69/2,79/2,86/2,102/2,108/2,117/2,122/2,122/2,122/2,122/2,122/2,122/2,chased,2025
6/0,19/0,23/0,36/0,51/0,59/0,68/1,72/1,75/2,85/2,91/2,99/2,107/3,117/3,134/3,143/3,155/3,172/3,182/4,196/5,1/0,1/1,7/1,7/2,12/2,14/2,17/2,18/2,23/2,24/4,26/4,28/4,32/4,34/6,34/8,37/8,41/8,46/8,47/8,56/8,defend,2025
6/0,18/0,28/0,33/1,46/2,47/3,56/3,64/4,70/4,77/4,81/5,85/5,93/5,103/5,108/5,116/5,124/6,129/6,137/6,144/8,1/0,6/1,11/1,17/1,25/1,33/1,34/1,35/3,42/4,48/4,53/4,55/4,61/4,64/5,66/7,70/8,70/10,70/10,70/10,70/10,defend,2025
6/0,10/0,22/1,25/2,26/2,29/3,30/5,35/5,39/5,40/6,45/6,45/6,48/6,50/6,52/8,53/8,56/8,60/9,61/9,61/10,8/0,9/1,11/1,16/2,19/2,23/2,26/2,29/3,32/3,36/5,39/5,42/5,48/5,56/5,63/5,63/5,63/5,63/5,63/5,63/5,chased,2025
6/0,14/0,25/0,30/0,38/0,45/1,47/1,54/1,60/2,66/2,72/2,79/3,86/3,90/3,96/3,101/3,104/4,113/5,120/5,127/6,2/0,9/0,17/0,21/0,26/1,34/1,42/2,45/2,50/2,53/2,56/2,62/2,67/3,73/3,76/3,83/3,89/4,99/4,107/4,114/4,defend,2025
6/0,9/0,12/0,18/0,26/1,38/1,48/1,62/1,68/1,72/2,80/2,85/2,87/3,90/4,102/4,115/4,118/5,122/5,128/6,138/6,6/0,14/0,19/1,27/2,42/2,48/3,51/5,58/6,64/6,67/7,70/7,72/7,74/7,77/7,77/8,81/9,82/9,87/9,90/10,90/10,defend,2025
6/0,19/0,33/0,37/1,50/1,64/1,74/1,90/1,105/1,122/1,126/2,138/2,151/2,170/2,185/2,192/2,204/2,212/2,231/2,251/2,2/1,2/1,5/2,6/3,6/4,6/5,7/6,12/7,13/8,13/10,13/10,13/10,13/10,13/10,13/10,13/10,13/10,13/10,13/10,13/10,defend,2025
6/0,14/0,20/1,23/1,29/1,38/2,39/3,47/3,48/3,52/3,55/3,61/3,64/3,69/3,71/4,75/5,81/5,83/7,86/8,97/9,11/1,19/1,24/2,27/2,35/2,43/2,49/2,55/2,62/2,67/2,71/2,80/2,85/3,88/4,92/4,98/4,98/4,98/4,98/4,98/4,chased,2025
6/0,10/0,18/0,23/0,28/1,41/1,55/1,61/2,66/2,72/2,79/2,92/2,103/2,109/2,116/2,124/2,131/2,149/2,154/3,160/4,4/1,13/1,22/1,26/1,38/1,44/1,46/1,56/1,60/2,63/2,68/2,72/2,77/3,84/3,90/3,102/3,109/4,115/5,124/5,133/5,defend,2024
6/0,13/0,22/0,23/0,35/0,40/0,48/1,54/1,57/2,65/2,71/2,77/2,87/2,92/2,100/2,113/2,128/2,139/2,151/2,155/3,1/0,13/1,16/1,27/1,45/1,60/1,64/1,67/1,75/1,87/1,94/1,102/2,115/2,123/2,126/2,131/3,139/4,145/5,148/6,152/8,defend,2024
6/0,8/0,22/0,29/0,31/1,35/1,43/1,54/1,63/1,72/1,81/1,89/1,98/1,104/1,112/2,122/2,134/2,147/3,159/3,177/3,5/1,10/1,17/1,27/1,40/2,47/2,50/2,58/3,64/3,72/3,77/4,87/4,90/4,94/5,98/5,107/5,109/7,116/7,121/7,130/7,defend,2024
6/0,18/0,26/0,26/1,35/1,48/1,51/1,66/1,67/1,84/2,94/2,98/2,100/3,106/4,109/4,116/5,118/7,124/7,130/7,137/8,4/0,5/0,7/0,16/0,25/1,37/1,43/1,44/1,53/1,56/2,62/2,68/3,74/3,88/3,96/3,106/3,117/3,128/3,138/3,138/3,chased,2024
6/0,15/0,26/0,28/1,32/2,33/4,41/4,47/4,52/4,71/4,80/4,92/4,105/4,109/4,119/5,120/6,126/6,135/7,137/9,141/10,14/0,19/0,29/0,39/0,48/0,59/0,63/0,70/0,77/0,86/0,91/0,115/0,119/0,124/0,133/0,138/1,140/1,145/1,145/1,145/1,chased,2024
6/0,10/0,14/1,19/1,29/1,34/1,43/1,47/1,53/1,58/1,67/1,79/1,89/1,94/1,101/1,103/2,111/2,116/3,124/3,130/4,1/1,4/1,14/1,29/1,35/1,40/1,42/1,43/2,46/2,50/2,53/2,55/3,60/3,68/3,70/3,86/3,90/4,98/4,110/4,116/5,defend,2024
6/0,9/1,14/1,16/1,20/1,22/1,29/1,35/2,37/2,38/2,45/2,51/2,58/2,60/3,63/6,68/6,72/6,75/6,80/7,87/8,9/0,14/1,24/1,27/1,34/2,41/2,50/2,55/2,62/2,63/2,66/3,73/3,84/4,86/5,88/5,88/5,88/5,88/5,88/5,88/5,chased,2024
6/0,18/0,19/0,22/0,29/1,32/1,44/1,48/1,54/1,60/1,69/1,73/3,76/4,76/4,80/4,89/4,97/4,107/5,115/5,122/6,0/0,1/3,4/3,5/3,11/3,14/3,19/3,19/3,25/4,28/5,31/6,32/6,37/6,39/6,42/6,44/6,50/6,55/6,60/6,66/6,defend,2024
6/0,10/0,21/1,29/1,33/1,49/1,53/1,54/2,59/2,69/2,74/2,87/3,91/3,103/3,120/4,122/4,135/5,140/5,146/6,154/6,6/0,12/0,14/2,16/2,18/2,22/2,22/2,24/2,26/3,28/3,34/4,36/6,38/6,40/7,42/7,46/7,49/7,50/8,52/8,54/9,defend,2024
6/0,9/0,14/0,15/0,28/0,32/0,43/0,55/1,63/1,70/2,78/2,85/2,93/2,100/2,110/2,116/2,127/2,133/3,141/4,154/4,10/0,12/0,16/0,17/2,19/2,22/2,25/4,25/4,27/4,35/5,40/5,40/5,51/5,57/5,59/6,73/6,82/7,84/7,87/8,87/10,defend,2024
6/0,11/0,20/1,26/1,33/1,33/2,39/2,50/2,57/3,62/3,69/3,82/3,98/3,105/3,116/3,132/3,146/3,152/3,160/3,169/5,6/0,12/0,17/1,17/3,20/3,23/4,30/4,38/4,40/4,48/4,52/4,60/4,63/5,65/5,68/5,74/6,77/7,85/7,98/7,101/7,defend,2024
6/0,13/0,17/0,25/1,27/2,35/2,44/2,48/3,58/3,69/3,72/4,85/4,96/5,103/5,109/5,114/5,120/5,125/6,135/6,143/7,12/0,16/0,19/0,27/1,41/1,44/2,47/3,52/3,65/3,74/3,85/3,86/4,94/4,105/4,116/4,121/4,131/4,138/5,145/5,145/5,chased,2024
6/0,6/0,11/0,15/0,18/0,25/0,26/2,29/2,35/2,38/2,43/3,49/3,54/4,57/5,64/5,75/5,79/6,84/8,88/9,96/9,1/0,15/0,16/0,20/0,29/1,39/1,41/1,49/1,53/1,61/1,68/1,76/1,78/1,84/1,86/2,90/3,96/3,100/3,100/3,100/3,chased,2024
6/0,12/0,20/0,23/0,30/0,44/0,48/1,58/1,64/2,68/2,77/2,87/3,90/3,100/3,114/3,127/3,134/5,140/5,158/5,165/6,5/0,7/1,17/1,23/1,28/1,44/1,53/1,61/1,72/1,80/1,85/1,94/2,99/2,113/2,123/2,132/2,141/2,158/2,167/2,167/2,chased,2024
6/0,11/0,11/0,16/0,20/1,26/2,30/2,40/3,45/4,63/4,71/4,82/4,100/4,106/4,112/4,120/5,122/5,127/5,136/6,147/6,0/0,0/0,6/1,20/2,23/5,24/6,26/7,31/7,34/7,39/8,40/8,46/9,47/10,47/10,47/10,47/10,47/10,47/10,47/10,47/10,defend,2024
6/0,13/0,18/0,23/1,29/1,47/1,54/1,62/2,69/2,79/2,81/2,86/2,96/2,98/3,105/3,111/3,117/3,122/3,131/3,138/3,3/0,4/1,7/1,8/2,11/2,11/2,11/2,13/3,17/4,22/5,25/7,27/8,32/8,33/9,34/10,34/10,34/10,34/10,34/10,34/10,defend,2024
6/0,11/0,20/0,27/0,31/0,44/0,46/1,54/1,64/1,71/2,82/2,91/2,105/2,119/2,127/3,134/4,143/5,153/5,160/6,169/8,2/1,13/1,21/1,31/1,38/1,46/1,52/1,64/1,70/1,78/1,81/1,95/2,101/2,110/2,120/2,128/2,145/2,152/2,163/3,170/5,chased,2024
6/0,15/2,25/2,35/2,43/2,48/2,61/2,78/2,83/2,98/2,107/2,123/2,135/3,143/3,149/3,160/3,171/3,181/3,190/4,204/4,2/1,9/1,14/1,20/1,27/1,30/1,40/1,44/2,58/2,76/3,84/3,86/5,94/5,106/5,114/5,118/5,125/5,135/6,156/6,168/6,defend,2024
6/0,11/0,15/1,15/1,23/2,31/2,32/3,38/3,52/3,57/3,62/3,68/5,74/5,79/5,83/5,93/6,96/6,103/6,109/6,118/6,9/0,15/0,26/0,31/0,36/0,43/0,51/0,53/0,60/0,68/0,76/0,81/0,89/0,99/0,103/0,110/0,114/0,119/0,119/0,119/0,chased,2024
6/0,14/0,20/0,28/0,31/0,37/1,42/1,45/1,51/1,54/1,56/1,60/1,67/1,75/2,85/2,89/3,99/4,110/4,114/5,124/6,0/0,3/0,8/0,16/0,16/1,28/1,33/1,40/1,51/2,55/2,62/2,66/2,76/2,82/2,94/2,101/2,107/2,114/3,121/3,125/3,chased,2024
6/0,13/0,18/0,22/1,27/1,33/2,35/2,40/2,54/2,58/2,63/2,71/2,73/3,75/3,77/5,82/5,89/5,94/5,99/6,103/8,3/0,10/0,14/0,25/0,39/0,48/0,51/0,55/1,64/1,73/2,82/2,90/3,104/3,104/3,104/3,104/3,104/3,104/3,104/3,104/3,chased,2024
6/0,19/0,35/0,43/0,55/1,66/1,70/1,75/1,79/2,89/2,95/2,102/2,110/2,114/3,121/3,131/4,139/4,146/4,164/5,177/6,0/0,0/0,0/0,0/0,0/0,0/0,0/0,0/0,0/0,0/0,0/0,0/0,0/0,0/0,0/0,0/0,0/0,0/0,0/0,0/0,unknown,2024
6/0,17/0,19/0,27/1,30/2,39/2,42/2,45/3,49/3,57/3,61/5,63/5,66/6,72/6,80/7,84/7,84/9,84/10,84/10,84/10,10/0,12/0,15/0,18/0,29/0,40/0,51/0,56/0,65/0,74/0,88/0,88/0,88/0,88/0,88/0,88/0,88/0,88/0,88/0,88/0,chased,2024
6/0,8/0,17/0,20/1,24/1,26/1,30/1,30/2,32/2,35/2,39/2,41/2,49/2,53/2,56/2,65/2,67/2,75/3,95/3,104/5,1/1,7/1,11/2,16/2,17/4,20/4,29/4,32/4,33/4,39/4,41/4,45/4,51/4,59/4,60/5,63/5,69/7,71/8,72/10,72/10,defend,2024
6/0,11/0,16/0,19/0,21/1,24/1,29/2,37/2,45/2,47/2,50/2,53/3,59/4,67/4,68/4,78/4,83/6,86/6,93/8,100/10,6/0,6/0,14/0,14/0,15/0,19/2,24/2,29/2,30/2,39/2,44/2,49/3,54/3,65/5,68/6,70/7,74/7,76/8,83/8,88/8,defend,2024
6/0,10/0,14/1,16/2,18/2,24/2,28/2,33/2,35/2,38/3,44/3,49/3,59/3,70/3,83/3,89/4,94/4,99/4,100/5,108/5,1/0,5/1,8/1,9/2,18/2,21/2,27/2,31/3,43/3,46/3,52/3,56/3,64/3,66/3,72/3,77/4,84/5,88/6,98/6,103/6,defend,2024
6/0,12/0,19/0,25/0,31/1,35/1,40/1,43/1,50/2,56/3,57/3,66/4,70/4,78/4,83/5,89/5,92/6,98/6,106/6,114/7,6/0,10/0,23/1,27/1,30/1,33/1,36/1,41/1,48/1,54/2,59/2,68/2,77/2,89/2,102/2,109/3,115/4,115/4,115/4,115/4,chased,2024
6/0,14/0,23/0,40/0,48/0,51/1,58/1,65/1,66/1,66/1,66/1,66/1,66/1,66/1,66/1,66/1,66/1,66/1,66/1,66/1,0/0,0/0,0/0,0/0,0/0,0/0,0/0,0/0,0/0,0/0,0/0,0/0,0/0,0/0,0/0,0/0,0/0,0/0,0/0,0/0,unknown,2024
6/0,9/0,20/0,22/0,22/0,31/0,36/1,43/1,49/2,53/3,58/3,77/3,81/3,92/3,97/3,101/3,106/3,118/3,136/3,145/4,7/0,15/0,16/0,19/0,26/0,34/1,38/1,45/1,50/1,53/1,59/1,63/3,68/3,73/4,82/4,84/5,97/5,101/6,110/8,118/9,defend,2024
6/0,10/0,20/0,25/1,27/1,29/1,31/2,34/2,36/2,43/2,47/3,54/3,60/3,61/4,68/5,72/5,78/5,86/5,94/5,102/6,5/0,17/0,20/1,36/1,51/1,56/1,69/1,72/2,81/2,86/3,97/3,103/3,103/3,103/3,103/3,103/3,103/3,103/3,103/3,103/3,chased,2024
6/0,12/0,14/0,16/2,19/2,27/2,30/3,33/3,42/3,51/5,59/5,61/5,70/5,76/7,83/8,86/9,89/9,90/10,90/10,90/10,3/1,7/1,14/1,16/1,23/1,23/2,25/3,34/3,37/4,38/4,41/4,44/4,47/4,52/5,53/5,57/5,59/5,65/5,66/6,68/6,defend,2024
6/0,13/2,14/2,19/3,22/3,22/3,29/3,34/3,36/3,40/4,41/4,44/4,50/4,56/4,60/4,62/4,65/4,71/4,76/5,77/8,12/0,16/0,19/0,25/1,33/1,41/1,47/1,59/2,67/3,69/3,76/4,78/5,78/5,78/5,78/5,78/5,78/5,78/5,78/5,78/5,chased,2024
6/0,15/0,20/0,26/0,28/0,37/1,43/1,50/1,54/1,61/1,65/1,71/1,74/2,82/2,86/2,96/2,103/2,112/3,116/3,121/4,7/0,12/0,20/0,24/0,29/1,33/1,38/1,43/1,45/1,52/1,56/2,58/3,62/3,68/3,79/3,85/4,87/4,98/4,102/5,110/7,defend,2024
6/0,8/1,11/2,13/3,15/3,17/3,18/3,20/4,20/4,22/5,28/5,29/5,29/6,30/7,31/8,32/9,35/9,37/9,41/9,42/9,5/1,10/1,19/2,22/3,25/3,29/3,37/3,42/3,43/3,43/3,43/3,43/3,43/3,43/3,43/3,43/3,43/3,43/3,43/3,43/3,chased,2024
6/0,12/0,22/0,33/1,46/1,49/1,53/1,60/1,72/1,79/1,87/1,95/1,100/1,104/2,106/2,111/3,115/3,118/5,121/5,123/7,5/0,16/0,27/0,36/0,41/0,47/0,51/0,60/1,63/2,66/3,69/3,72/4,79/4,81/4,85/4,91/4,98/4,103/4,109/5,124/6,chased,2024
6/0,12/1,16/1,17/1,33/1,35/2,43/2,48/2,55/3,60/3,66/3,72/3,91/3,108/4,110/5,114/6,126/6,143/6,148/7,159/9,3/0,21/0,36/0,45/0,53/0,65/0,67/1,76/1,90/1,94/1,112/1,116/1,127/1,146/1,151/1,160/1,160/1,160/1,160/1,160/1,chased,2024
6/0,9/0,22/0,23/0,26/0,30/1,36/1,41/1,49/1,58/3,60/3,73/3,79/3,89/3,97/3,106/3,115/3,119/4,128/4,137/5,5/0,6/0,6/1,10/1,17/1,19/2,21/2,28/2,38/2,44/5,45/5,49/5,55/5,57/6,60/7,64/8,68/9,68/10,68/10,68/10,defend,2024
6/0,9/1,11/1,21/2,22/2,34/2,38/2,44/3,51/3,53/3,55/3,58/3,66/3,74/3,80/3,86/3,90/5,97/5,100/6,107/7,4/0,8/0,13/1,30/1,40/1,45/1,52/1,58/1,62/1,65/1,73/1,76/1,80/2,86/2,89/2,92/2,99/2,106/2,111/2,111/2,chased,2023
6/0,14/0,21/0,29/0,31/1,38/1,50/1,52/1,55/1,56/1,59/1,64/1,68/1,69/3,73/3,82/3,92/4,96/5,106/5,112/8,10/0,15/0,15/0,28/0,29/0,37/0,46/0,54/0,68/0,76/0,78/0,82/0,92/0,100/0,105/0,113/0,113/0,113/0,113/0,113/0,chased,2023
6/0,14/0,21/0,26/0,31/0,43/0,47/0,54/1,59/1,69/1,78/1,89/2,94/2,99/2,113/2,126/2,137/2,142/3,154/4,172/4,10/0,15/1,25/2,33/3,47/3,59/3,65/3,74/3,80/3,93/3,98/4,107/4,111/4,124/4,134/5,135/6,142/6,153/6,157/7,167/8,defend,2023
6/0,9/0,22/0,27/1,36/1,43/1,53/1,56/1,61/2,65/2,75/2,83/2,90/2,94/2,96/2,104/2,116/2,126/4,132/4,141/5,5/0,11/0,21/0,24/0,24/0,32/1,38/1,42/1,43/2,45/4,51/4,56/4,62/5,67/5,70/6,77/6,85/6,86/7,92/8,97/8,defend,2023
6/0,11/0,14/0,22/0,25/0,32/0,37/0,38/2,43/2,46/2,49/2,51/2,58/2,64/2,72/2,77/2,87/2,94/2,104/3,109/5,7/1,10/1,18/1,20/2,30/2,38/3,44/3,48/3,55/3,60/3,62/4,70/5,77/5,79/5,81/5,90/6,96/7,101/7,108/7,110/7,chased,2023
6/0,8/0,11/0,21/1,34/1,41/1,45/2,58/2,63/2,65/3,73/3,81/3,91/3,94/3,99/3,102/4,114/4,123/4,136/4,149/5,1/0,9/0,14/0,20/0,22/0,24/1,31/1,34/1,43/1,47/1,57/1,65/1,71/2,75/2,76/5,80/6,88/7,96/8,100/8,101/8,defend,2023
6/0,9/0,14/0,22/1,28/2,40/2,44/2,52/2,55/2,70/2,71/4,74/4,78/4,84/5,87/7,89/8,92/8,98/8,108/8,112/9,3/0,7/1,10/1,17/1,21/2,24/3,31/3,33/4,34/4,38/4,51/4,54/5,56/5,64/5,66/5,74/5,75/6,82/6,90/6,99/6,defend,2023
6/0,14/0,17/1,22/2,25/2,30/2,33/2,38/2,41/2,43/2,54/2,57/2,62/3,67/3,74/3,79/4,89/4,98/5,109/5,113/7,4/0,13/0,20/0,25/0,31/0,40/0,43/1,56/1,64/1,75/1,82/1,85/1,87/2,91/2,92/2,105/2,114/2,114/2,114/2,114/2,chased,2023
6/0,10/0,14/1,15/3,21/3,29/3,36/3,42/3,45/3,50/3,54/3,63/3,69/3,71/4,80/4,84/5,88/5,101/5,107/5,118/6,2/0,5/0,6/0,13/0,22/0,30/0,40/0,48/0,51/1,59/1,70/1,77/1,83/1,93/1,100/1,106/1,111/2,115/2,119/2,119/2,chased,2023
6/0,13/0,16/0,26/1,27/2,32/2,40/2,44/2,53/2,69/2,81/2,88/2,97/2,102/3,107/3,114/3,122/3,127/5,133/5,144/5,1/1,2/2,7/2,11/3,14/3,20/3,25/3,30/3,32/4,35/4,44/4,46/5,50/5,51/6,58/6,62/7,67/7,70/8,73/8,75/10,defend,2023
6/0,25/0,34/0,41/0,51/1,59/2,64/2,67/2,72/3,82/3,87/3,96/3,99/4,109/4,117/4,135/4,147/4,153/4,155/6,167/6,0/0,0/0,0/0,0/0,0/0,0/0,0/0,0/0,0/0,0/0,0/0,0/0,0/0,0/0,0/0,0/0,0/0,0/0,0/0,0/0,unknown,2023
6/0,12/0,19/0,24/1,30/1,43/1,53/1,59/1,67/1,74/1,83/1,86/2,96/2,102/2,105/2,120/3,136/3,147/3,155/3,172/4,4/0,11/0,18/0,27/1,35/1,40/2,47/2,55/2,65/2,68/2,77/2,88/2,106/2,114/2,123/2,129/2,150/2,158/2,174/2,174/2,chased,2023
6/0,14/0,21/0,30/0,36/1,46/1,57/1,62/1,69/1,75/1,85/1,94/1,103/2,107/2,115/2,120/3,126/4,133/5,143/5,155/5,7/0,9/0,20/1,29/1,37/1,39/1,43/1,48/1,57/1,64/1,68/1,80/1,97/1,108/1,112/1,118/2,130/2,134/4,137/7,144/8,defend,2023
6/0,13/0,15/1,18/1,22/1,29/1,34/1,41/1,53/1,56/1,65/1,71/2,73/4,76/4,80/4,87/4,92/4,100/4,107/4,114/5,2/1,6/1,13/1,15/2,16/2,23/2,28/2,29/3,30/3,36/4,39/4,47/4,48/6,50/6,52/7,53/8,58/8,61/8,62/8,63/8,defend,2023
6/0,15/0,21/0,26/0,34/0,43/0,55/0,58/1,64/1,66/1,72/1,81/1,89/1,96/1,105/1,115/1,122/1,125/2,135/2,142/3,2/0,4/0,8/0,9/0,9/0,11/0,13/0,17/0,19/3,20/3,23/3,26/3,30/4,31/4,36/4,43/4,46/4,48/4,48/4,48/4,defend,2023
6/0,6/0,11/0,12/0,19/0,20/1,23/1,28/1,35/1,44/1,58/1,62/1,70/1,77/1,85/1,88/2,91/2,95/4,97/5,98/7,5/0,13/1,18/1,22/1,25/1,33/1,37/2,44/3,48/3,49/3,52/3,54/4,62/4,74/4,76/6,77/7,79/9,80/10,80/10,80/10,defend,2023
6/0,7/0,12/0,16/1,18/2,21/2,22/3,27/3,28/4,34/4,40/4,42/4,44/4,51/5,53/6,58/6,61/7,64/7,69/7,74/8,7/0,14/0,24/0,30/0,35/1,41/1,49/1,54/1,61/1,73/1,75/1,75/1,75/1,75/1,75/1,75/1,75/1,75/1,75/1,75/1,chased,2023
6/0,15/0,25/0,40/0,53/0,62/1,76/1,83/1,98/1,111/1,126/1,137/1,143/2,153/2,173/2,173/2,173/2,173/2,173/2,173/2,1/0,1/0,1/0,1/0,1/0,1/0,1/0,1/0,1/0,1/0,1/0,1/0,1/0,1/0,1/0,1/0,1/0,1/0,1/0,1/0,unknown,2023
6/0,13/0,13/0,17/1,23/1,35/1,41/1,46/1,52/1,59/1,62/1,69/1,81/1,86/1,89/2,100/2,103/3,106/4,110/5,116/7,12/0,13/0,13/2,14/2,15/3,28/3,29/3,32/3,38/3,50/4,54/4,58/4,60/4,68/4,74/4,78/4,84/5,87/6,92/7,97/8,defend,2023
6/0,15/0,16/2,17/2,18/3,22/3,27/4,28/4,30/5,35/5,35/6,36/7,39/7,41/7,44/7,48/7,51/8,56/8,65/8,71/8,5/0,9/0,9/0,21/0,35/0,43/1,51/1,63/2,72/2,72/2,72/2,72/2,72/2,72/2,72/2,72/2,72/2,72/2,72/2,72/2,chased,2023
6/0,8/1,16/1,16/2,27/2,33/2,40/3,46/4,51/4,52/5,56/6,60/6,67/6,71/6,80/6,86/6,89/7,90/9,91/10,91/10,6/0,9/0,17/0,17/0,19/1,27/1,29/2,38/2,45/2,50/2,62/2,65/2,67/2,73/2,82/2,91/3,92/3,92/3,92/3,92/3,chased,2023
6/0,7/1,11/1,15/1,22/1,24/1,30/2,35/2,40/2,47/2,52/2,62/2,66/3,68/3,74/3,84/3,90/3,98/3,109/4,115/5,2/0,9/0,10/0,13/0,16/0,18/0,23/0,28/0,31/0,34/0,37/1,39/2,42/2,44/2,49/2,54/2,60/4,62/5,64/6,70/6,defend,2023
6/0,10/0,16/0,24/0,25/0,25/0,25/0,25/0,25/0,25/0,25/0,25/0,25/0,25/0,25/0,25/0,25/0,25/0,25/0,25/0,0/0,0/0,0/0,0/0,0/0,0/0,0/0,0/0,0/0,0/0,0/0,0/0,0/0,0/0,0/0,0/0,0/0,0/0,0/0,0/0,unknown,2022
6/0,17/0,28/0,40/0,51/0,64/0,73/0,76/1,77/2,79/2,85/2,92/2,100/2,113/3,115/3,127/3,132/3,146/3,155/3,164/5,15/0,24/0,28/1,42/1,49/1,58/1,65/2,72/2,81/3,86/3,94/3,97/3,104/3,113/3,117/3,132/3,135/3,138/4,151/5,160/6,defend,2022
6/0,9/0,14/1,22/1,30/1,43/1,46/1,54/1,66/1,83/1,87/2,99/3,109/3,114/3,125/3,133/4,138/5,150/6,156/7,161/8,12/0,16/1,22/2,23/2,28/2,42/2,48/2,59/2,62/2,73/2,80/2,93/2,98/2,112/2,118/3,121/5,134/5,145/6,151/8,152/10,defend,2022
6/0,24/0,29/0,30/1,33/2,38/2,43/2,50/2,53/3,61/3,63/4,66/5,66/6,73/6,78/7,80/8,93/8,97/10,97/10,97/10,5/0,8/1,10/1,13/1,18/1,21/2,28/2,31/2,35/2,37/2,43/2,51/2,56/3,60/3,64/4,70/6,72/7,82/8,82/8,82/8,defend,2022
6/0,11/1,12/2,16/2,21/2,32/2,35/2,36/3,39/3,46/3,53/3,56/3,63/3,73/3,75/3,79/3,86/3,98/3,104/4,113/4,2/1,6/1,8/1,9/1,20/1,24/1,28/1,31/1,38/2,44/3,48/3,54/4,69/4,72/4,78/5,85/6,91/6,97/6,104/6,114/6,chased,2022
6/0,10/0,22/0,27/0,37/1,38/1,40/1,47/1,53/1,59/1,63/1,76/1,78/2,80/2,88/3,93/5,98/5,102/6,108/8,112/10,9/0,14/0,17/0,20/1,21/1,23/1,27/2,31/2,36/2,49/2,58/2,67/3,78/3,86/3,89/4,92/5,99/6,109/6,116/7,116/7,chased,2022
6/0,9/2,15/2,19/2,20/2,28/2,34/2,37/2,39/2,44/2,48/2,50/4,56/4,60/6,63/6,67/6,69/7,72/8,79/8,90/8,5/0,7/0,10/1,11/1,16/2,18/2,24/2,29/2,36/2,42/2,49/2,52/4,53/6,57/6,57/7,58/7,58/9,60/10,60/10,60/10,defend,2022
6/0,7/0,12/1,18/1,21/1,22/2,24/2,37/2,42/3,43/3,47/4,51/4,53/4,58/4,64/4,69/4,77/4,82/4,91/4,100/4,10/0,19/0,19/1,26/1,34/1,37/1,41/1,48/1,54/2,56/2,66/2,77/2,83/2,89/2,90/4,92/5,94/5,99/5,101/5,101/5,chased,2022
6/0,15/0,19/0,25/1,33/1,44/1,46/1,51/1,56/2,62/2,65/2,68/3,79/3,92/3,94/3,96/4,100/4,120/4,127/6,137/6,4/0,6/0,7/0,16/0,20/2,25/2,34/2,40/2,47/2,56/2,61/2,69/2,78/3,85/3,99/3,103/4,108/5,114/6,123/6,133/6,defend,2022
6/0,12/0,19/1,23/2,24/2,33/2,44/2,54/2,57/2,61/2,70/2,81/2,92/2,100/2,104/2,116/3,127/3,135/4,145/5,150/6,13/0,19/0,25/0,29/1,39/1,43/2,47/2,55/3,56/4,57/4,61/5,72/5,79/5,82/6,91/6,102/6,108/8,109/9,109/10,109/10,defend,2022
6/0,11/0,24/0,34/0,46/1,47/1,51/1,60/1,67/1,73/2,89/2,97/2,105/2,109/3,117/3,121/4,126/4,132/5,142/5,148/6,1/0,5/0,7/1,10/1,16/2,18/2,18/3,22/4,28/4,33/4,35/4,40/4,42/4,49/4,50/4,56/4,63/5,71/6,72/8,74/9,defend,2022
6/0,9/1,13/1,25/1,31/1,41/1,46/1,57/1,65/1,79/1,87/2,91/2,94/3,112/3,114/3,126/3,130/4,136/4,148/4,158/4,7/0,8/1,14/1,24/1,36/1,41/1,49/1,56/1,64/1,72/2,74/2,88/2,95/2,108/2,116/2,123/3,134/3,140/3,150/4,159/4,chased,2021
6/0,11/0,16/0,20/1,26/3,36/3,40/3,53/3,58/3,62/4,70/4,78/4,85/4,93/4,102/4,106/6,110/6,113/7,118/7,127/7,2/0,8/0,20/0,27/0,31/1,43/1,47/1,54/1,65/1,68/2,72/2,73/2,88/2,99/2,105/3,113/4,115/5,120/5,128/6,128/6,chased,2021
6/0,11/0,24/0,35/0,39/0,39/0,45/0,49/0,64/0,65/1,71/1,77/1,83/1,91/1,97/1,105/1,123/1,127/1,139/1,155/1,9/0,18/0,24/0,27/0,32/0,34/1,34/2,41/2,48/2,54/2,55/2,60/2,63/3,77/4,80/5,81/5,85/5,86/5,89/6,90/7,defend,2021
6/0,13/0,25/0,34/0,35/1,38/2,43/2,45/2,45/3,53/3,58/3,61/3,68/3,71/4,82/4,88/4,96/4,108/5,120/5,125/6,1/1,10/1,19/1,23/2,24/2,25/3,34/3,37/3,46/3,49/3,57/3,60/3,64/3,69/5,77/5,80/6,88/6,103/6,103/6,103/6,defend,2021
6/0,9/0,14/0,14/1,14/1,16/2,21/2,26/2,29/2,30/3,34/4,34/5,38/6,40/7,46/7,47/8,48/9,51/9,55/9,55/10,6/0,11/0,16/1,22/1,29/1,38/1,41/1,44/1,47/2,52/2,56/2,56/2,56/2,56/2,56/2,56/2,56/2,56/2,56/2,56/2,chased,2021
6/0,16/0,17/0,23/0,28/0,38/0,45/1,51/1,53/1,60/1,68/1,75/1,83/2,94/2,103/3,115/3,132/3,135/3,143/3,154/3,2/0,3/1,10/1,18/1,24/3,39/3,44/3,46/3,48/3,50/4,54/4,57/4,64/4,69/4,77/5,85/5,87/5,93/7,100/8,101/10,defend,2021
6/0,7/0,20/0,27/0,32/1,40/1,42/1,46/1,49/1,57/1,64/1,69/1,74/1,80/2,87/2,90/3,98/3,106/3,119/3,135/3,10/1,12/1,21/2,21/2,21/2,21/2,21/2,21/2,21/2,21/2,21/2,21/2,21/2,21/2,21/2,21/2,21/2,21/2,21/2,21/2,unknown,2021
6/0,18/0,28/0,41/0,64/0,79/0,83/0,92/0,98/1,112/1,123/1,128/1,137/1,147/1,151/1,156/1,165/1,182/2,186/2,196/2,2/0,3/0,4/0,7/0,7/0,10/0,13/1,14/1,15/1,16/1,17/1,17/1,19/1,23/1,25/1,26/1,26/2,30/2,31/2,32/3,defend,2021
6/0,18/0,25/0,36/0,49/0,64/0,70/0,78/0,84/1,101/1,124/1,134/1,143/1,147/1,163/1,182/1,204/1,212/2,218/2,224/3,0/0,5/2,5/2,7/2,13/3,14/4,14/6,14/6,14/7,20/7,21/7,22/7,26/8,27/8,29/10,29/10,29/10,29/10,29/10,29/10,defend,2021
6/0,15/0,25/0,30/0,37/0,45/0,55/0,61/1,63/2,68/2,70/2,76/3,81/5,84/6,85/7,91/7,95/7,97/7,100/8,104/8,5/0,8/0,13/0,15/1,17/2,19/3,25/3,27/3,31/3,33/4,39/4,43/5,47/6,50/7,51/9,53/9,61/10,61/10,61/10,61/10,defend,2021
6/0,14/0,14/0,18/1,20/1,23/2,24/2,27/3,29/3,30/5,38/5,40/5,46/5,52/5,54/5,60/6,68/6,72/6,80/6,86/8,7/0,11/0,15/0,25/1,34/1,35/1,40/1,46/1,51/1,55/1,66/1,83/1,87/1,87/1,87/1,87/1,87/1,87/1,87/1,87/1,chased,2021
6/0,11/0,19/0,23/0,27/0,37/0,45/0,50/0,53/1,66/1,70/2,76/2,88/2,92/2,102/2,108/3,120/3,124/4,133/4,142/4,1/0,3/0,4/0,7/0,10/0,16/0,17/0,23/2,38/2,47/2,48/2,52/2,57/2,57/3,64/3,69/4,73/5,75/7,85/7,90/9,defend,2021
6/0,6/0,10/0,15/0,20/0,26/0,31/0,36/0,42/0,55/1,62/2,68/2,75/3,83/3,86/5,93/5,104/5,109/5,118/6,128/7,4/1,11/1,17/1,19/1,32/1,34/1,43/1,46/1,49/1,52/1,56/3,59/3,64/3,76/3,85/3,89/3,98/4,105/5,109/7,117/10,defend,2021
6/0,15/0,17/1,17/2,23/2,28/2,33/2,36/2,39/3,42/3,49/3,57/3,60/3,64/3,70/3,73/3,80/3,89/3,92/5,101/5,0/2,6/2,11/2,19/2,29/2,37/2,44/2,47/2,53/2,61/2,67/2,71/3,75/5,88/5,91/6,94/6,96/6,102/6,102/6,102/6,chased,2021
6/0,12/0,14/1,25/1,32/1,35/1,42/1,42/2,50/3,52/3,60/4,66/4,73/4,76/5,80/6,84/7,93/7,99/7,104/8,113/9,6/0,16/0,27/0,33/0,34/1,49/1,52/1,67/1,74/1,86/2,89/3,95/3,104/3,109/3,116/3,116/3,116/3,116/3,116/3,116/3,chased,2020
6/0,14/0,20/1,22/1,33/1,38/1,44/1,53/2,68/2,77/2,83/2,86/2,97/2,100/2,109/3,114/3,122/3,130/4,144/4,155/5,4/0,13/0,23/0,25/1,31/1,39/1,45/1,53/2,54/2,55/2,64/2,75/2,81/2,87/3,103/3,109/4,116/6,128/6,136/7,151/7,defend,2020
6/0,9/0,18/0,29/0,37/1,48/1,54/1,63/1,69/2,70/3,74/4,79/4,81/4,87/4,94/4,103/4,106/5,123/5,128/5,134/5,6/0,9/0,20/1,23/2,26/3,31/3,35/3,47/3,55/3,66/3,71/3,79/4,92/5,92/5,92/5,92/5,92/5,92/5,92/5,92/5,defend,2020
6/0,18/0,24/0,32/0,34/0,39/1,44/1,48/1,56/1,62/2,72/2,76/2,80/3,82/3,85/4,91/4,99/4,103/6,108/6,123/6,2/1,7/1,15/1,22/1,28/2,39/3,44/3,50/3,56/3,60/3,65/3,68/4,77/4,83/4,91/4,101/4,107/4,118/5,124/6,124/6,chased,2020
6/0,16/0,19/0,29/0,39/0,49/1,54/1,62/2,68/2,71/2,85/2,98/2,109/2,118/3,132/3,137/4,143/5,145/6,154/7,163/8,1/0,7/0,11/1,19/1,24/1,26/1,30/2,32/2,36/2,42/2,49/2,61/3,67/3,75/3,87/3,92/3,97/4,112/4,113/6,116/6,defend,2020
6/1,14/2,19/2,33/2,37/2,46/2,48/3,51/3,54/3,61/4,68/4,73/5,89/5,92/5,102/5,105/5,116/5,126/5,139/6,144/7,1/1,16/1,26/1,30/3,31/4,36/4,41/4,50/4,52/4,56/4,59/4,66/4,72/4,79/4,85/5,88/7,91/9,91/9,91/9,91/9,defend,2026
6/1,11/1,15/1,22/1,27/1,38/1,41/2,44/2,50/2,56/2,63/3,71/3,77/3,81/3,84/3,89/3,100/3,109/3,117/3,125/5,3/0,6/0,8/0,16/0,24/0,27/0,32/1,43/1,48/1,51/1,59/1,61/2,72/2,80/2,86/2,90/3,95/3,99/3,102/3,106/5,defend,2026
6/1,10/1,11/2,11/3,16/3,21/3,25/3,29/3,33/4,39/4,50/4,54/5,57/5,63/5,71/5,79/5,84/5,95/5,99/5,107/7,3/0,7/0,15/0,21/0,27/1,37/1,42/1,50/1,58/2,62/3,68/3,70/3,80/3,87/3,92/3,95/3,100/4,105/4,108/4,108/4,chased,2026
6/1,12/2,17/2,22/3,24/3,29/3,30/3,31/4,34/4,41/4,43/4,43/5,50/6,53/6,62/6,64/7,67/7,78/7,83/8,86/8,13/0,19/1,26/1,29/1,38/1,48/1,62/1,71/1,81/1,87/1,87/1,87/1,87/1,87/1,87/1,87/1,87/1,87/1,87/1,87/1,chased,2026
6/1,7/1,11/2,23/2,28/2,38/2,42/2,48/2,61/2,66/2,69/2,80/2,85/3,92/3,93/3,102/3,111/3,125/4,135/4,145/4,6/0,11/0,17/0,21/0,31/0,43/0,50/0,57/0,64/0,66/0,72/0,76/0,82/0,94/0,101/0,114/0,120/0,130/0,143/0,151/0,chased,2025
6/1,8/1,12/1,17/2,25/2,28/2,35/2,43/3,50/3,52/3,65/3,66/4,71/4,76/4,81/4,93/4,104/4,115/4,119/6,124/7,1/0,9/0,14/0,22/0,29/0,30/0,37/0,37/0,40/1,44/1,51/2,54/2,56/3,60/5,63/6,70/6,77/6,82/6,87/6,96/6,defend,2025
6/1,12/1,19/1,25/1,36/1,40/1,47/1,57/1,67/1,74/1,79/1,95/1,103/1,107/1,121/1,123/2,134/2,142/2,146/3,151/3,0/3,5/3,7/3,8/4,11/4,17/4,18/5,21/5,23/5,25/7,26/10,26/10,26/10,26/10,26/10,26/10,26/10,26/10,26/10,26/10,defend,2025
6/1,14/1,22/2,30/2,41/2,52/2,56/2,58/3,64/3,71/3,89/3,110/3,115/3,124/3,129/3,136/3,140/4,146/4,152/4,161/5,10/0,11/0,11/1,14/2,17/2,17/2,27/2,29/2,34/2,43/2,45/2,54/2,58/2,59/3,64/3,67/6,74/6,80/6,83/7,88/7,defend,2025
6/1,10/1,20/1,32/1,37/1,41/2,46/2,60/2,64/2,67/2,79/2,84/2,89/2,94/2,100/3,100/6,103/6,107/7,113/8,118/8,7/1,7/1,16/1,16/1,23/1,28/1,35/1,39/1,43/1,49/1,55/1,60/2,67/2,73/2,75/3,85/3,97/3,105/3,111/3,121/4,chased,2025
6/1,19/1,22/1,22/1,24/1,29/1,36/1,45/1,52/1,60/1,65/1,73/1,78/2,86/2,93/3,97/4,103/4,113/4,121/6,135/6,5/0,6/1,11/1,15/2,24/2,30/3,35/3,41/4,46/4,53/4,61/4,64/4,78/4,81/4,84/4,90/4,98/4,105/4,116/4,121/4,defend,2024
6/1,11/1,13/1,24/1,27/1,31/1,41/1,53/1,55/2,57/3,59/3,70/3,74/3,78/3,84/3,86/3,98/4,102/4,113/4,123/4,2/0,5/0,6/0,10/0,13/1,22/1,28/1,30/1,38/1,42/1,52/1,59/1,65/2,67/3,69/4,76/4,82/4,88/5,97/5,105/6,defend,2024
6/1,7/1,14/1,14/2,22/2,30/2,34/2,38/2,47/2,54/2,58/2,65/2,77/3,81/4,88/4,95/5,100/6,111/6,115/7,122/9,8/0,24/0,27/0,32/0,35/0,37/1,41/2,45/2,50/2,55/3,65/3,70/3,76/4,79/4,87/4,92/4,103/4,105/7,111/7,121/8,defend,2024
6/1,16/1,23/1,28/1,34/1,44/1,52/2,61/2,66/2,73/2,83/2,89/2,99/2,114/2,120/2,125/2,133/2,138/3,145/4,148/4,0/0,4/0,4/0,6/0,8/0,8/0,9/1,13/1,13/1,15/1,16/2,19/2,21/4,21/4,22/7,25/8,25/8,25/8,28/9,28/10,defend,2024
6/1,15/1,22/1,33/2,41/2,44/2,52/2,62/2,65/3,75/3,82/3,87/3,97/3,103/3,114/3,124/3,133/4,146/4,162/4,169/5,0/1,4/1,7/1,10/1,19/1,23/2,29/2,32/2,35/2,45/2,54/2,60/2,65/2,69/2,70/4,77/4,80/5,82/6,85/7,86/8,defend,2024
6/1,12/1,17/2,31/2,41/2,47/2,50/2,53/2,53/3,56/3,62/3,65/3,68/3,70/4,75/4,81/5,84/5,91/6,93/6,97/7,4/0,15/0,19/1,21/1,26/1,30/1,36/1,38/1,45/2,49/2,53/2,57/3,66/3,71/4,76/5,82/5,86/5,94/5,101/7,101/7,chased,2024
6/1,12/1,13/1,21/2,25/3,32/3,35/3,42/4,48/5,51/6,59/6,65/7,67/8,82/8,84/8,89/8,98/8,104/10,104/10,104/10,6/0,15/1,36/1,41/1,53/1,67/1,69/1,74/1,78/1,81/2,86/2,92/2,104/2,110/2,110/2,110/2,110/2,110/2,110/2,110/2,chased,2023
6/1,22/1,24/1,28/1,36/1,40/1,43/2,52/2,58/2,70/2,74/2,84/2,92/2,103/2,106/2,115/3,123/3,132/5,137/6,139/6,0/1,7/1,11/1,19/1,23/1,27/2,39/2,46/2,55/2,63/2,69/2,78/2,85/2,94/2,101/2,114/3,124/3,136/3,140/3,140/3,chased,2023
6/1,8/2,13/2,15/2,22/2,25/2,27/2,33/3,40/4,42/5,53/5,57/5,64/5,69/5,73/5,84/5,100/5,104/6,105/7,110/8,6/0,8/0,15/0,19/1,22/1,24/1,31/1,39/1,41/3,44/3,54/3,61/3,66/4,74/6,75/7,79/7,86/8,93/8,95/8,104/8,defend,2023
6/1,10/1,19/1,24/1,35/1,39/2,42/2,49/2,56/2,63/2,67/2,77/2,87/2,95/2,101/2,112/3,122/4,133/4,139/5,144/7,5/0,18/0,20/1,21/1,31/2,40/2,50/2,56/2,65/2,75/2,85/3,94/3,103/3,103/4,111/4,119/4,125/4,136/5,143/5,145/5,chased,2022
6/1,8/1,10/1,13/1,21/1,32/1,38/1,43/2,46/2,53/3,61/3,75/3,82/3,92/5,92/5,92/5,92/5,92/5,92/5,92/5,10/0,25/0,30/0,34/0,39/0,43/0,54/0,58/1,62/1,64/1,67/1,74/2,79/3,83/6,83/6,83/6,83/6,83/6,83/6,83/6,defend,2022
6/1,9/1,15/1,21/2,23/2,27/2,28/2,28/2,30/2,35/2,42/3,48/3,50/3,54/4,60/5,63/5,67/5,69/7,73/7,78/9,13/0,16/0,24/0,27/0,36/0,45/0,52/0,56/0,57/0,58/2,62/3,63/3,73/3,78/3,79/4,79/4,79/4,79/4,79/4,79/4,chased,2022
6/1,14/1,21/1,27/1,34/1,40/1,45/1,50/1,56/1,63/2,75/2,80/2,85/2,93/3,98/3,106/3,113/3,119/3,122/4,131/4,2/0,6/0,8/0,10/0,18/0,21/0,30/0,32/0,35/0,42/0,44/1,48/1,50/1,55/1,64/1,69/1,78/1,87/2,94/2,101/2,defend,2021
6/2,16/2,17/3,22/3,28/3,38/3,41/4,56/4,64/4,69/5,75/5,81/6,82/6,93/6,97/6,110/6,122/6,127/7,131/8,140/10,6/0,15/0,22/1,24/2,30/3,31/3,38/4,40/5,40/6,49/7,55/8,63/8,66/9,68/10,68/10,68/10,68/10,68/10,68/10,68/10,defend,2026
6/2,8/3,8/3,9/3,15/3,18/4,24/4,33/4,36/4,46/4,48/5,53/5,60/5,64/5,67/6,74/6,82/6,96/7,100/8,111/8,1/0,10/0,15/0,26/0,31/0,32/1,42/1,51/1,61/1,64/1,73/1,80/1,85/1,87/2,94/2,108/2,110/3,114/3,114/3,114/3,chased,2024
6/2,12/2,16/4,22/4,28/5,43/5,50/6,62/7,76/7,85/7,88/8,91/8,91/8,95/9,102/9,104/9,109/9,109/10,109/10,109/10,2/0,8/1,10/1,15/1,21/1,28/2,33/3,34/4,43/5,46/6,52/6,55/6,60/6,61/6,63/7,64/8,66/8,67/9,71/9,74/9,defend,2024
6/2,16/2,20/3,25/4,34/6,34/6,34/6,34/6,34/6,34/6,34/6,34/6,34/6,34/6,34/6,34/6,34/6,34/6,34/6,34/6,7/1,14/1,18/3,26/4,35/5,35/5,35/5,35/5,35/5,35/5,35/5,35/5,35/5,35/5,35/5,35/5,35/5,35/5,35/5,35/5,chased,2023
6/3,6/5,8/6,10/6,14/7,14/8,17/9,19/9,21/9,24/9,32/9,32/10,32/10,32/10,32/10,32/10,32/10,32/10,32/10,32/10,2/0,14/0,19/0,26/0,33/0,33/0,33/0,33/0,33/0,33/0,33/0,33/0,33/0,33/0,33/0,33/0,33/0,33/0,33/0,33/0,chased,2025
7/0,13/0,21/0,28/0,35/1,37/2,47/2,56/2,63/2,71/2,91/2,107/2,113/2,122/2,133/2,142/2,147/3,154/3,156/5,161/5,7/1,10/1,12/1,27/1,28/1,31/1,35/1,41/2,44/2,58/2,66/2,68/3,70/6,77/6,85/6,96/6,109/7,113/9,121/9,121/10,defend,2026
7/0,10/0,27/0,28/2,37/2,37/2,48/2,58/2,67/2,72/2,83/2,91/2,96/2,104/3,109/3,119/3,125/4,130/4,138/6,154/7,9/0,20/0,29/1,41/1,43/2,49/3,51/3,57/3,60/3,66/5,71/5,77/5,86/5,94/5,95/5,101/6,117/6,120/6,128/6,138/8,defend,2026
7/0,13/0,24/0,31/0,38/0,52/0,60/0,69/0,74/0,82/0,90/0,94/0,100/0,112/0,124/0,131/1,142/1,158/1,169/1,182/2,2/0,7/1,13/1,18/2,19/3,19/4,22/4,31/4,33/4,37/4,44/4,50/5,55/5,56/5,62/5,66/5,73/5,75/5,76/6,85/7,defend,2026
7/0,14/0,18/1,25/2,29/2,36/2,48/2,55/2,60/2,65/2,73/2,87/2,95/2,108/2,121/2,131/3,140/4,143/4,152/5,169/7,1/0,2/0,4/2,4/3,11/3,12/3,20/3,22/3,24/3,28/3,31/4,32/4,39/4,46/5,48/5,53/6,56/6,59/7,63/8,70/8,defend,2026
7/0,18/1,31/1,45/1,57/1,65/2,70/2,77/2,91/2,99/2,112/3,115/4,124/4,133/4,145/4,158/4,173/4,178/6,195/6,211/7,0/1,7/1,18/1,28/1,32/2,33/3,36/3,44/3,57/3,61/3,61/3,61/3,61/3,61/3,61/3,61/3,61/3,61/3,61/3,61/3,defend,2026
7/0,21/0,39/0,44/0,46/0,57/1,59/1,65/1,72/1,78/2,85/2,87/3,90/3,103/3,109/3,115/3,125/4,136/4,141/5,159/5,1/1,3/2,9/2,11/2,11/2,12/2,14/5,15/6,20/7,21/8,23/10,23/10,23/10,23/10,23/10,23/10,23/10,23/10,23/10,23/10,defend,2026
7/0,23/0,40/0,46/1,51/2,53/4,64/4,75/4,87/6,87/6,87/6,87/6,87/6,87/6,87/6,87/6,87/6,87/6,87/6,87/6,12/0,17/1,26/1,37/1,44/2,57/3,64/3,74/5,84/6,84/6,84/6,84/6,84/6,84/6,84/6,84/6,84/6,84/6,84/6,84/6,defend,2026
7/0,7/0,12/0,17/1,27/1,27/2,31/2,31/4,33/4,38/4,41/4,44/4,52/5,53/5,55/7,59/7,66/7,68/8,73/9,82/9,3/1,6/1,15/1,17/2,18/2,18/2,22/2,36/2,40/2,43/3,48/3,54/3,59/3,68/3,75/3,83/3,83/3,83/3,83/3,83/3,chased,2026
7/0,11/1,18/2,26/3,29/3,35/3,40/3,46/3,55/3,61/3,67/3,74/3,84/3,90/3,98/3,105/3,113/3,122/3,131/4,142/5,1/0,6/0,6/1,9/2,15/2,20/2,29/3,34/3,35/3,43/3,47/3,55/3,59/3,66/3,68/3,74/3,79/3,85/3,88/3,94/3,defend,2026
7/0,9/0,15/0,22/0,29/0,31/1,44/1,51/1,58/1,67/1,73/1,76/1,91/2,98/2,106/2,111/3,116/3,124/4,132/5,141/6,10/0,23/0,26/0,29/1,31/1,37/2,39/2,42/3,47/3,53/3,56/3,64/3,66/4,72/4,74/5,78/5,83/5,89/6,91/6,97/8,defend,2026
7/0,13/0,22/0,28/0,40/0,52/0,62/0,77/0,80/1,95/1,109/1,119/1,135/1,148/1,156/3,160/4,165/5,179/5,185/5,200/5,9/0,13/0,17/1,24/1,27/2,28/3,29/3,33/3,35/3,39/4,43/7,51/9,51/10,51/10,51/10,51/10,51/10,51/10,51/10,51/10,defend,2026
7/0,14/1,19/1,21/1,26/3,30/3,31/4,34/6,38/6,40/7,43/8,48/8,50/9,55/9,56/10,56/10,56/10,56/10,56/10,56/10,11/0,22/0,26/0,33/0,38/0,48/0,57/0,57/0,57/0,57/0,57/0,57/0,57/0,57/0,57/0,57/0,57/0,57/0,57/0,57/0,chased,2026
7/0,11/0,24/0,27/0,41/0,54/0,62/0,77/0,83/1,87/1,94/2,105/3,114/3,126/3,137/3,152/3,155/3,163/5,167/6,179/6,13/0,21/0,31/0,38/0,41/2,45/3,49/4,51/5,56/5,59/5,63/6,69/6,78/6,86/7,93/7,97/7,102/8,110/8,120/9,121/10,defend,2026
7/0,21/1,24/1,37/1,45/1,59/1,74/1,82/1,90/1,99/1,111/1,112/1,130/1,136/1,147/1,154/1,161/2,176/3,181/4,188/5,5/0,10/0,12/0,13/0,19/0,22/0,27/0,29/0,32/1,34/1,39/2,46/3,49/4,53/4,58/4,63/4,70/5,79/6,84/7,88/7,defend,2026
7/0,10/0,17/0,20/0,28/0,42/0,53/0,60/0,64/1,69/2,75/3,84/3,92/3,99/3,101/3,101/3,101/3,101/3,101/3,101/3,0/0,0/0,0/0,0/0,0/0,0/0,0/0,0/0,0/0,0/0,0/0,0/0,0/0,0/0,0/0,0/0,0/0,0/0,0/0,0/0,unknown,2025
7/0,8/0,14/0,19/1,23/1,26/1,31/1,39/1,46/1,50/1,55/1,59/1,62/2,71/2,74/2,83/3,91/4,95/4,95/6,100/7,5/0,6/1,10/1,14/1,24/1,26/1,28/1,28/2,33/2,38/2,42/3,47/3,55/3,60/3,66/3,74/4,76/6,81/6,91/7,98/7,defend,2025
7/0,9/1,12/2,14/2,18/3,19/3,24/3,28/3,29/4,35/4,45/4,49/4,57/4,64/4,72/4,82/5,89/6,97/6,106/6,126/6,3/0,18/0,23/0,24/1,27/1,37/1,44/1,52/1,59/1,73/1,80/1,82/2,86/3,97/4,106/4,110/4,115/5,118/6,121/8,125/10,defend,2025
7/0,17/1,29/1,31/1,41/1,45/1,49/1,57/1,65/1,73/1,81/1,90/1,96/1,105/1,107/1,116/1,121/1,127/1,143/1,151/1,8/1,17/3,20/4,24/6,26/6,26/8,34/9,37/10,37/10,37/10,37/10,37/10,37/10,37/10,37/10,37/10,37/10,37/10,37/10,37/10,defend,2025
7/0,13/0,17/0,22/0,24/1,33/1,38/1,45/1,56/1,59/2,66/2,69/3,76/3,76/3,76/3,76/3,76/3,76/3,76/3,76/3,6/1,9/3,17/3,24/4,40/4,56/4,56/4,56/4,56/4,56/4,56/4,56/4,56/4,56/4,56/4,56/4,56/4,56/4,56/4,56/4,chased,2025
7/0,8/0,15/1,16/1,25/2,27/2,29/2,36/4,39/4,41/5,46/5,48/5,48/7,49/8,53/9,56/9,56/10,56/10,56/10,56/10,1/0,9/1,11/1,16/2,19/2,27/2,32/2,38/2,40/2,48/2,57/2,57/2,57/2,57/2,57/2,57/2,57/2,57/2,57/2,57/2,chased,2025
7/0,12/0,17/0,30/0,37/0,49/0,72/0,81/1,86/3,86/3,86/3,86/3,86/3,86/3,86/3,86/3,86/3,86/3,86/3,86/3,10/0,13/2,18/2,32/2,41/2,43/2,48/2,55/2,67/3,67/3,67/3,67/3,67/3,67/3,67/3,67/3,67/3,67/3,67/3,67/3,defend,2025
7/0,16/0,18/1,36/1,49/1,68/1,72/1,80/1,91/1,93/3,103/4,108/4,113/5,118/6,120/6,135/6,136/7,149/7,158/7,162/9,15/0,26/0,27/0,41/0,50/0,59/0,68/0,73/0,79/0,88/1,99/1,105/1,113/1,119/1,132/1,135/2,143/2,154/2,163/3,163/3,chased,2025
7/0,25/0,34/0,46/0,55/1,63/1,72/1,78/1,84/2,88/2,92/3,97/3,101/4,103/5,110/5,117/5,122/5,133/5,147/5,164/5,1/1,5/1,10/1,12/1,13/2,18/2,28/2,30/2,32/3,36/3,41/3,53/3,56/4,63/4,68/4,74/4,82/4,89/4,106/4,112/5,defend,2025
7/0,16/0,23/0,27/2,29/2,38/2,45/2,50/2,58/2,67/2,77/2,84/2,89/2,97/2,103/2,112/3,119/3,127/3,136/3,145/4,4/0,5/1,5/2,14/2,19/2,20/2,21/2,23/2,26/2,27/3,29/3,29/3,41/4,41/6,45/6,50/6,50/6,52/7,53/8,54/10,defend,2025
7/0,11/0,12/0,13/0,25/0,27/1,31/1,34/2,39/2,40/2,45/4,52/4,56/4,67/4,72/5,78/7,80/7,82/7,86/8,92/10,2/0,9/2,11/2,15/2,18/2,24/2,27/3,36/3,44/4,48/4,56/4,59/5,59/5,59/5,59/5,59/5,59/5,59/5,59/5,59/5,chased,2025
7/0,11/0,17/0,20/2,23/2,28/2,31/2,38/2,40/2,42/3,52/3,60/3,69/3,84/3,89/3,98/3,102/3,108/3,111/4,119/6,5/1,20/1,25/1,35/1,41/1,44/1,52/1,55/1,60/1,64/1,72/1,74/3,79/3,86/3,88/4,95/5,105/5,113/5,120/5,120/5,chased,2025
7/0,8/0,13/0,14/1,21/1,22/1,31/1,37/1,44/1,48/1,52/1,55/2,65/2,71/3,75/3,80/3,86/4,98/4,101/5,107/5,1/0,9/0,13/1,16/1,23/1,29/1,31/1,33/1,40/1,45/1,47/2,50/2,57/3,59/4,68/4,71/5,78/5,80/6,85/6,87/7,defend,2025
7/0,10/1,20/1,28/1,37/1,46/1,57/1,68/2,80/2,95/2,105/2,113/2,115/3,121/3,131/3,143/3,150/3,156/5,168/5,177/5,10/1,11/1,13/1,15/1,18/2,18/2,18/3,22/3,23/3,25/3,25/5,30/6,30/7,31/7,33/7,36/8,37/9,37/10,37/10,37/10,defend,2025
7/0,12/0,14/0,16/0,29/0,33/0,45/0,66/0,81/0,88/1,95/1,104/1,106/1,112/1,117/1,128/1,136/1,147/2,151/3,159/4,7/0,15/0,16/0,19/1,21/1,22/1,26/1,38/1,46/1,48/4,54/4,56/6,56/7,57/8,61/8,67/8,67/8,70/9,73/9,74/9,defend,2025
7/0,9/0,10/0,14/0,25/0,26/0,34/0,36/0,43/0,50/0,65/1,72/1,77/1,82/2,90/2,100/2,110/2,114/3,127/3,139/4,2/0,9/1,14/1,16/1,22/1,26/2,31/2,34/3,39/6,39/7,50/7,56/7,73/7,78/7,82/8,83/9,85/9,85/9,92/9,93/10,defend,2025
7/0,18/0,22/0,26/0,31/0,47/0,61/0,67/0,71/1,77/1,83/1,90/2,93/2,102/2,114/2,120/2,126/2,129/3,135/3,149/3,1/0,2/0,4/1,8/2,15/2,20/3,20/3,24/3,28/4,32/4,38/6,39/7,41/8,45/8,48/8,53/9,57/9,60/10,60/10,60/10,defend,2025
7/0,11/0,14/1,18/1,26/1,35/1,39/3,42/3,47/4,58/4,67/4,72/4,79/5,83/6,87/6,92/6,93/6,100/6,107/7,115/7,1/0,13/0,20/0,37/0,47/0,62/0,70/0,82/0,84/2,85/2,98/2,104/2,109/2,112/3,116/3,116/3,116/3,116/3,116/3,116/3,chased,2025
7/0,13/0,15/0,22/0,28/0,30/0,34/1,38/1,46/1,48/1,51/1,54/1,62/1,67/1,71/1,77/2,86/2,91/2,101/3,108/4,4/0,15/0,24/0,27/0,31/2,38/2,40/2,51/2,55/2,64/2,65/3,69/3,73/4,74/6,75/9,78/9,80/10,80/10,80/10,80/10,defend,2025
7/0,11/1,12/3,16/3,19/3,20/3,21/4,23/5,28/5,29/6,33/6,36/7,36/7,37/7,40/7,43/9,46/10,46/10,46/10,46/10,7/0,24/0,29/0,32/1,35/2,40/3,46/3,50/3,50/3,50/3,50/3,50/3,50/3,50/3,50/3,50/3,50/3,50/3,50/3,50/3,chased,2025
7/0,8/0,9/0,15/0,30/0,43/0,59/0,63/1,68/1,78/2,80/3,92/3,98/3,108/3,115/3,125/3,136/3,142/4,150/4,160/5,8/0,14/2,17/2,26/2,29/3,31/3,42/3,47/3,53/4,55/4,64/4,73/5,80/5,85/6,87/8,90/9,92/10,92/10,92/10,92/10,defend,2025
7/0,22/0,29/1,31/1,37/2,40/2,41/2,43/3,48/3,54/3,60/3,63/3,65/4,67/5,68/5,69/6,71/7,74/7,78/7,84/7,6/0,15/0,23/1,30/1,39/1,48/1,51/1,54/1,58/1,67/1,72/1,83/1,85/1,85/1,85/1,85/1,85/1,85/1,85/1,85/1,chased,2025
7/0,14/0,20/0,32/0,39/1,51/1,57/1,60/2,64/3,66/4,72/4,77/4,91/4,97/4,100/5,113/5,124/5,126/5,135/5,147/6,9/0,10/0,17/0,32/0,47/0,54/0,60/0,70/0,80/0,85/1,90/1,97/1,103/1,113/1,117/1,118/3,132/3,140/3,149/3,149/3,chased,2024
7/0,10/0,17/0,21/0,27/0,40/0,44/0,54/0,63/0,68/0,75/0,81/0,89/0,90/1,109/1,115/1,124/1,148/1,162/1,176/1,8/1,9/1,9/3,11/3,12/3,14/4,19/5,20/5,21/5,22/5,27/6,27/9,28/10,28/10,28/10,28/10,28/10,28/10,28/10,28/10,defend,2024
7/0,10/0,11/1,15/1,17/1,21/1,26/1,31/1,34/2,38/2,43/2,43/4,44/4,45/5,47/5,56/5,59/6,63/6,64/8,67/9,5/0,9/0,10/1,13/1,13/1,24/1,30/1,40/1,46/1,50/1,56/1,66/1,70/1,70/1,70/1,70/1,70/1,70/1,70/1,70/1,chased,2024
7/0,11/0,20/0,27/1,29/2,33/2,38/2,41/2,49/2,52/2,53/2,56/2,62/2,73/3,81/3,87/3,92/4,104/4,115/4,122/5,2/1,5/1,8/1,13/1,18/1,27/1,32/1,32/4,34/4,35/4,38/5,44/5,48/5,50/6,52/8,58/8,67/8,70/9,72/10,72/10,defend,2024
7/0,11/0,14/0,18/1,22/1,39/1,48/1,49/1,52/1,63/1,65/1,67/2,70/2,77/2,83/3,86/4,88/4,95/4,106/4,112/5,12/2,15/3,19/4,25/4,27/5,32/5,37/5,41/6,45/6,51/6,56/7,59/7,71/7,74/7,82/7,88/7,97/8,106/9,113/9,118/10,unknown,2024
7/0,13/0,22/0,30/0,34/0,40/1,53/1,62/2,67/2,71/3,76/3,81/3,86/3,90/4,96/4,100/5,108/5,127/5,141/5,155/6,4/1,6/1,15/1,17/2,19/3,26/3,32/3,36/4,37/5,39/5,44/7,47/7,48/8,53/9,57/9,63/9,71/9,78/9,78/10,78/10,defend,2024
7/0,9/0,18/2,24/2,30/2,37/2,42/2,52/2,60/2,65/2,71/2,80/3,91/3,95/4,101/5,115/5,127/5,132/5,139/6,151/8,5/0,13/0,25/0,29/1,39/1,41/2,48/3,57/3,63/3,67/3,75/3,79/3,82/3,90/3,99/3,111/4,112/5,124/5,138/5,142/9,defend,2024
7/0,10/1,18/2,23/2,27/2,35/2,39/2,42/2,44/2,53/2,62/2,68/2,72/3,78/3,86/3,94/3,103/4,114/4,124/4,134/5,2/0,4/0,16/0,25/0,33/1,43/1,53/1,63/1,69/1,74/1,81/1,93/1,108/1,116/1,121/2,124/2,131/2,135/2,135/2,135/2,chased,2024
7/0,19/0,27/0,35/0,46/0,54/0,61/0,67/0,71/2,74/2,82/3,90/3,98/3,110/3,123/3,137/4,146/4,155/4,166/4,178/4,9/0,14/1,16/1,17/2,22/2,28/2,28/3,38/3,38/5,40/6,43/6,50/6,56/6,57/6,61/6,63/7,73/7,78/7,81/8,84/9,defend,2024
7/0,14/0,23/0,26/0,31/0,37/0,52/0,65/0,70/0,78/0,80/1,85/1,95/1,102/1,116/1,132/1,142/1,152/1,157/3,158/4,5/0,11/0,14/0,16/0,17/0,22/0,24/0,24/0,30/1,30/1,37/1,38/1,40/3,48/4,49/5,55/6,57/6,58/6,60/8,63/9,defend,2024
7/0,14/0,20/1,26/1,31/1,33/1,36/2,36/2,43/3,44/4,50/4,55/4,61/4,66/4,67/6,71/6,78/7,79/7,85/8,90/8,7/0,7/0,12/0,14/1,19/1,27/1,33/1,38/1,47/1,53/1,61/1,64/1,71/1,80/1,89/1,93/1,93/1,93/1,93/1,93/1,chased,2024
7/0,9/0,10/0,18/0,32/0,34/0,42/1,48/1,54/2,59/2,68/2,76/2,79/4,83/4,89/5,99/6,105/6,116/6,125/6,134/8,2/0,9/0,15/1,22/1,31/1,43/1,49/1,55/1,60/1,70/2,76/3,83/3,95/3,102/4,109/4,112/5,122/6,132/6,137/6,137/6,chased,2024
7/0,9/0,10/0,13/0,19/0,21/1,25/1,33/1,36/1,41/1,43/2,45/3,48/3,50/4,56/4,63/4,69/4,73/4,75/5,82/5,11/0,13/1,19/1,24/1,28/1,33/3,35/4,37/4,39/5,43/6,44/8,46/8,51/9,54/10,54/10,54/10,54/10,54/10,54/10,54/10,defend,2024
7/0,16/0,19/0,26/1,31/1,45/1,52/1,60/1,62/1,73/1,82/2,99/2,102/3,108/3,121/3,132/3,144/3,156/3,165/4,181/4,9/0,12/0,12/1,18/1,23/1,36/1,41/1,55/1,63/2,70/2,76/2,87/3,88/4,98/4,112/4,122/4,130/4,146/4,159/4,168/4,defend,2024
7/0,21/0,30/0,32/0,37/0,41/0,50/0,55/0,62/1,70/1,76/1,87/1,98/1,102/2,105/3,114/5,122/5,127/6,133/7,136/9,5/0,12/0,16/0,27/0,38/0,45/0,51/0,56/1,59/1,65/1,70/1,76/1,78/2,82/2,89/3,92/4,95/6,101/6,104/7,109/9,defend,2024
7/0,9/1,15/1,16/2,17/2,22/2,23/2,33/2,33/2,39/2,40/2,43/2,45/2,49/2,55/2,64/2,71/2,73/3,78/3,84/5,2/0,5/1,12/1,17/1,22/2,29/2,43/2,46/2,55/3,56/4,61/4,70/4,70/5,79/5,86/5,86/5,86/5,86/5,86/5,86/5,chased,2024
7/0,11/0,13/1,20/1,27/2,30/2,34/2,38/2,42/2,44/2,49/2,56/2,62/2,69/3,78/3,83/5,87/7,95/7,99/7,104/10,2/0,12/0,15/0,18/1,25/1,29/1,36/1,46/2,51/2,59/2,66/3,73/3,75/3,80/3,83/5,88/5,96/5,103/5,105/5,105/5,chased,2024
7/0,8/0,13/1,18/2,25/3,30/3,32/4,37/5,40/5,41/5,43/6,44/7,49/7,53/7,54/10,54/10,54/10,54/10,54/10,54/10,2/2,9/2,14/3,16/3,20/3,25/3,30/3,34/3,35/3,37/4,39/4,53/4,55/4,55/4,55/4,55/4,55/4,55/4,55/4,55/4,chased,2024
7/0,10/0,19/0,19/0,32/0,33/0,38/2,46/2,48/2,51/2,57/2,63/3,68/3,78/3,84/3,86/5,93/6,100/7,106/7,117/9,0/0,1/1,3/2,4/5,5/5,5/6,5/6,8/6,8/9,8/10,8/10,8/10,8/10,8/10,8/10,8/10,8/10,8/10,8/10,8/10,defend,2024
7/0,14/0,24/0,32/0,41/0,45/1,51/1,56/2,68/2,71/2,77/2,87/2,91/2,103/2,117/2,129/2,138/2,147/2,156/3,165/5,3/0,8/1,18/1,32/1,32/2,39/2,42/2,52/3,54/3,58/3,69/4,71/5,87/5,89/7,93/8,95/9,95/10,95/10,95/10,95/10,defend,2023
7/0,13/0,24/0,31/0,38/0,49/0,56/0,67/0,79/1,84/1,90/1,99/1,107/3,114/3,129/3,142/3,150/3,167/3,175/3,189/3,12/0,18/0,19/1,30/1,32/2,36/2,41/2,48/2,54/2,64/3,72/3,78/3,90/3,96/3,100/4,103/5,107/5,110/6,113/8,118/8,defend,2023
7/0,10/0,16/1,21/1,25/1,29/1,40/3,46/3,57/3,62/4,67/4,69/5,79/5,88/5,93/5,103/5,114/5,124/5,139/5,147/6,5/0,12/1,24/1,26/1,27/2,30/2,37/2,42/2,50/2,54/3,60/3,64/5,72/5,83/5,86/5,98/5,104/6,107/6,111/7,120/9,defend,2023
7/0,12/0,24/0,32/0,36/0,48/0,51/0,54/0,64/0,67/0,76/0,83/0,87/1,96/1,108/1,119/1,129/1,136/1,143/2,150/3,6/0,13/0,21/0,27/1,31/1,40/1,44/1,49/1,57/2,63/2,67/3,79/3,94/3,101/4,106/4,123/4,129/4,135/4,143/5,151/5,chased,2023
7/0,11/0,25/0,29/0,31/0,46/0,52/0,59/0,63/0,72/0,76/1,80/1,90/1,93/1,99/1,110/1,113/2,124/2,136/3,150/3,2/0,12/0,14/0,23/1,27/1,34/1,44/1,56/1,64/1,75/1,79/1,89/1,92/2,98/2,108/3,120/3,132/3,139/3,150/3,156/3,chased,2023
7/0,12/1,18/1,21/2,25/2,27/2,34/2,41/2,50/2,55/2,59/2,65/3,75/3,80/3,86/3,90/3,93/4,96/5,98/7,102/9,5/0,12/1,13/1,16/2,19/2,28/2,32/2,36/2,40/2,46/2,57/2,62/2,65/3,69/4,76/4,85/4,88/6,101/6,103/6,103/6,chased,2023
7/0,9/0,14/1,18/2,22/2,30/2,36/3,39/3,42/4,45/4,49/4,50/5,52/6,58/6,59/6,71/6,74/6,75/10,75/10,75/10,1/0,4/0,9/0,20/0,25/0,37/0,41/1,44/1,48/1,53/1,59/1,70/2,71/2,76/2,76/2,76/2,76/2,76/2,76/2,76/2,chased,2023
7/0,14/0,17/0,21/0,34/0,41/0,47/0,53/0,64/0,64/1,71/2,78/2,90/2,92/3,95/3,99/4,112/4,115/5,130/5,137/5,3/0,10/0,14/0,29/0,31/1,39/1,42/1,50/1,60/1,67/1,72/1,77/1,91/1,95/2,101/2,101/2,101/2,101/2,101/2,101/2,chased,2023
7/0,12/0,21/0,23/0,33/0,34/1,39/2,40/4,43/4,44/4,46/5,52/6,56/7,58/8,58/8,65/8,69/9,74/9,75/10,75/10,3/1,9/1,18/1,19/1,26/1,32/1,33/2,35/2,38/2,40/2,40/3,44/4,48/5,51/6,56/6,59/9,59/10,59/10,59/10,59/10,defend,2023
7/0,9/1,9/2,11/2,13/2,17/2,24/2,29/2,32/2,37/2,44/3,48/3,58/3,63/3,67/3,69/4,78/4,85/6,90/6,101/6,5/1,12/1,20/1,27/1,33/1,37/1,37/1,37/1,37/1,37/1,37/1,37/1,37/1,37/1,37/1,37/1,37/1,37/1,37/1,37/1,chased,2023
7/0,9/1,10/1,10/2,21/2,26/3,29/3,31/4,40/6,44/8,52/8,57/8,61/10,61/10,61/10,61/10,61/10,61/10,61/10,61/10,16/0,20/0,23/0,30/0,34/0,44/1,58/1,64/1,64/1,64/1,64/1,64/1,64/1,64/1,64/1,64/1,64/1,64/1,64/1,64/1,chased,2023
7/0,27/0,34/0,42/0,54/0,70/0,78/0,93/0,109/0,122/0,137/0,145/0,161/0,172/0,183/0,193/0,207/0,214/1,224/1,234/1,1/2,3/2,7/3,12/3,12/4,12/5,21/5,21/5,24/5,24/6,24/7,24/8,26/10,26/10,26/10,26/10,26/10,26/10,26/10,26/10,defend,2023
7/0,11/1,20/1,26/1,31/1,42/1,49/1,54/2,62/2,65/3,76/3,83/3,94/3,102/3,102/4,108/4,113/5,122/5,128/6,131/6,3/0,5/0,8/0,12/0,13/1,21/1,22/3,25/3,30/3,35/5,36/6,39/6,43/7,43/8,45/8,45/10,45/10,45/10,45/10,45/10,defend,2023
7/0,16/1,21/1,22/1,26/1,31/2,35/2,37/2,44/2,51/2,58/2,63/3,72/4,77/5,92/5,98/5,105/5,112/5,125/5,132/7,2/0,4/0,11/0,14/0,17/0,18/1,22/2,22/3,32/3,37/3,38/3,42/4,45/5,49/5,53/5,54/5,55/7,56/9,60/10,60/10,defend,2023
7/0,18/0,21/0,24/1,27/2,32/2,35/2,39/2,47/3,50/3,57/3,66/3,74/4,82/4,90/5,93/6,104/7,107/7,111/7,113/10,0/1,2/1,6/1,9/2,16/2,18/2,18/2,18/3,29/3,31/4,38/4,48/4,51/4,52/6,56/6,60/6,64/6,71/8,73/9,76/10,defend,2023
7/0,19/0,30/0,41/0,51/0,54/0,63/0,77/0,92/0,111/1,120/2,123/3,132/3,150/3,160/3,166/3,175/3,184/3,190/4,204/4,0/0,2/2,6/3,7/4,9/4,13/5,13/6,20/6,25/6,31/7,39/7,42/8,44/8,49/9,49/10,49/10,49/10,49/10,49/10,49/10,defend,2023
7/0,9/0,20/0,34/0,40/0,42/1,51/1,56/1,64/1,69/1,82/1,93/1,106/3,109/3,119/3,125/4,132/4,133/5,142/5,150/6,5/0,10/0,11/0,15/1,16/2,17/2,17/4,18/4,34/4,36/4,39/6,50/6,53/7,56/9,57/9,63/9,64/10,64/10,64/10,64/10,defend,2023
7/0,20/0,23/1,28/1,40/2,44/2,49/2,54/2,63/2,70/2,74/2,87/2,94/3,107/3,116/3,132/3,141/3,150/3,161/3,175/3,5/0,10/2,12/2,12/2,13/2,19/2,23/2,28/2,31/2,35/3,40/3,45/3,50/3,53/4,57/4,59/4,67/4,69/5,71/6,82/7,defend,2022
7/0,14/0,17/0,25/0,27/0,38/0,43/0,58/0,64/0,69/0,74/0,80/1,81/1,89/1,94/1,97/3,102/4,107/4,115/4,125/4,9/0,21/0,28/1,32/1,43/1,53/1,58/1,65/1,68/1,74/1,82/1,88/2,95/2,101/2,103/2,108/3,114/4,120/4,127/4,127/4,chased,2022
7/0,16/0,28/0,36/0,42/0,49/0,57/0,67/0,70/0,75/0,78/0,85/0,91/0,104/0,119/0,128/0,135/0,141/0,148/0,156/0,5/0,13/0,15/0,15/0,22/0,33/0,34/0,36/2,45/2,48/2,48/2,51/2,55/2,58/2,65/3,69/4,73/5,77/5,82/6,89/6,defend,2022
7/0,8/0,11/0,19/0,22/1,30/2,32/2,35/2,38/3,41/3,44/4,51/4,55/4,62/4,69/4,72/5,78/5,83/5,91/5,94/8,7/0,9/0,18/0,26/0,28/0,28/0,28/0,28/0,28/0,28/0,28/0,28/0,28/0,28/0,28/0,28/0,28/0,28/0,28/0,28/0,unknown,2022
7/0,19/0,21/0,28/0,29/0,34/0,46/1,54/2,58/2,67/3,72/4,75/4,82/4,90/4,93/4,98/4,104/4,112/4,117/4,124/6,5/0,12/0,19/2,21/2,22/2,23/2,26/3,31/4,36/4,38/4,45/5,49/5,54/5,62/5,66/5,66/6,70/7,72/8,82/8,89/8,defend,2022
7/0,10/0,14/1,20/1,30/1,40/1,42/1,55/1,66/1,72/1,81/1,84/1,90/1,97/1,100/2,104/2,114/2,122/2,132/2,135/4,0/0,1/0,11/1,11/1,17/1,22/1,25/1,27/2,33/2,35/2,37/2,39/2,45/3,56/3,62/3,64/5,67/6,71/6,76/6,82/6,defend,2022
7/0,14/0,25/0,33/0,42/0,51/0,58/0,67/0,77/0,87/0,100/0,117/0,126/0,141/0,149/0,161/0,174/0,183/1,195/1,214/1,4/0,4/0,9/0,12/0,16/1,18/1,21/2,29/3,33/3,35/3,37/3,45/3,48/4,51/4,52/4,52/4,54/5,55/6,58/6,61/7,defend,2022
7/0,9/0,15/0,17/1,22/1,25/2,26/3,31/3,35/3,43/3,46/3,47/4,51/4,53/5,56/5,62/6,64/6,73/7,78/7,81/10,0/0,0/0,0/0,0/0,0/0,0/0,0/0,0/0,0/0,0/0,0/0,0/0,0/0,0/0,0/0,0/0,0/0,0/0,0/0,0/0,unknown,2022
7/0,8/0,18/1,21/1,23/2,26/2,31/2,37/2,45/4,46/4,51/4,58/4,68/4,71/4,76/4,84/4,92/4,111/4,121/5,130/5,3/0,6/0,12/1,17/2,18/3,20/4,21/5,26/5,30/5,33/5,36/6,39/7,41/8,42/9,42/9,43/9,46/9,46/9,50/9,51/10,defend,2022
7/0,7/0,16/0,20/1,27/1,34/1,40/1,48/1,51/1,56/1,66/1,82/1,90/1,95/1,107/1,116/1,131/1,137/1,145/1,158/1,1/1,7/1,10/1,12/2,18/3,23/3,24/3,29/3,30/3,35/3,43/3,49/3,55/3,59/3,64/3,69/3,80/3,88/3,97/3,103/3,defend,2022
7/0,10/0,20/0,35/0,49/0,56/1,65/1,71/1,77/1,88/1,96/1,99/1,102/1,106/2,119/2,134/2,138/2,150/2,162/2,172/4,5/0,12/0,23/0,28/0,35/0,36/1,37/1,39/2,45/2,48/2,51/3,57/3,62/3,67/4,74/5,79/6,86/7,86/9,87/10,87/10,defend,2022
7/0,15/0,22/0,39/0,42/0,59/0,65/0,73/0,77/0,91/0,94/0,96/1,105/1,108/1,115/2,120/2,125/4,138/4,153/4,159/5,2/0,7/0,11/0,17/0,21/0,30/0,37/0,43/0,45/0,48/1,51/1,61/1,66/1,68/2,70/3,78/3,80/3,91/4,95/6,100/7,defend,2022
7/0,9/1,9/2,10/3,14/3,16/4,16/4,18/5,24/5,28/6,30/8,35/8,38/9,40/9,41/9,43/9,43/10,43/10,43/10,43/10,6/0,17/0,23/1,40/1,41/2,44/2,44/2,44/2,44/2,44/2,44/2,44/2,44/2,44/2,44/2,44/2,44/2,44/2,44/2,44/2,chased,2022
7/0,16/0,27/0,33/1,39/1,46/1,49/1,63/1,69/1,80/1,89/1,93/1,108/1,120/1,134/1,144/1,154/1,163/1,178/1,187/1,40/2,53/2,61/2,67/2,83/2,91/2,101/2,110/2,116/3,117/4,129/4,137/4,148/4,163/4,169/4,178/5,192/6,206/6,210/7,223/7,unknown,2022
7/0,10/0,14/1,21/1,24/1,28/2,33/3,45/3,50/3,53/3,60/3,64/4,69/4,75/4,87/5,96/5,103/5,112/5,120/6,124/8,5/0,13/0,17/0,24/0,33/0,37/0,43/1,49/1,54/1,63/1,72/1,82/1,87/1,92/1,97/1,104/1,112/2,119/2,125/2,125/2,chased,2021
7/0,13/0,19/0,28/0,37/0,48/0,56/0,62/1,71/2,82/2,84/2,87/3,99/3,104/3,120/3,136/3,149/3,159/3,166/6,177/7,3/1,10/1,21/1,28/1,35/1,44/2,47/3,51/3,54/3,54/3,54/3,54/3,54/3,54/3,54/3,54/3,54/3,54/3,54/3,54/3,defend,2021
7/0,13/1,20/2,23/2,27/2,33/2,40/2,48/2,51/2,59/2,72/2,83/2,88/3,94/4,102/4,107/4,112/4,120/4,130/4,137/4,2/1,6/1,11/1,15/2,22/2,25/2,28/3,34/3,40/3,48/3,53/4,54/5,57/7,65/8,69/9,71/9,76/10,76/10,76/10,76/10,defend,2021
7/0,10/0,16/0,18/0,20/0,24/0,24/0,27/1,34/1,41/1,45/1,52/1,61/1,71/1,77/2,83/3,86/3,94/3,103/4,108/7,4/0,10/0,17/0,20/0,22/0,28/0,35/0,46/2,48/2,49/3,58/3,58/4,72/4,76/4,78/5,82/5,88/5,92/6,97/6,102/8,defend,2021
7/0,9/0,16/0,21/1,22/2,30/3,32/3,34/3,39/4,43/4,49/4,59/4,63/4,66/4,70/4,81/4,81/5,93/5,96/6,106/8,0/0,11/0,22/0,31/0,35/0,39/0,40/1,48/1,51/1,52/2,64/2,68/2,73/3,83/3,88/4,90/4,94/5,97/7,101/7,107/7,chased,2021
7/0,13/1,18/1,22/1,26/1,37/1,39/2,53/2,59/2,65/2,73/2,87/2,91/2,101/2,108/4,117/5,122/5,138/5,150/5,160/6,3/0,6/0,6/0,15/0,18/1,20/1,26/1,35/1,44/1,55/3,61/3,74/3,86/3,97/3,100/4,108/6,112/6,118/7,128/7,132/7,defend,2021
7/0,14/0,21/1,29/2,41/2,46/2,52/2,56/2,68/2,73/3,76/3,80/3,81/4,85/4,95/5,100/5,104/5,111/6,114/6,125/7,5/0,8/0,19/0,20/0,21/1,22/2,25/2,27/2,27/3,28/3,33/3,38/4,41/4,45/5,47/5,49/5,50/5,56/5,58/5,66/7,defend,2021
7/0,17/0,28/0,32/0,37/1,40/1,42/1,48/1,54/1,56/1,66/1,73/2,78/2,84/2,88/4,95/4,105/5,109/5,112/6,116/7,12/0,14/0,24/0,29/0,36/0,55/0,63/0,75/1,87/1,97/1,107/1,113/1,117/1,117/1,117/1,117/1,117/1,117/1,117/1,117/1,chased,2020
7/1,10/1,18/1,20/2,30/2,38/2,41/2,46/2,54/2,65/2,74/2,85/2,104/2,110/3,117/4,122/4,129/5,132/5,155/5,170/6,8/0,11/0,25/0,37/0,39/1,52/1,55/2,59/3,62/3,72/3,75/4,79/5,83/6,89/6,92/7,104/7,106/10,106/10,106/10,106/10,defend,2026
7/1,14/1,24/1,34/1,43/2,49/3,51/3,61/3,67/3,70/4,74/4,88/4,98/4,108/4,114/5,121/5,127/7,135/7,144/7,152/8,4/1,10/1,14/1,17/1,21/1,25/1,29/1,34/1,41/1,46/2,52/2,54/2,60/3,64/4,67/4,69/4,72/5,76/5,78/5,82/7,defend,2026
7/1,17/1,23/2,27/2,29/2,31/2,34/2,46/2,56/2,62/2,66/2,78/2,82/2,85/2,97/2,108/2,118/3,125/5,136/6,146/6,6/1,12/1,18/2,24/3,26/4,26/4,29/4,36/5,45/6,52/6,53/7,56/7,65/8,67/8,72/8,74/10,74/10,74/10,74/10,74/10,defend,2026
7/1,8/1,13/2,15/2,19/2,24/2,29/2,39/2,46/2,51/2,58/2,62/2,66/2,70/3,74/3,77/4,91/4,112/4,114/5,122/6,4/0,6/0,18/1,22/2,27/2,33/2,40/2,48/2,55/2,60/2,67/3,71/4,79/4,86/4,92/5,95/5,102/6,106/6,111/7,119/7,defend,2026
7/1,18/1,25/1,35/1,36/2,47/2,52/2,63/2,75/3,84/3,89/4,96/4,112/4,116/5,126/6,133/6,136/6,144/6,150/6,160/7,1/0,9/0,10/1,12/2,14/2,15/2,18/3,19/5,25/5,31/5,36/6,41/6,46/6,51/6,53/7,57/8,58/8,60/10,60/10,60/10,defend,2026
7/1,10/1,24/1,28/1,36/1,47/1,57/2,64/2,76/2,87/2,87/2,87/2,87/2,87/2,87/2,87/2,87/2,87/2,87/2,87/2,3/0,12/0,19/0,28/0,36/2,42/2,51/2,56/3,66/4,71/5,71/5,71/5,71/5,71/5,71/5,71/5,71/5,71/5,71/5,71/5,defend,2025
7/1,12/2,16/2,28/2,28/3,28/3,30/3,37/4,43/4,50/5,51/7,53/7,56/9,57/9,59/10,59/10,59/10,59/10,59/10,59/10,0/0,2/0,11/1,11/1,12/3,13/4,15/5,15/6,18/6,26/7,28/7,35/7,38/8,40/8,42/8,43/9,43/9,43/10,43/10,43/10,defend,2025
7/1,13/1,22/2,24/2,31/2,36/2,39/2,43/2,49/2,59/2,63/2,72/2,77/2,84/2,89/2,97/2,99/3,104/4,114/4,123/4,1/0,3/1,7/2,10/2,14/3,17/3,20/3,26/3,35/3,45/3,49/3,58/3,62/5,71/6,77/6,82/7,86/7,93/7,101/7,105/8,defend,2025
7/1,10/1,12/1,17/1,20/1,23/1,26/1,29/1,32/2,38/2,41/3,44/3,48/4,50/4,51/5,54/5,58/6,62/6,70/6,75/7,0/0,0/0,0/0,0/0,0/0,0/0,0/0,0/0,0/0,0/0,0/0,0/0,0/0,0/0,0/0,0/0,0/0,0/0,0/0,0/0,unknown,2025
7/1,7/1,14/2,16/2,18/2,25/2,30/2,34/2,36/3,39/4,44/4,52/5,55/5,57/5,68/5,75/6,77/7,79/8,81/9,84/9,7/0,16/0,25/0,27/1,31/1,37/1,39/1,41/2,45/2,49/2,53/2,56/2,62/2,70/2,74/2,81/2,87/2,87/2,87/2,87/2,chased,2024
7/1,16/1,17/2,19/2,21/3,25/3,25/3,28/3,30/3,32/4,33/5,37/5,43/5,44/6,49/6,53/6,61/6,67/6,80/6,80/8,6/0,15/0,26/0,33/0,45/0,46/0,49/0,58/0,65/0,70/0,83/0,83/0,83/0,83/0,83/0,83/0,83/0,83/0,83/0,83/0,chased,2024
7/1,13/1,14/1,21/1,22/1,26/2,32/2,35/3,37/4,47/5,52/5,57/5,60/5,64/5,72/5,79/5,84/5,90/6,96/7,103/8,1/1,10/2,12/3,14/3,27/4,30/4,36/4,38/5,43/5,50/5,55/5,55/6,57/7,60/7,64/7,71/8,74/8,77/9,78/10,78/10,defend,2024
7/1,14/1,18/1,25/1,34/1,39/1,49/1,57/1,60/1,69/1,75/1,78/2,88/2,93/3,100/3,110/3,113/3,125/3,132/3,142/4,2/0,3/1,7/2,9/2,14/2,16/2,19/2,22/2,27/2,34/3,36/4,44/6,49/6,53/6,54/6,58/6,63/6,70/6,84/6,92/7,defend,2023
7/1,8/2,10/2,10/3,15/4,18/4,20/4,23/5,26/5,32/5,37/5,38/6,43/6,46/6,46/7,54/7,58/7,60/7,65/9,65/10,12/0,15/1,16/1,17/1,20/1,30/1,37/1,47/2,51/2,56/2,60/2,70/2,70/2,70/2,70/2,70/2,70/2,70/2,70/2,70/2,chased,2023
7/1,8/1,15/1,21/1,27/1,37/1,46/1,49/2,52/3,56/3,60/3,64/3,72/3,81/3,89/3,98/3,110/3,115/3,122/4,138/5,6/1,7/1,12/1,28/1,38/2,47/2,53/2,62/2,72/2,81/2,84/2,95/2,100/2,109/2,121/3,128/3,141/3,141/3,141/3,141/3,chased,2022
7/2,34/2,44/2,51/2,66/2,73/2,79/2,81/2,92/2,101/2,112/2,120/2,127/2,137/4,144/4,148/5,153/6,161/6,178/6,188/7,11/0,19/1,27/1,37/2,39/2,43/2,58/2,66/2,79/2,85/2,94/2,97/2,100/2,103/3,115/3,120/5,128/6,134/7,142/7,150/8,defend,2026
8/0,13/0,19/1,28/3,39/3,45/3,52/4,61/5,66/5,73/6,78/7,90/7,93/9,100/9,100/9,100/9,100/9,100/9,100/9,100/9,4/0,17/0,26/0,33/1,37/1,41/1,53/1,62/1,66/2,71/3,79/3,88/3,100/3,104/4,104/4,104/4,104/4,104/4,104/4,104/4,chased,2026
8/0,14/0,33/0,39/0,48/0,49/0,62/1,75/1,81/1,92/1,100/1,110/1,114/2,118/3,123/4,129/4,136/4,152/5,156/5,177/5,11/1,28/1,37/2,51/2,53/2,63/2,71/3,74/4,79/4,84/4,94/4,99/4,107/6,111/7,119/7,127/7,142/7,149/8,157/9,159/10,defend,2026
8/0,10/1,15/1,24/1,33/1,35/1,46/1,54/1,59/3,72/3,82/3,92/3,100/3,108/3,119/3,128/4,145/5,163/5,182/5,194/6,9/0,12/1,18/1,21/2,30/3,41/4,48/4,56/4,57/5,68/5,70/6,73/7,76/7,78/7,84/8,88/8,89/9,92/9,98/9,102/9,defend,2026
8/0,15/0,25/0,38/0,49/1,51/1,57/1,59/1,67/1,76/2,78/2,82/3,84/3,88/3,97/3,114/4,124/4,141/4,150/4,168/5,16/0,21/0,32/0,34/1,39/2,40/2,49/2,56/2,63/2,72/2,77/2,87/2,94/2,106/3,107/5,111/5,118/5,126/6,132/8,138/9,defend,2026
8/0,13/1,20/1,25/2,34/2,37/2,39/3,46/4,54/4,57/4,61/4,65/4,73/4,78/4,83/6,87/7,94/7,96/9,101/10,101/10,1/0,2/0,15/0,22/1,35/1,44/1,56/1,60/2,69/2,76/4,85/5,89/5,95/5,105/5,105/5,105/5,105/5,105/5,105/5,105/5,chased,2026
8/0,15/0,19/0,29/0,33/0,40/1,52/1,59/1,63/1,71/1,73/2,80/3,84/3,88/5,93/6,98/7,101/7,106/7,115/7,121/8,8/1,9/2,16/2,19/2,24/2,33/2,39/3,42/3,48/4,49/4,50/4,51/5,52/5,54/7,56/8,59/9,59/10,59/10,59/10,59/10,defend,2026
8/0,19/0,38/0,40/0,50/0,63/0,71/0,92/0,103/0,110/1,113/1,119/1,132/1,143/1,160/1,174/1,181/1,191/1,206/1,219/1,2/1,8/1,9/1,18/2,26/2,30/2,31/3,32/4,36/5,40/6,44/6,49/6,50/6,53/6,58/7,60/8,65/8,69/8,78/9,81/9,defend,2026
8/0,11/0,11/0,14/0,18/1,22/1,28/1,34/1,42/1,51/2,58/2,67/4,72/4,75/4,77/4,81/5,90/5,95/5,98/6,102/6,4/0,8/2,15/2,19/2,21/2,24/2,31/2,41/3,50/3,54/4,60/4,66/4,72/4,76/5,78/6,84/7,86/8,90/9,93/9,95/10,defend,2026
8/0,19/0,23/1,28/1,33/1,34/2,39/2,45/2,49/2,57/2,67/2,83/2,87/2,100/2,115/2,128/2,141/3,146/5,156/6,164/6,1/0,6/0,11/0,15/0,24/0,33/0,34/1,46/1,57/1,68/1,72/1,76/2,76/4,79/4,84/4,90/4,102/4,114/4,120/4,121/6,defend,2026
8/0,21/0,28/1,43/1,46/2,58/2,66/2,72/2,75/2,78/2,83/2,97/2,104/3,110/4,113/5,119/5,125/6,127/7,132/9,147/10,10/0,17/0,27/0,40/0,54/0,66/0,69/0,74/0,88/0,92/0,100/0,106/1,108/1,115/1,123/1,132/2,144/2,148/2,148/2,148/2,chased,2026
8/0,10/0,13/0,23/0,29/1,34/1,45/2,47/3,49/3,60/3,71/3,83/3,91/3,98/4,112/4,124/4,135/4,148/4,155/4,170/4,6/0,9/0,14/1,18/2,29/2,41/3,47/3,51/5,56/6,58/6,60/6,63/7,67/7,69/7,76/7,81/7,83/8,90/8,93/8,103/8,defend,2026
8/0,22/0,32/0,43/0,57/0,67/1,72/1,79/1,88/1,99/1,105/1,117/1,125/1,134/2,148/2,159/2,164/3,177/3,187/3,204/3,12/0,19/1,30/1,36/1,39/3,45/3,50/4,57/4,63/4,71/4,80/4,88/5,106/5,114/7,116/9,122/9,122/10,122/10,122/10,122/10,defend,2025
8/0,15/0,26/0,27/0,33/0,43/0,54/0,61/0,65/1,71/1,76/1,92/1,106/1,118/2,125/3,135/3,146/3,154/3,165/4,180/4,10/1,14/1,18/2,28/2,40/3,49/3,50/3,54/3,60/4,64/4,72/4,79/4,93/4,99/4,114/4,131/4,144/4,155/5,161/8,172/8,defend,2025
8/0,12/1,22/1,24/1,25/1,31/1,36/2,37/2,49/2,55/2,63/2,71/2,80/2,89/2,96/2,100/3,105/3,112/3,117/3,121/3,4/0,5/0,6/1,11/1,11/1,16/1,21/1,25/1,28/1,44/1,46/1,49/2,55/2,56/4,62/4,66/5,71/5,73/5,77/6,83/6,defend,2025
8/0,14/1,34/1,35/1,49/1,55/1,60/1,68/1,78/1,86/1,90/1,105/1,113/1,123/1,131/1,146/2,152/3,160/3,167/3,176/4,1/0,9/0,14/1,15/1,25/1,28/1,35/1,44/1,50/2,63/2,66/2,72/3,79/4,80/6,84/7,90/7,95/9,99/9,103/9,111/10,defend,2025
8/0,18/0,19/0,26/0,36/0,52/0,64/0,70/0,79/0,96/0,99/1,106/1,112/1,120/2,123/3,126/3,136/3,151/3,166/4,180/4,6/0,12/0,17/0,19/1,26/2,33/2,39/2,47/2,53/2,61/3,73/4,79/4,86/4,96/4,102/4,108/5,118/5,120/5,126/5,129/7,defend,2025
8/0,18/0,27/0,41/0,48/0,52/1,61/1,68/1,72/1,79/1,85/1,86/2,92/2,101/2,111/2,120/2,126/3,134/3,140/3,155/4,13/0,21/0,31/0,37/1,47/1,55/2,64/2,67/2,74/2,84/2,91/2,97/2,108/2,119/2,128/2,139/2,153/2,156/2,156/2,156/2,chased,2025
8/0,18/0,22/0,27/0,33/0,45/0,50/0,67/0,72/0,78/0,84/0,92/0,101/0,107/0,119/0,125/0,131/0,136/0,143/1,152/1,0/0,2/0,5/0,5/0,7/1,8/1,10/1,12/1,13/2,13/3,14/3,19/3,20/3,21/5,22/5,26/6,28/6,28/7,29/8,30/10,defend,2025
8/0,17/0,25/0,33/0,38/0,50/0,68/0,76/0,87/0,100/0,114/0,121/0,133/0,150/0,155/0,159/0,173/0,189/0,196/0,201/0,7/0,10/1,11/1,13/1,15/2,24/2,27/2,31/3,37/3,39/5,44/5,57/6,66/6,71/6,81/6,90/7,98/7,108/7,124/7,134/7,defend,2025
8/0,20/0,24/0,26/0,29/0,32/0,33/0,37/0,39/2,44/2,49/2,55/3,60/4,67/4,68/6,71/8,71/9,74/9,76/9,81/9,9/1,22/1,31/1,39/1,43/1,48/1,55/1,61/1,64/1,83/1,83/1,83/1,83/1,83/1,83/1,83/1,83/1,83/1,83/1,83/1,chased,2025
8/0,14/0,28/1,35/1,37/2,40/4,44/4,52/4,57/4,73/4,80/4,87/5,98/5,102/6,107/6,116/6,123/6,133/7,146/8,166/8,3/0,11/0,12/1,14/2,14/3,23/3,30/3,33/4,37/4,40/5,41/5,42/5,47/5,55/5,59/7,60/8,61/10,61/10,61/10,61/10,defend,2025
8/0,18/0,22/1,25/2,26/2,30/3,32/3,36/3,42/3,44/3,46/3,60/4,66/4,74/4,77/5,79/6,82/6,89/7,96/7,104/7,4/0,9/0,10/0,20/0,23/0,27/1,32/1,34/3,39/4,46/4,51/4,56/4,59/4,61/5,65/6,72/6,76/6,81/6,85/7,91/8,defend,2025
8/0,19/0,29/0,31/0,39/0,45/0,59/0,63/1,72/1,77/1,83/1,86/2,88/3,92/4,93/4,106/4,115/4,123/4,126/5,139/5,6/0,9/0,13/0,25/0,35/0,41/0,48/0,56/1,58/1,71/1,82/1,93/1,100/1,112/1,115/2,122/2,128/2,140/2,140/2,140/2,chased,2025
8/0,9/1,9/1,9/2,11/2,15/3,18/3,19/3,21/4,22/4,29/4,32/4,33/5,35/5,39/5,39/8,39/9,39/9,41/9,42/10,6/0,18/0,28/0,40/0,43/0,43/0,43/0,43/0,43/0,43/0,43/0,43/0,43/0,43/0,43/0,43/0,43/0,43/0,43/0,43/0,chased,2025
8/0,16/0,22/0,23/0,29/0,31/1,33/2,34/2,40/2,46/2,58/2,64/2,68/4,76/4,81/4,87/7,88/7,94/8,102/8,104/10,2/0,4/1,6/1,12/1,16/1,17/1,23/1,25/1,29/3,30/3,36/3,37/4,38/5,40/5,42/5,45/6,51/6,55/6,61/7,68/10,defend,2025
8/0,13/0,17/2,18/3,22/3,24/3,26/4,28/4,30/4,30/5,33/5,34/5,48/5,51/5,59/5,73/5,81/6,85/7,88/9,96/10,5/0,7/0,13/0,15/0,16/0,17/0,25/0,30/0,33/0,40/1,49/1,58/1,63/1,67/1,69/1,74/1,76/2,78/2,82/5,88/6,defend,2025
8/0,12/0,17/1,26/1,31/2,36/3,43/3,49/4,53/4,57/4,72/4,76/4,79/5,81/5,85/5,90/6,96/6,102/6,106/7,113/8,4/0,10/0,15/0,20/0,23/0,32/0,45/0,50/0,59/1,63/2,72/2,81/2,89/2,104/2,111/2,114/2,114/2,114/2,114/2,114/2,chased,2025
8/0,11/0,17/0,20/0,26/0,35/0,54/0,55/1,59/1,62/2,63/2,67/2,74/3,86/3,92/3,96/4,100/4,105/5,108/8,113/9,3/0,8/0,21/0,28/1,34/1,41/1,49/1,56/1,61/1,68/1,78/1,85/1,90/1,99/1,110/1,114/1,114/1,114/1,114/1,114/1,chased,2025
8/0,16/0,22/0,25/0,31/1,39/1,43/1,46/1,55/1,65/1,68/1,81/1,90/2,95/3,100/3,106/3,117/5,121/6,133/6,144/6,7/0,11/0,14/1,23/1,33/2,38/2,44/3,49/3,53/3,63/3,73/3,78/3,86/3,91/4,98/4,105/4,117/4,124/4,131/5,135/8,defend,2025
8/0,10/0,14/0,19/1,23/1,32/2,37/3,52/3,57/5,62/6,63/6,66/6,67/6,68/6,69/7,69/7,76/7,81/8,82/8,84/8,2/0,8/0,18/0,18/1,26/1,28/2,31/2,32/2,45/2,46/5,54/5,56/5,73/5,82/5,83/6,85/6,85/6,85/6,85/6,85/6,chased,2025
8/0,10/1,17/1,18/1,24/1,32/3,33/3,38/3,41/3,50/3,52/4,59/4,63/4,70/4,77/4,86/4,86/4,95/4,99/4,113/4,0/2,2/2,8/3,9/3,11/3,14/3,19/3,22/4,31/4,37/5,41/5,43/6,44/6,49/6,54/7,59/7,61/7,63/8,66/8,70/9,defend,2025
8/0,11/0,14/0,23/0,32/0,38/0,44/1,47/1,57/1,60/1,62/2,72/2,74/2,75/2,88/2,105/2,114/3,116/5,125/5,136/5,2/0,7/0,17/0,20/1,26/1,29/1,32/1,37/1,43/2,50/2,53/3,63/3,72/3,90/3,95/4,101/4,104/6,120/6,130/6,137/8,chased,2025
8/0,13/1,15/1,18/1,26/1,35/2,40/2,42/2,57/3,62/3,69/3,82/3,88/3,94/3,103/3,103/6,105/8,107/9,110/9,115/9,1/1,1/1,5/1,12/1,22/1,26/1,32/1,42/1,51/1,58/1,63/1,67/2,72/2,75/3,81/4,84/4,88/4,92/5,95/5,100/6,defend,2025
8/0,9/1,20/1,26/2,26/3,35/5,42/5,47/5,47/7,48/7,52/7,55/8,56/9,57/9,63/9,63/10,63/10,63/10,63/10,63/10,0/1,6/1,7/3,19/3,24/4,32/4,34/5,41/5,45/6,50/6,56/6,65/7,65/7,65/7,65/7,65/7,65/7,65/7,65/7,65/7,chased,2025
8/0,17/0,34/0,41/0,54/0,59/0,73/0,90/1,111/1,124/1,132/1,143/1,157/1,168/1,174/2,188/2,205/2,222/2,234/4,259/4,1/2,3/3,3/4,5/4,8/5,11/5,11/5,17/5,17/5,19/5,22/5,24/5,25/5,31/6,32/6,33/9,33/10,33/10,33/10,33/10,defend,2025
8/0,15/1,24/1,33/2,45/2,57/3,67/3,78/4,89/6,89/6,89/6,89/6,89/6,89/6,89/6,89/6,89/6,89/6,89/6,89/6,6/0,12/1,16/2,28/2,31/4,36/5,42/5,42/5,42/5,42/5,42/5,42/5,42/5,42/5,42/5,42/5,42/5,42/5,42/5,42/5,defend,2024
8/0,15/0,24/0,27/0,28/1,34/1,37/1,43/2,46/2,51/2,55/2,57/2,60/2,67/2,74/2,79/4,85/4,92/4,100/5,108/6,0/1,5/1,7/1,9/2,13/2,19/2,22/2,28/2,28/2,32/3,34/4,42/4,47/4,49/5,49/6,49/7,61/7,65/7,71/7,82/7,defend,2024
8/0,9/0,14/1,20/1,27/1,29/1,35/3,36/4,42/4,47/4,55/4,61/4,69/4,81/4,87/5,90/5,98/6,100/6,104/6,111/6,4/0,6/0,7/1,10/1,13/1,18/3,24/4,24/5,31/5,35/7,38/7,39/7,43/8,45/8,50/8,50/9,53/9,55/9,56/10,56/10,defend,2024
8/0,23/0,35/1,42/1,52/2,56/3,64/3,73/3,79/3,87/3,101/3,107/4,115/4,125/4,143/4,149/4,156/4,164/4,181/4,201/5,1/0,2/0,11/0,11/0,23/1,31/2,35/2,43/3,53/3,67/3,73/3,75/3,77/4,86/4,94/4,99/5,106/5,110/6,115/6,123/7,defend,2024
8/0,14/0,28/0,32/0,38/2,54/2,62/2,72/2,79/2,88/2,91/2,103/2,113/3,117/3,124/4,126/4,131/4,141/4,144/5,151/5,3/0,6/0,6/1,8/1,9/1,11/1,14/1,14/2,16/2,20/2,20/5,22/6,22/7,23/7,23/9,24/9,24/10,24/10,24/10,24/10,defend,2024
8/0,12/1,12/2,21/2,26/2,35/2,38/2,50/2,57/2,61/2,71/2,82/2,88/2,97/3,104/4,112/5,113/7,123/7,130/8,143/9,0/1,12/1,13/1,22/1,24/2,25/4,28/5,28/7,28/7,30/9,30/10,30/10,30/10,30/10,30/10,30/10,30/10,30/10,30/10,30/10,defend,2024
8/0,17/0,28/0,37/0,57/0,65/0,73/1,79/1,84/1,96/1,111/1,115/2,116/4,121/4,132/5,136/5,148/5,162/5,171/8,176/10,3/1,8/1,17/1,19/2,32/2,32/3,38/4,46/4,55/5,58/6,66/6,68/6,73/7,86/7,91/8,95/8,102/9,107/9,109/10,109/10,defend,2024
8/0,18/0,23/0,29/0,35/0,38/1,43/2,54/2,63/3,68/4,70/4,76/4,82/4,90/4,94/4,100/5,110/5,117/5,124/5,142/5,11/0,21/0,28/0,29/1,36/2,42/2,49/2,54/2,57/3,65/3,70/4,73/4,80/4,86/4,108/4,115/5,122/5,131/5,142/5,143/6,chased,2024
8/0,13/1,13/2,19/2,19/2,25/2,27/2,35/2,39/2,45/2,50/2,57/2,62/4,68/4,76/5,78/6,82/6,86/6,93/6,99/8,6/1,8/1,19/1,28/1,30/1,46/2,50/3,59/3,71/4,73/4,84/4,101/4,101/4,101/4,101/4,101/4,101/4,101/4,101/4,101/4,chased,2024
8/0,13/1,16/1,20/1,35/1,39/1,47/1,52/2,57/2,63/2,70/2,80/2,89/3,98/3,111/3,118/4,125/4,131/5,136/5,148/5,2/0,11/0,12/0,13/0,14/0,16/1,24/1,32/1,39/1,47/1,51/2,62/4,67/4,77/5,78/6,84/6,90/6,96/7,99/8,110/8,defend,2024
8/0,12/0,16/0,27/0,42/0,49/0,50/1,55/1,60/2,76/2,81/2,91/2,99/3,107/3,114/3,121/3,126/3,139/4,143/5,153/5,8/1,13/1,21/1,36/1,45/1,57/1,63/1,68/1,72/1,84/2,88/2,94/2,101/2,104/3,120/3,133/3,148/3,150/3,154/3,154/3,chased,2024
8/0,12/0,15/0,17/0,25/0,42/0,47/0,47/0,53/2,54/2,56/3,58/3,62/3,67/3,69/3,74/4,80/4,82/4,82/4,85/5,3/0,10/1,12/1,17/1,21/1,26/1,35/1,41/1,50/1,51/1,60/1,70/1,78/2,87/2,87/2,87/2,87/2,87/2,87/2,87/2,chased,2024
8/0,22/1,26/1,32/1,34/2,36/2,36/2,49/2,53/2,54/3,57/3,64/3,81/3,82/5,89/5,91/6,92/6,105/6,108/7,110/8,21/2,25/2,31/2,37/3,39/4,45/5,51/5,66/6,66/7,68/7,71/8,83/8,88/8,94/8,99/9,109/9,113/10,117/10,123/11,123/11,unknown,2024
8/0,9/2,22/2,27/2,30/2,43/2,51/2,59/2,63/3,73/3,79/3,85/3,89/3,95/3,104/4,110/4,116/4,122/4,127/5,128/8,8/0,16/0,18/0,22/0,32/0,43/0,50/0,60/0,68/0,79/0,95/0,97/1,102/1,122/1,129/1,129/1,129/1,129/1,129/1,129/1,chased,2024
8/0,16/0,20/1,24/1,26/2,36/2,44/2,51/3,58/3,67/3,72/3,85/3,92/3,98/3,107/4,115/4,118/5,122/7,140/7,153/7,6/0,16/0,21/1,22/1,31/1,45/1,52/1,60/1,69/1,73/2,83/2,89/2,98/2,106/2,112/2,122/2,130/4,138/4,149/5,154/6,chased,2023
8/0,14/1,27/1,35/1,40/2,48/2,52/2,64/2,68/2,72/3,77/3,81/3,86/3,90/3,94/3,99/5,105/6,110/7,117/7,126/8,3/0,12/0,17/0,17/1,25/1,27/3,32/3,41/3,45/3,49/3,54/3,64/3,75/3,81/3,86/3,103/3,112/3,124/3,129/3,129/3,chased,2023
8/0,14/0,18/0,30/0,39/0,47/1,55/1,58/1,70/1,75/1,77/1,85/1,95/1,104/1,116/1,123/1,132/1,142/1,154/1,162/3,10/0,16/0,18/0,22/1,23/2,24/3,33/3,35/4,35/5,38/5,41/6,47/7,48/8,49/8,58/8,60/9,60/9,60/9,60/9,60/9,defend,2023
8/0,12/0,12/0,14/0,17/1,27/1,31/1,33/1,41/1,46/1,52/2,55/2,63/3,67/4,69/4,75/5,80/5,85/5,91/6,96/7,6/0,15/0,23/0,28/0,29/0,35/0,42/0,55/0,60/1,77/1,91/2,95/2,100/2,100/2,100/2,100/2,100/2,100/2,100/2,100/2,chased,2023
8/0,14/0,15/0,18/0,18/0,39/1,41/1,43/2,46/2,52/2,55/2,56/2,59/2,64/2,81/2,85/3,90/4,98/5,104/6,111/6,10/0,16/0,20/0,20/0,24/1,33/1,43/1,48/1,55/1,58/2,62/2,69/2,80/2,86/2,101/2,107/2,112/2,112/2,112/2,112/2,chased,2023
8/0,14/0,18/0,28/0,36/1,42/1,45/1,52/1,54/2,58/2,61/2,66/3,69/3,74/4,87/5,94/7,97/7,99/9,100/10,100/10,13/0,15/0,20/0,34/0,35/0,42/0,44/1,52/1,56/1,60/2,63/2,68/3,72/3,77/3,85/3,90/3,93/3,96/3,101/3,101/3,chased,2023
8/0,18/1,19/2,27/2,31/2,37/2,45/3,48/3,55/4,60/4,65/4,73/4,81/4,90/4,97/4,102/5,112/5,117/5,120/6,129/7,4/1,6/1,7/3,8/4,8/6,16/6,17/8,17/9,20/9,21/10,21/10,21/10,21/10,21/10,21/10,21/10,21/10,21/10,21/10,21/10,defend,2023
8/0,9/1,18/1,27/1,36/1,44/1,48/1,56/1,64/1,69/1,73/1,79/2,86/2,93/3,96/3,101/3,109/4,110/7,113/7,116/9,5/0,10/1,23/1,27/1,32/1,44/1,55/1,60/1,67/1,81/1,86/1,87/2,89/2,93/2,96/2,100/2,105/2,116/2,120/2,120/2,chased,2023
8/0,10/0,16/0,20/0,24/0,25/0,33/0,36/0,39/0,50/0,52/1,56/3,62/3,69/3,73/4,77/4,82/5,87/5,91/5,102/6,5/1,14/1,18/1,25/1,28/2,38/2,44/2,50/2,62/2,67/2,72/2,75/2,81/2,84/3,86/4,92/4,97/4,106/4,106/4,106/4,chased,2023
8/0,16/1,18/1,26/1,32/1,36/1,38/2,50/2,60/2,65/2,69/2,81/2,92/2,97/2,110/2,116/2,125/2,135/3,146/4,151/4,2/1,5/1,7/2,16/2,22/2,29/2,44/2,58/2,62/3,64/5,65/6,68/8,69/8,69/10,69/10,69/10,69/10,69/10,69/10,69/10,defend,2023
8/0,20/0,24/0,42/0,49/0,58/1,64/3,68/3,70/4,87/4,91/4,100/4,107/4,122/4,137/4,159/4,170/4,174/4,182/4,197/4,5/0,21/0,22/0,35/0,47/0,56/0,63/0,67/0,73/0,83/1,85/1,86/1,95/1,103/1,108/1,117/1,124/1,144/1,155/1,162/1,defend,2023
8/0,8/1,8/1,10/2,13/2,14/2,17/2,20/2,24/3,29/3,34/4,39/4,44/5,51/6,58/6,64/6,64/6,64/6,64/6,64/6,4/0,8/0,11/0,17/0,20/0,22/1,28/1,32/1,41/1,49/2,54/2,60/3,67/3,67/3,67/3,67/3,67/3,67/3,67/3,67/3,chased,2023
8/0,9/0,10/0,21/0,24/0,34/0,40/0,45/1,51/1,56/1,66/1,69/1,78/1,79/2,81/2,87/2,105/3,117/3,130/4,141/4,8/1,11/1,13/1,14/1,16/1,23/1,31/1,35/1,35/4,40/4,49/4,57/5,59/6,62/6,63/7,64/8,64/10,64/10,64/10,64/10,defend,2023
8/0,13/0,17/0,20/0,26/1,38/1,45/2,49/2,58/2,61/2,65/2,70/2,77/3,82/3,85/4,92/4,95/5,112/5,122/5,131/7,11/0,16/0,18/0,30/0,37/0,39/1,40/1,46/1,49/2,56/2,60/2,61/3,67/3,73/3,78/4,84/4,94/4,102/4,108/4,114/5,defend,2023
8/0,10/0,15/0,27/0,30/0,35/0,48/1,57/1,62/1,67/1,72/1,77/1,83/2,90/2,97/2,104/2,112/2,122/2,134/2,149/2,9/0,16/0,19/0,29/0,40/0,54/0,58/0,64/0,68/0,71/1,72/2,80/2,82/2,90/2,101/2,109/3,122/3,124/5,126/6,136/8,defend,2023
8/0,20/0,34/0,53/1,77/1,88/1,104/1,111/1,127/1,157/1,168/1,188/1,197/1,213/1,241/1,258/1,285/1,302/1,317/1,333/1,0/0,1/0,6/2,9/3,18/3,18/3,18/6,22/7,22/7,22/8,22/9,22/9,22/9,22/9,22/9,22/9,22/9,22/9,22/9,22/9,defend,2023
8/0,18/0,24/0,33/0,34/0,42/0,44/1,47/1,55/1,57/1,59/2,68/2,77/2,83/2,90/2,96/2,100/2,113/2,118/3,122/3,2/0,6/1,7/2,11/2,14/2,23/2,33/2,40/2,42/3,43/3,49/3,56/3,61/4,63/4,71/4,81/4,88/4,101/5,108/6,113/7,defend,2023
8/0,11/0,16/0,29/0,31/0,40/0,52/0,63/0,72/0,83/0,88/0,97/0,104/1,107/2,114/2,121/3,123/4,129/4,135/7,143/7,0/1,1/1,14/2,16/2,18/2,25/2,30/2,35/2,46/3,57/3,62/3,68/3,76/3,85/4,96/4,111/4,117/4,122/5,126/6,133/7,defend,2022
8/0,15/0,24/0,28/0,39/0,46/0,58/0,70/1,76/1,83/1,94/1,105/1,106/1,118/1,131/1,148/2,155/3,161/3,171/3,184/3,6/0,6/2,15/2,15/2,24/2,32/2,40/2,47/2,48/2,56/2,58/3,60/3,60/4,62/4,64/4,74/4,77/6,79/8,81/9,81/9,defend,2022
8/0,17/0,19/0,22/1,32/2,42/2,51/2,58/2,73/2,80/2,93/2,95/2,99/2,109/2,111/2,120/2,124/2,130/2,139/2,145/3,4/0,4/2,12/2,17/3,23/3,28/4,29/5,33/5,36/5,42/5,43/7,44/7,47/8,57/8,60/8,65/9,67/9,70/10,70/10,70/10,defend,2022
8/0,9/2,14/2,23/2,27/2,30/4,34/4,39/4,43/4,49/4,51/4,55/5,57/5,62/5,70/6,72/7,75/8,76/8,79/8,83/9,0/0,2/0,7/0,10/1,13/1,19/1,20/2,28/2,36/2,41/2,44/2,50/2,57/3,62/4,69/4,72/4,74/5,78/6,78/7,84/7,chased,2022
8/0,11/0,21/0,23/1,29/1,36/2,43/2,50/2,52/2,63/2,66/3,72/4,79/4,90/4,98/4,102/4,109/4,121/4,131/4,148/4,8/0,11/1,13/1,14/1,18/2,23/2,29/2,33/2,40/2,44/2,49/2,57/2,66/3,72/3,75/3,82/4,88/5,93/5,99/7,111/8,defend,2022
8/0,17/1,17/1,22/2,24/2,42/2,49/2,57/3,64/3,72/4,81/4,84/4,103/4,115/4,129/4,144/4,154/4,171/4,184/4,196/4,8/1,14/1,17/1,23/1,35/2,46/2,49/3,58/3,69/4,71/5,76/5,85/5,88/7,92/7,100/7,109/7,127/7,129/7,137/8,142/10,defend,2022
8/0,14/0,14/0,18/1,18/2,22/2,24/2,35/2,44/2,44/5,48/5,51/5,59/7,68/7,71/7,74/7,75/7,85/7,91/7,99/7,8/1,14/1,17/1,23/1,34/1,38/1,40/1,51/1,56/1,71/1,85/1,86/3,91/4,101/4,101/4,101/4,101/4,101/4,101/4,101/4,chased,2021
8/0,22/0,29/0,37/2,46/2,55/3,58/3,67/3,74/3,85/3,96/3,106/3,108/4,122/4,130/4,131/4,131/4,131/4,131/4,131/4,0/0,0/0,0/0,0/0,0/0,0/0,0/0,0/0,0/0,0/0,0/0,0/0,0/0,0/0,0/0,0/0,0/0,0/0,0/0,0/0,unknown,2021
8/0,15/0,21/0,27/0,37/0,49/0,53/1,57/1,63/1,71/1,74/1,80/1,84/1,91/1,100/1,115/1,122/1,131/3,140/3,165/3,10/0,11/0,25/1,27/1,30/1,39/2,44/2,48/2,51/2,55/3,63/3,68/3,76/3,82/4,91/4,93/5,108/5,112/6,113/7,115/8,defend,2021
8/0,14/1,21/1,24/1,30/2,34/2,39/2,48/2,55/3,65/3,67/4,68/4,73/4,77/4,84/4,91/4,97/4,101/4,107/4,114/6,3/1,7/1,10/1,16/1,22/2,27/3,31/3,33/3,35/4,36/5,47/5,49/5,58/6,63/6,65/6,69/7,70/7,72/7,74/8,74/10,defend,2021
8/0,17/1,34/1,39/1,47/1,54/2,61/2,68/2,71/2,78/3,83/3,87/3,91/3,95/4,107/4,111/4,114/6,129/6,137/6,142/6,3/0,5/1,19/1,24/1,29/1,33/1,38/1,44/2,50/2,60/2,61/3,67/4,73/4,85/4,94/4,103/5,108/6,110/7,121/7,124/8,defend,2020
8/0,12/0,13/1,26/1,32/1,37/1,46/1,51/1,60/1,80/1,85/1,93/1,110/1,118/1,130/1,144/2,155/2,167/2,187/2,195/3,2/0,13/0,14/0,15/3,15/3,15/3,16/4,24/4,26/4,35/4,43/4,46/5,49/6,53/6,57/6,61/7,69/8,73/9,82/9,82/10,defend,2020
8/0,10/0,27/0,30/1,41/1,47/1,51/1,54/1,61/1,66/1,79/1,92/1,115/1,122/1,128/1,136/1,144/1,154/1,161/1,171/2,4/0,6/0,18/0,20/1,29/1,35/2,46/2,56/2,59/3,63/3,72/4,77/5,82/5,85/6,92/7,99/7,102/9,102/9,102/9,102/9,defend,2020
8/0,11/0,16/0,19/0,33/0,38/0,44/1,52/1,57/1,65/2,70/2,72/3,80/3,85/3,90/3,94/3,100/3,107/3,117/3,129/3,1/0,5/0,7/1,13/1,14/1,17/1,24/1,27/1,28/1,31/1,33/2,33/3,39/3,39/5,41/6,47/7,48/7,49/7,50/7,50/8,defend,2020
8/0,20/0,30/0,34/1,37/1,44/1,46/3,51/3,60/3,70/3,76/3,86/4,94/4,95/5,99/6,108/6,111/6,121/6,140/6,151/8,1/0,8/0,11/1,19/1,29/1,36/1,40/1,47/1,58/1,64/1,67/1,72/2,75/3,79/4,83/4,87/5,90/6,96/8,100/8,104/8,defend,2020
8/1,9/1,26/1,45/1,48/1,61/1,69/1,75/1,84/1,100/1,112/1,123/1,142/1,146/2,154/2,158/3,167/4,180/4,187/5,190/7,2/0,8/0,13/0,17/2,19/2,19/2,24/2,36/2,41/3,44/3,53/3,55/4,61/4,72/4,75/5,82/5,87/5,93/5,98/7,110/7,defend,2026
8/1,17/1,25/2,27/2,31/2,33/2,41/2,43/2,49/2,55/2,75/2,77/2,86/2,94/2,103/2,114/2,119/2,127/2,133/2,147/2,1/1,4/1,8/2,9/3,15/3,16/4,28/4,31/4,33/4,44/5,47/5,53/5,58/6,62/6,62/7,64/9,64/9,64/9,64/9,64/9,defend,2026
8/1,19/1,27/1,32/2,40/2,46/3,50/3,57/3,63/3,68/4,73/4,80/4,83/5,86/6,87/6,93/6,94/7,96/9,97/10,97/10,5/0,12/0,16/0,24/0,29/1,39/2,48/3,51/3,60/4,69/4,74/5,82/6,88/6,93/7,98/7,98/7,98/7,98/7,98/7,98/7,chased,2026
8/1,17/1,28/1,36/2,47/3,47/3,47/3,47/3,47/3,47/3,47/3,47/3,47/3,47/3,47/3,47/3,47/3,47/3,47/3,47/3,13/1,18/2,22/2,25/4,29/5,29/5,29/5,29/5,29/5,29/5,29/5,29/5,29/5,29/5,29/5,29/5,29/5,29/5,29/5,29/5,defend,2026
8/1,19/1,21/2,31/2,39/2,47/2,67/2,73/2,80/2,86/3,94/3,108/3,111/4,116/5,124/5,130/6,138/6,146/6,154/7,167/7,5/0,17/0,23/0,36/0,49/0,57/0,62/0,81/0,86/0,95/0,102/1,107/2,110/2,119/2,134/2,140/3,145/3,154/3,162/3,168/5,chased,2025
8/1,16/1,23/1,25/1,28/1,31/1,36/1,45/2,52/3,61/3,70/3,75/4,82/5,87/6,96/6,102/6,105/6,108/7,115/7,117/9,11/0,17/0,22/0,24/0,30/0,39/0,39/1,42/1,47/2,54/2,66/2,75/2,84/2,97/3,108/3,116/4,118/4,118/4,118/4,118/4,chased,2025
8/1,11/1,15/2,17/2,21/2,26/2,28/2,29/3,32/3,35/3,42/3,49/4,50/5,51/6,52/7,55/9,57/9,57/10,57/10,57/10,4/0,6/0,12/0,16/2,22/2,32/2,38/2,42/2,45/2,51/2,53/2,55/3,56/4,60/4,60/4,60/4,60/4,60/4,60/4,60/4,chased,2025
8/1,21/2,22/3,24/3,28/3,33/3,36/3,37/3,42/3,57/3,67/3,79/3,84/3,91/3,98/3,109/3,114/3,125/3,129/4,143/6,9/0,18/0,24/0,27/1,36/1,45/1,48/3,54/5,55/5,57/5,63/5,64/7,69/7,74/7,76/8,78/10,78/10,78/10,78/10,78/10,defend,2025
8/1,16/1,17/2,21/2,23/3,24/4,25/4,27/4,31/5,36/5,36/6,45/6,52/6,55/6,58/6,65/6,75/6,78/6,89/7,94/9,7/0,10/0,16/0,16/1,17/2,28/3,30/3,38/3,39/3,45/3,48/4,49/5,52/5,56/5,59/5,64/5,69/5,77/5,80/8,87/9,defend,2025
8/1,20/1,23/2,27/2,36/2,38/2,44/2,51/2,59/2,65/2,82/2,89/2,93/2,96/3,103/3,109/3,122/3,132/4,139/5,145/6,1/0,8/1,11/1,20/1,27/1,35/1,41/1,49/1,54/1,63/1,79/1,89/1,97/1,106/1,116/1,127/1,127/2,134/3,141/4,146/4,chased,2025
8/1,13/1,22/2,24/2,26/3,26/4,35/4,35/4,41/4,42/4,50/4,52/5,55/7,61/8,66/8,67/9,70/9,76/9,76/9,80/10,6/0,6/0,11/0,17/1,22/1,23/1,25/2,29/2,32/3,32/4,35/5,39/5,40/6,43/6,47/6,49/7,53/8,67/8,70/9,73/10,defend,2025
8/1,14/1,19/1,27/1,38/2,43/2,54/2,62/2,64/2,70/2,73/3,84/3,86/3,96/3,114/3,122/3,130/3,136/5,140/7,148/7,5/1,18/1,21/1,28/1,36/1,37/1,45/1,56/1,64/1,72/2,79/2,83/3,84/3,91/3,95/3,104/4,107/5,115/5,119/7,121/8,defend,2025
8/1,14/1,20/1,25/1,35/1,44/2,52/2,65/2,79/2,86/2,91/2,92/2,99/2,111/2,114/2,124/3,134/3,144/4,150/4,154/4,4/0,8/1,14/2,18/2,27/2,39/2,45/3,47/3,49/3,55/3,57/3,59/5,62/7,65/8,65/9,65/10,65/10,65/10,65/10,65/10,defend,2025
8/1,11/2,11/4,18/4,21/4,29/4,38/4,46/4,53/4,63/4,66/4,77/4,86/5,98/5,111/5,123/6,131/6,142/6,152/6,163/6,12/0,16/0,24/1,45/1,50/1,57/2,63/2,67/3,72/3,77/3,83/4,85/5,86/6,88/7,89/9,94/9,104/9,109/9,110/10,110/10,defend,2024
8/1,11/2,21/2,27/2,34/2,41/3,44/3,48/3,59/3,70/4,72/5,73/6,80/6,86/6,92/7,96/7,102/8,113/8,116/10,116/10,5/0,18/0,30/0,39/0,49/0,58/0,67/1,71/2,76/2,83/2,87/2,92/2,94/3,100/3,107/3,112/3,117/3,117/3,117/3,117/3,chased,2023
8/1,14/1,18/1,25/1,41/1,49/2,55/2,70/3,70/3,70/3,70/3,70/3,70/3,70/3,70/3,70/3,70/3,70/3,70/3,70/3,12/0,15/2,18/2,32/2,41/2,45/3,48/3,54/3,54/3,54/3,54/3,54/3,54/3,54/3,54/3,54/3,54/3,54/3,54/3,54/3,defend,2022
8/1,17/2,20/2,22/2,31/2,37/2,43/4,53/4,54/4,63/5,67/6,80/6,83/7,86/7,97/7,99/7,107/7,112/7,123/7,129/8,8/0,12/0,12/0,16/0,22/1,24/1,27/1,29/1,34/1,40/2,48/2,52/3,54/4,64/4,72/4,79/5,86/5,90/6,97/7,101/10,defend,2022
8/1,24/1,28/1,40/1,46/1,48/2,52/2,62/2,69/2,74/2,80/2,87/3,97/3,110/3,115/3,124/3,133/3,139/4,152/6,158/7,1/0,7/0,16/1,24/1,30/1,35/2,41/3,48/3,50/4,51/5,55/5,59/5,62/6,71/6,78/6,84/6,101/6,103/7,112/9,116/10,defend,2020
8/2,11/2,13/2,13/6,14/6,14/6,15/7,16/8,19/9,19/10,19/10,19/10,19/10,19/10,19/10,19/10,19/10,19/10,19/10,19/10,9/0,15/0,21/0,21/0,21/0,21/0,21/0,21/0,21/0,21/0,21/0,21/0,21/0,21/0,21/0,21/0,21/0,21/0,21/0,21/0,chased,2026
9/0,18/0,23/0,34/0,46/0,49/1,51/1,56/3,65/3,73/3,85/3,98/3,104/4,108/4,110/4,121/4,129/4,140/5,151/5,162/6,4/0,14/1,19/1,23/1,31/1,35/1,48/1,56/1,64/1,69/1,83/1,86/2,93/2,109/2,119/2,126/3,136/3,149/3,159/3,163/3,chased,2026
9/0,16/1,19/2,34/2,40/2,50/2,58/2,71/2,78/2,89/2,95/2,106/2,120/3,127/4,139/4,156/4,162/4,167/6,178/6,191/6,4/0,4/1,4/2,5/2,10/2,10/2,11/2,12/2,13/2,14/2,14/2,16/2,18/3,20/3,21/5,23/5,26/6,28/7,30/8,33/8,defend,2026
9/0,10/0,12/0,16/2,23/2,28/2,42/2,46/2,48/2,52/3,57/3,61/3,66/3,67/3,71/3,75/5,79/5,85/5,89/5,96/6,6/0,12/0,15/0,25/0,29/1,36/1,38/2,44/2,46/2,51/2,60/2,69/2,74/2,82/2,86/2,91/2,97/2,97/2,97/2,97/2,chased,2026
9/0,18/0,27/1,30/1,42/1,50/2,63/2,66/2,77/2,89/2,95/2,104/2,114/2,130/2,137/2,147/3,157/3,170/3,180/3,188/4,2/1,2/1,2/1,4/1,9/1,18/2,18/2,18/3,26/3,28/4,31/4,32/4,36/5,40/5,47/5,53/5,56/6,64/6,70/7,72/8,defend,2026
9/0,13/0,17/0,22/0,30/0,36/1,45/1,51/1,57/1,64/2,78/2,83/2,93/2,96/3,107/3,117/3,121/4,127/5,139/5,147/5,4/1,7/2,7/2,8/2,9/2,12/3,13/4,16/4,18/4,19/5,19/6,22/6,23/6,27/6,27/6,28/6,28/7,28/7,29/7,29/7,defend,2026
9/0,18/0,28/0,37/0,40/0,41/1,48/1,48/2,49/3,65/3,70/5,79/5,80/6,83/7,90/7,91/8,93/8,105/8,105/9,106/10,7/0,10/1,13/1,23/1,26/1,27/1,30/2,37/2,41/2,45/2,46/3,49/3,50/3,53/4,56/4,62/4,73/5,84/5,91/6,104/7,defend,2026
9/0,11/0,17/0,17/2,23/2,37/2,42/2,51/3,54/3,64/3,68/3,75/4,82/5,95/6,105/6,111/6,119/6,128/6,134/7,146/7,1/0,14/0,26/0,34/0,42/0,51/1,60/2,66/2,73/2,80/2,91/2,99/2,108/2,114/2,128/2,140/2,150/2,150/2,150/2,150/2,chased,2025
9/0,18/0,26/0,32/1,36/1,40/1,48/1,50/1,58/2,66/2,74/2,77/3,81/4,88/4,92/5,102/5,108/5,117/5,136/5,147/6,2/0,13/0,17/0,21/1,32/1,36/2,39/2,57/2,63/2,71/2,79/2,86/2,93/2,100/2,110/2,118/3,131/3,136/4,148/4,148/4,chased,2025
9/0,16/0,31/0,36/0,41/0,47/0,51/0,51/0,51/0,51/0,51/0,51/0,51/0,51/0,51/0,51/0,51/0,51/0,51/0,51/0,2/0,7/0,14/0,19/1,24/1,34/1,42/3,42/3,42/3,42/3,42/3,42/3,42/3,42/3,42/3,42/3,42/3,42/3,42/3,42/3,defend,2025
9/0,20/0,34/0,45/0,57/1,68/1,75/1,82/3,89/3,99/3,103/3,114/3,122/3,126/3,132/3,140/3,149/3,161/3,166/3,179/3,0/1,2/1,4/2,15/2,18/2,24/3,24/5,25/6,26/7,29/7,29/9,29/9,29/9,29/9,29/9,29/9,29/9,29/9,29/9,29/9,defend,2025
9/0,15/0,22/0,24/0,27/0,30/0,36/0,44/0,55/0,62/0,65/1,70/1,72/2,77/3,82/4,86/4,92/4,95/6,102/7,110/8,3/0,5/0,8/0,12/1,21/1,34/1,39/1,41/1,47/1,49/3,55/4,58/4,62/4,69/4,76/4,82/4,94/4,102/4,106/7,111/7,chased,2025
9/0,14/0,24/0,34/0,41/0,45/0,52/0,63/0,76/0,90/0,107/0,123/0,142/0,154/0,177/0,192/10,192/10,192/10,192/10,192/10,1/2,2/3,6/3,14/3,17/4,22/4,25/4,26/5,27/6,28/8,28/9,29/10,29/10,29/10,29/10,29/10,29/10,29/10,29/10,29/10,defend,2025
9/0,11/0,33/0,45/0,50/1,57/1,68/1,78/1,86/1,103/1,112/1,129/1,140/1,150/1,161/1,172/1,180/2,184/4,208/4,221/4,0/2,5/2,14/3,18/4,24/4,35/5,38/5,45/5,52/6,55/8,55/8,55/8,55/8,55/8,55/8,55/8,55/8,55/8,55/8,55/8,defend,2025
9/0,19/1,21/1,29/1,45/1,46/2,48/2,51/2,61/2,72/2,77/2,89/2,96/3,103/3,110/3,116/4,120/4,128/4,138/4,146/4,5/0,6/0,11/0,12/1,19/1,21/1,32/2,35/3,40/3,43/3,47/4,57/5,64/5,68/5,71/5,73/7,78/7,81/7,85/7,91/8,defend,2025
9/0,16/0,23/0,26/0,34/0,43/1,49/2,60/2,65/2,76/2,79/2,85/2,92/2,98/2,108/2,118/3,127/3,138/3,150/4,164/6,6/0,14/1,27/1,33/1,54/1,63/4,67/4,69/6,71/6,74/6,81/6,84/7,94/8,107/9,109/9,112/9,113/10,113/10,113/10,113/10,defend,2025
9/0,13/2,16/2,16/2,19/2,20/3,21/3,24/3,27/3,30/3,32/4,35/4,36/4,37/4,38/4,40/5,46/7,52/7,56/8,58/8,9/0,15/1,19/2,23/3,25/3,31/3,44/3,50/3,50/3,59/3,59/3,59/3,59/3,59/3,59/3,59/3,59/3,59/3,59/3,59/3,chased,2025
9/0,22/0,28/0,39/0,44/0,48/2,54/2,55/2,58/2,67/2,71/2,75/2,83/2,86/3,94/3,101/4,107/4,111/5,119/5,129/5,2/0,8/0,14/0,16/0,20/0,31/0,34/0,36/0,40/0,46/0,57/0,63/0,68/0,71/1,75/2,84/2,92/3,102/5,105/7,111/8,defend,2025
9/0,19/0,25/0,32/0,42/0,52/0,58/0,67/1,74/1,82/1,98/1,108/1,123/1,134/1,143/1,153/2,165/2,174/3,186/3,197/3,5/0,12/1,20/1,30/1,42/1,45/1,54/1,58/1,63/2,64/5,68/6,71/6,85/6,93/6,100/6,106/6,117/7,124/7,132/8,138/9,defend,2024
9/0,17/0,18/1,26/1,37/1,39/1,51/1,61/1,64/2,71/2,84/2,92/2,103/2,107/3,110/4,117/4,127/4,131/5,143/5,145/7,6/1,15/1,18/1,22/1,29/2,30/3,38/4,40/4,43/4,47/4,52/4,58/4,62/4,66/5,78/5,80/6,87/6,95/6,99/7,101/8,defend,2024
9/0,14/0,19/0,20/0,26/1,34/1,45/1,51/1,56/1,69/1,76/1,87/1,100/1,110/1,118/1,127/1,137/1,142/2,158/2,173/3,9/0,12/1,20/1,25/1,29/2,35/2,41/2,56/2,70/2,75/2,90/2,101/2,107/3,117/3,126/4,138/4,142/5,152/6,158/7,166/7,defend,2024
9/0,13/0,29/0,35/0,43/0,55/0,61/0,67/1,68/2,72/2,75/2,81/2,93/2,98/2,109/3,117/3,123/3,139/3,149/4,160/4,11/0,15/1,19/1,21/1,34/2,43/3,45/3,52/3,55/4,63/4,70/5,74/5,77/6,86/6,88/7,91/8,94/8,99/8,102/10,102/10,defend,2024
9/0,20/1,24/1,34/1,36/1,43/1,50/1,57/2,62/2,70/2,74/3,79/3,85/3,97/3,110/3,117/3,125/3,131/4,142/5,158/5,7/0,14/0,24/0,34/0,37/0,47/0,52/1,58/1,59/1,64/3,70/3,77/4,81/5,86/5,96/5,100/6,107/6,117/7,121/9,126/9,defend,2024
9/0,17/0,20/0,28/1,42/3,53/3,60/4,71/4,76/4,87/4,91/4,106/4,109/4,122/4,136/4,155/4,161/4,178/4,192/4,200/5,15/1,21/1,32/1,36/1,39/2,43/3,47/5,54/5,66/5,75/5,84/5,86/6,93/7,96/9,96/10,96/10,96/10,96/10,96/10,96/10,defend,2024
9/0,19/0,22/1,23/3,31/3,36/3,39/3,43/3,51/3,54/3,58/3,60/3,66/3,72/3,84/3,92/3,98/3,104/3,112/3,119/5,13/0,22/0,24/0,26/0,28/0,32/0,38/0,45/0,47/0,54/0,64/0,72/0,79/0,84/0,91/0,99/0,101/1,103/4,110/4,113/5,defend,2024
9/0,10/0,13/0,19/0,26/0,29/1,37/1,46/1,52/1,59/1,68/1,72/3,79/3,82/4,88/4,101/4,107/4,111/5,116/5,123/7,8/0,9/1,12/1,13/1,18/1,26/1,26/3,29/4,33/5,34/5,37/6,39/6,41/7,42/7,44/10,44/10,44/10,44/10,44/10,44/10,defend,2024
9/0,13/0,23/0,26/1,36/1,40/1,47/1,52/1,64/1,69/2,78/3,81/4,83/5,88/5,97/5,106/5,108/6,116/6,127/7,133/7,1/0,11/0,13/0,18/0,27/0,40/0,41/0,48/1,50/1,55/2,59/3,64/3,74/3,80/3,92/3,99/3,108/5,121/5,131/5,134/5,chased,2024
9/0,13/0,15/2,19/2,29/2,32/3,35/3,40/3,47/4,52/4,58/4,61/5,67/6,73/6,81/7,89/7,92/8,99/8,105/8,107/9,3/0,4/0,10/0,10/0,16/0,23/0,29/0,31/0,38/0,44/0,47/0,55/1,60/1,67/2,81/2,86/3,92/3,100/3,108/3,108/3,chased,2024
9/0,15/0,19/0,31/0,34/0,42/0,51/0,56/0,68/0,76/1,82/1,90/1,99/2,112/2,118/3,118/3,118/3,118/3,118/3,118/3,2/0,9/1,11/1,16/1,24/2,24/3,29/3,30/3,32/3,34/3,39/3,45/3,47/4,51/4,53/4,53/4,53/4,53/4,53/4,53/4,defend,2024
9/0,17/0,17/0,23/0,27/0,32/0,40/0,47/0,50/1,58/1,63/1,71/1,74/1,86/2,92/2,98/2,103/2,107/4,115/5,124/5,6/0,11/0,16/0,17/0,24/0,27/0,30/2,36/2,40/2,40/2,41/3,45/3,48/3,52/3,54/3,58/3,62/3,63/3,68/3,71/3,defend,2024
9/0,20/0,21/1,25/2,27/2,38/2,44/2,56/3,63/3,72/3,82/3,94/3,101/3,104/3,120/3,127/4,136/4,148/4,165/5,174/6,4/1,19/1,30/1,39/1,45/1,60/1,70/1,82/1,86/2,87/3,93/3,105/3,115/3,118/3,123/3,129/4,135/4,145/4,150/5,155/5,defend,2024
9/0,18/0,21/0,27/0,35/0,42/1,47/1,51/1,61/2,67/2,72/2,80/2,80/4,94/5,95/7,101/8,103/9,105/9,105/10,105/10,4/1,20/1,29/1,43/1,53/1,69/1,73/2,77/3,81/3,86/4,89/4,96/4,97/4,103/6,107/6,107/6,107/6,107/6,107/6,107/6,chased,2023
9/0,17/1,20/1,24/1,35/2,40/2,45/2,51/2,62/2,72/2,79/3,89/3,91/3,92/3,96/3,102/4,108/4,119/4,129/4,143/4,4/0,7/0,11/0,20/0,31/0,41/1,48/1,56/1,62/2,65/2,71/2,81/2,84/4,86/5,93/5,99/8,105/9,109/9,112/9,119/9,defend,2023
9/0,11/0,13/1,13/2,13/2,16/2,20/2,25/2,32/2,41/2,45/2,51/2,57/3,66/4,71/6,74/6,76/8,77/9,84/9,84/10,3/1,8/1,14/1,17/1,24/2,34/2,39/2,42/2,49/3,53/3,62/3,69/3,70/3,78/4,81/4,87/4,87/4,87/4,87/4,87/4,chased,2023
9/0,10/0,10/1,10/2,14/2,16/2,23/2,29/2,33/3,36/3,42/4,44/5,47/5,56/5,60/6,66/6,75/6,79/6,81/7,83/10,4/0,6/1,9/2,11/3,11/3,11/4,17/4,21/4,25/4,28/5,30/6,42/6,44/7,48/8,50/9,53/10,53/10,53/10,53/10,53/10,defend,2023
9/0,20/0,31/0,40/0,45/1,55/1,61/1,78/1,87/1,99/1,115/1,127/1,130/1,136/1,142/1,148/3,165/3,175/3,195/4,204/4,5/2,10/2,14/2,25/2,26/4,28/5,28/6,31/7,31/10,31/10,31/10,31/10,31/10,31/10,31/10,31/10,31/10,31/10,31/10,31/10,defend,2023
9/0,23/0,29/0,33/1,41/1,43/1,53/1,57/2,68/2,72/3,84/4,93/4,96/4,102/4,106/6,113/6,117/7,126/7,137/7,139/9,2/1,4/1,6/2,7/2,11/2,13/4,15/4,16/5,18/7,19/8,19/9,21/9,25/9,27/9,28/9,28/10,28/10,28/10,28/10,28/10,defend,2023
9/0,13/1,16/3,20/3,25/3,29/3,39/3,48/4,53/4,60/5,72/5,80/5,93/5,98/5,103/5,109/5,118/5,121/6,130/6,142/6,6/0,11/0,19/0,30/0,49/0,55/1,62/1,75/1,78/2,90/2,96/2,99/2,108/2,115/2,125/2,131/2,146/2,146/2,146/2,146/2,chased,2022
9/0,11/0,18/0,21/0,33/0,43/0,46/1,51/1,52/2,58/2,62/2,65/2,75/2,78/2,78/5,81/6,87/6,94/7,97/8,100/10,6/0,11/0,12/1,12/2,14/2,16/2,22/3,30/3,38/4,44/4,46/4,47/5,50/5,52/5,58/7,60/7,64/8,72/8,81/8,92/8,defend,2022
9/0,9/0,18/0,22/1,30/1,35/1,41/1,43/1,49/2,53/2,56/2,64/2,66/3,68/3,75/3,80/4,84/5,89/6,97/7,106/7,13/0,21/0,29/1,40/1,42/1,50/1,54/1,57/1,65/1,72/1,84/1,91/1,94/1,101/2,107/2,107/2,107/2,107/2,107/2,107/2,chased,2022
9/0,17/0,28/0,31/0,32/2,34/3,40/3,46/3,48/3,52/3,55/3,59/3,69/3,73/3,78/4,87/6,87/7,93/8,99/8,104/8,2/0,7/0,14/1,21/1,34/1,35/2,36/4,36/5,37/8,37/8,39/8,39/9,44/9,52/9,52/9,56/9,59/9,66/9,74/9,79/10,defend,2022
9/0,16/0,20/0,27/0,39/0,49/0,55/0,60/0,70/0,80/0,88/1,92/2,103/2,110/2,117/2,129/2,134/3,143/3,152/3,164/3,3/0,5/0,6/1,7/3,12/4,13/5,18/5,20/5,23/5,26/5,29/6,30/7,30/7,32/8,32/10,32/10,32/10,32/10,32/10,32/10,defend,2022
9/0,16/0,27/0,28/1,34/2,41/2,44/2,50/2,56/3,59/3,68/3,71/4,79/4,89/4,94/4,98/6,110/6,121/6,134/7,152/7,2/0,4/1,7/1,13/2,15/2,16/3,23/3,30/4,34/5,43/5,48/5,51/6,55/6,60/6,62/6,66/6,72/6,76/7,80/7,89/7,defend,2022
9/0,12/0,20/0,22/0,30/0,36/1,40/2,44/2,57/2,59/3,62/3,63/3,69/3,84/5,88/5,95/5,104/6,111/6,126/7,134/8,2/0,6/0,6/1,8/1,13/2,15/2,18/2,30/2,35/2,42/2,45/4,46/4,56/4,63/5,70/6,80/7,82/8,84/8,93/9,93/9,defend,2021
9/0,13/0,21/0,26/1,28/2,31/2,38/2,43/2,45/3,50/3,56/3,60/3,66/3,69/3,75/4,88/4,98/4,109/5,115/7,123/8,3/0,5/0,6/1,10/1,21/1,26/1,32/1,38/1,47/1,54/1,58/1,66/1,70/1,74/1,85/1,90/2,91/3,105/3,115/4,124/4,chased,2020
9/0,14/0,25/0,29/0,39/0,49/0,60/0,70/0,86/0,98/0,113/0,120/0,131/0,143/0,149/0,163/0,174/0,178/0,190/0,198/0,2/0,3/1,5/1,7/1,12/2,13/2,15/2,20/2,22/2,26/2,31/2,31/3,37/3,40/3,40/7,55/7,56/7,59/7,59/8,61/9,defend,2020
9/1,13/2,19/2,21/2,30/2,32/3,40/4,42/4,46/5,53/6,60/6,66/6,68/7,76/7,78/7,89/7,99/7,107/8,113/9,113/10,4/2,4/2,4/2,14/2,14/2,14/2,18/2,19/3,21/4,24/4,26/4,32/4,33/4,36/4,44/4,46/4,51/5,57/5,60/7,62/8,defend,2026
9/1,13/1,19/1,19/2,23/2,34/3,37/4,38/6,41/6,42/6,58/6,63/6,64/6,67/6,73/7,75/7,78/7,86/7,93/7,98/8,2/0,3/0,11/1,18/2,21/4,25/4,30/4,33/6,41/7,46/8,46/10,46/10,46/10,46/10,46/10,46/10,46/10,46/10,46/10,46/10,defend,2026
9/1,19/1,23/2,26/2,27/3,28/3,31/3,35/3,46/3,53/4,56/4,58/4,63/5,66/6,68/6,69/7,74/8,78/8,88/8,92/10,3/0,7/0,10/1,20/1,23/1,23/1,32/1,39/1,44/1,47/2,49/2,51/2,56/3,61/4,71/4,71/4,71/4,71/4,71/4,71/4,chased,2025
9/1,15/2,15/3,19/4,22/4,25/4,26/5,37/5,40/6,46/7,48/7,56/7,59/8,64/9,66/10,66/10,66/10,66/10,66/10,66/10,3/0,8/0,16/0,27/0,32/0,35/0,44/0,46/0,51/0,55/0,63/0,67/0,67/0,67/0,67/0,67/0,67/0,67/0,67/0,67/0,chased,2025
9/1,10/1,16/2,22/2,23/2,28/2,33/2,34/2,37/2,42/3,46/4,47/4,50/4,53/5,54/6,60/6,65/6,74/6,80/6,93/7,4/0,11/0,13/0,23/0,35/0,40/0,43/0,48/0,67/0,81/0,90/0,94/0,94/0,94/0,94/0,94/0,94/0,94/0,94/0,94/0,chased,2024
9/1,17/1,30/1,41/1,43/1,52/1,61/1,63/2,71/2,81/2,88/3,93/4,100/4,106/5,106/5,106/5,106/5,106/5,106/5,106/5,5/1,14/1,17/2,24/3,29/3,41/3,46/3,51/4,61/4,76/4,88/5,93/5,104/5,108/5,108/5,108/5,108/5,108/5,108/5,108/5,chased,2024
9/1,10/1,15/1,25/1,34/1,38/1,49/1,51/1,55/1,60/1,68/1,75/1,85/1,91/1,100/1,106/1,116/1,127/2,134/2,144/4,3/1,13/1,17/2,20/2,21/2,33/2,37/2,39/2,41/3,48/3,49/4,54/4,61/4,68/4,88/4,95/4,106/4,114/4,118/5,129/6,defend,2022
